ureth engine.persistence-threshold=64 blocks (D2C replay visibility)
ureth-pin: verified /Users/risto/uni/agre/ureth/target/release/unicity-reth reports the pinned commit 32e1f2fc769dfeddc18dce600e82331c8ed6279e
bft source commit=bdb1b9dddd39a3d624d53108c6157d04830ca551
ureth source commit=32e1f2fc769dfeddc18dce600e82331c8ed6279e binary sha256=112234b775cf674c253e603a5d095634ce6aea88143451a1d459156dca6fd936
registry artifact sha256=56b21b59e7a67e5d5113283e5b9b44279f02e95abb0a7a3dbed0478c876e61a9
=== 1. generate the shard topology and chain spec ===
generated genesis sha256=88dd1b94b182d60eb8a02ed36fa8f807d4fad1263b1d03a6e035c665538922d6
funded genesis source sha256=6c5eaefe3da6f5751ae1106273327db1931936d34761879c19032bdb3e863dfa
wrote test-nodes/evm-genesis-finalized-funded.json (chainId=31337, shanghai+cancun at genesis, registry account at 0xff00000000000000000000000000000000000002)
wrote test-nodes/evm-full-shard-conf-v2.json (full shard configuration)
full shard conf hash:       0x8d32e8b5dcaecf36b2077d10b3e4ded1d55bd1f294a501fec923f645e0e89638
state root:                 0xc2e68accc1945db72d2ef91bcf86ab7aa2e8732630afd4557ab212b25a8fc51c
block hash:                 0x620bdd4d1d0f57054e10ff4c570b0be3ec896ee98a100ea5d717cc948e458947
execution config identity:  0x789e09cf2fe624921fc5cc0680ab81af67198403770a0edad001cacee5b63104
origin identity:            0xe5bc2f3f66c99bb55e1babf2bd5075cd192a52c16b04452a353b975aabcd2142
finalized funded genesis sha256=02a0eea34a23de8301f484cdf4d8269b5a5fea966e2a40bd6c8216efe9a01633
enrolled 4 independent signing authorities against the full shard configuration

=== 2. start one reth per validator on that chain spec ===
curl: (7) Failed to connect to 127.0.0.1:18645 after 0 ms: Could not connect to server
curl: (28) Connection timed out after 1001 milliseconds
curl: (28) Connection timed out after 1002 milliseconds
curl: (28) Connection timed out after 1002 milliseconds
curl: (28) Connection timed out after 1000 milliseconds
curl: (28) Connection timed out after 1000 milliseconds
curl: (28) Connection timed out after 1001 milliseconds
curl: (28) Connection timed out after 1001 milliseconds
curl: (28) Connection timed out after 1001 milliseconds
curl: (28) Connection timed out after 1001 milliseconds
curl: (28) Connection timed out after 1001 milliseconds
curl: (28) Connection timed out after 1000 milliseconds
curl: (28) Connection timed out after 1001 milliseconds
curl: (28) Connection timed out after 1001 milliseconds
curl: (28) Connection timed out after 1002 milliseconds
curl: (28) Connection timed out after 1000 milliseconds
curl: (28) Connection timed out after 1001 milliseconds
curl: (28) Connection timed out after 1001 milliseconds
curl: (28) Connection timed out after 1001 milliseconds
curl: (28) Connection timed out after 1002 milliseconds
curl: (28) Connection timed out after 1000 milliseconds
curl: (28) Connection timed out after 1001 milliseconds
curl: (28) Connection timed out after 1000 milliseconds
curl: (28) Connection timed out after 1002 milliseconds
curl: (28) Connection timed out after 1000 milliseconds
curl: (28) Connection timed out after 1002 milliseconds
curl: (28) Connection timed out after 1000 milliseconds
curl: (28) Connection timed out after 1000 milliseconds
D2C proof proxy routes validator 1 HTTP RPC through 127.0.0.1:18645
  PASS: all 4 reth instances are up on the shard's generated chain spec
  PASS: reth instances statically peered

=== 3. doctor preflight detects chainId mismatch and unreachable Engine API ===
D2C mode: skipping unrelated startup negatives; the execution lane starts in section 4

=== 4. configure the checked v2 origin and seed the block-1 transaction ===
  paid nonce 0 hash=0x7ea8b9b57b6e4b7a4cdf2bfbcbb8008a8076ed0a85a0d49d4a5bef2e4ac8afe9 seeded on all 4 reth clients
  paid nonce 1 hash=0x7126d65f2a9b02fad6e2117696766001181ca1dea65ca23282119276dca599ab seeded on all 4 reth clients
  paid nonce 2 hash=0xcbed419397f5dfbf48bd0e96c102dc0f8f6ad116ab56874e5d5cc7f29510c329 seeded on all 4 reth clients
  PASS: seeded three paid user transactions in every reth mempool before block 1

=== 5. the v2 bootstrap certifies a real EVM block 1 ===
waiting for block 1 and a certificate (up to 180s) ...
  PASS: real reth executed 0x7ea8b9b57b6e4b7a4cdf2bfbcbb8008a8076ed0a85a0d49d4a5bef2e4ac8afe9 in certified v2 block 1

=== 6. D1 continuous certified execution through block 10 ===
timing: witness attempt=400ms episode=500ms, T2=5000ms, proof window=64 blocks
height hash parent stateRoot commitment txs heads partitionRound rootRound elapsed_s
1 0x574b2a02c9251cfffad4f4a4af7fd8d493da140ea988cda502b76e16a05f4630 0x620bdd4d1d0f57054e10ff4c570b0be3ec896ee98a100ea5d717cc948e458947 0xf714011468395913c5bb75661b667ea757d150626c5ce4cfb12840b8e52d770b 0x81f6a41e9dc56ca53f68157436b5f12c1cdb3dc893e0bceb95b22ecab11febbe 3 1,1,1,1 1 12 0.027
v2 B1 bytes=8b02030841800100005820620bdd4d1d0f57054e10ff4c570b0be3ec896ee98a100ea5d717cc948e458947880302011a6ab4003f582092f25b5c901983106aecc1ba10608f7f88664a8d8053e675d4c54f9c4db7e14b860000f6f600f658209f9044af1f2cfbf84e7cde711cafb96799bb07190d0abca65ddfd7f4cf7041ed58208d32e8b5dcaecf36b2077d10b3e4ded1d55bd1f294a501fec923f645e0e89638850100783531365569753248416d3377476765617a4e5746664c565575754764675a4d3279456f686269324237386d6b313869376e5935735250582024ee26f4aa45485f53aab47757d0b97199a3d95f50cb979c383b7e5024f921ff5820840932c4f0b77d402a619ae0f6edbbcf689d4feab957332832d041d70fdc269280 (same on all four validators)
2 0x89f825b091d84c621c6d11e89c7388bc88d6ade59c62afa386eef80abf0bda4b 0x574b2a02c9251cfffad4f4a4af7fd8d493da140ea988cda502b76e16a05f4630 0x300195685c1a30df2f8f05e47bb3cdcf41f3df907674d272c0632d96093a944f 0x1037a343b3412b1d5ba222209f0d348c50068a7bdaf632b5599972acba4f56cc 0 2,2,2,2 2 15 1.576
v2 B2 bytes=8b02030841800200005820574b2a02c9251cfffad4f4a4af7fd8d493da140ea988cda502b76e16a05f463088030c011a6ab400475820f52a1ae1e3403bbccad2ba0757804a5b49f1a385683383a9fb1d4558a86cd224860100f65820f714011468395913c5bb75661b667ea757d150626c5ce4cfb12840b8e52d770b1a6ab4003f5820574b2a02c9251cfffad4f4a4af7fd8d493da140ea988cda502b76e16a05f463058202d6325079d2aabc9a69465b2b198fe9152c7d80dc8816bfc01f881bf1529df5f58208d32e8b5dcaecf36b2077d10b3e4ded1d55bd1f294a501fec923f645e0e89638850200783531365569753248416d39663265667654584c54695a66454b4a33726b6731354859594b5a4a686d39515a53634e53674768746631735820f9a491e461c1646fbec0508060b2d1d95bd81b1d8898ae5f17a4a0205d5a99f85820840932c4f0b77d402a619ae0f6edbbcf689d4feab957332832d041d70fdc269280 (same on all four validators)
3 0x0f46f79d69bf007d41275c9a5641af254a8118decefb1e918ef3f8ecbddd5685 0x89f825b091d84c621c6d11e89c7388bc88d6ade59c62afa386eef80abf0bda4b 0xa464bebef010249de461f2b302b6ee362084aaf671ab57ea14a9dce702ecc067 0xb6da51b2aa863660d9f4072178ff16f9d1e135f37d23674566649ca5482806e2 0 3,3,3,3 3 18 3.625
v2 B3 bytes=8b0203084180030000582089f825b091d84c621c6d11e89c7388bc88d6ade59c62afa386eef80abf0bda4b88030f011a6ab400495820d5b5ffb06ff542e3188d97c0d1ee97d5835abe727efd4050b553123d45a039688602005820f714011468395913c5bb75661b667ea757d150626c5ce4cfb12840b8e52d770b5820300195685c1a30df2f8f05e47bb3cdcf41f3df907674d272c0632d96093a944f1a6ab40047582089f825b091d84c621c6d11e89c7388bc88d6ade59c62afa386eef80abf0bda4b582010eedab19768c5594515f48279acab47e64b39554b94f9c9ee45123deda3a6c358208d32e8b5dcaecf36b2077d10b3e4ded1d55bd1f294a501fec923f645e0e89638850300783531365569753248416d54746f4473776533796f36597153455835514554645735366877334248437338633361316e7037684656745258203550e72d57446df75d02c477acd02561ade1cd1d541d4167ff42b0d4fa4b5b4a5820840932c4f0b77d402a619ae0f6edbbcf689d4feab957332832d041d70fdc269280 (same on all four validators)
4 0xe6b430ac086018de99b3762d87695872126d113843f7ae1daab6de04d0b75b33 0x0f46f79d69bf007d41275c9a5641af254a8118decefb1e918ef3f8ecbddd5685 0x18c4250514652c9fd7c1ffda73ef34d28b8c4ed38f26ee94982bf4bef0379b87 0x45b89e089917d40cd9d01d7af135ddc98c4336cc5bd88c74a71713af3c9b62a3 0 4,4,4,4 4 21 6.217
v2 B4 bytes=8b020308418004000058200f46f79d69bf007d41275c9a5641af254a8118decefb1e918ef3f8ecbddd5685880312011a6ab4004c582043092b00393b8743ff6873fcb723717900c81ab2bc3f1894380d8b5112d676ed8603005820300195685c1a30df2f8f05e47bb3cdcf41f3df907674d272c0632d96093a944f5820a464bebef010249de461f2b302b6ee362084aaf671ab57ea14a9dce702ecc0671a6ab4004958200f46f79d69bf007d41275c9a5641af254a8118decefb1e918ef3f8ecbddd56855820c78953a7091a01e6401a2d7abb836e8d238939d9267d3495a2636381769ca83658208d32e8b5dcaecf36b2077d10b3e4ded1d55bd1f294a501fec923f645e0e89638850400783531365569753248416d3377476765617a4e5746664c565575754764675a4d3279456f686269324237386d6b313869376e59357352505820df138922fe56eb9f0fee32c478a628c4949c828c676c81bfa28da37bcc2301b55820840932c4f0b77d402a619ae0f6edbbcf689d4feab957332832d041d70fdc269280 (same on all four validators)
5 0x6c201daf0c7c49af62221c126226d8ec0f34ac109161bee236805815e280ac7a 0xe6b430ac086018de99b3762d87695872126d113843f7ae1daab6de04d0b75b33 0x0aad921925e6a36c086b8a0a5ab3657cc66227f9c8a3df48b8b0663811d78a7f 0xbb31e617ad5fc15957000cb9dc2fb6406d2779537ffed79fa7d77a73612c797a 0 5,5,5,5 5 25 8.771
v2 B5 bytes=8b02030841800500005820e6b430ac086018de99b3762d87695872126d113843f7ae1daab6de04d0b75b33880315011a6ab4004e582005a2bb996e1b05a70be330dfb6efa49d161db1ebd8a9abf862871b57e738b85c8604005820a464bebef010249de461f2b302b6ee362084aaf671ab57ea14a9dce702ecc067582018c4250514652c9fd7c1ffda73ef34d28b8c4ed38f26ee94982bf4bef0379b871a6ab4004c5820e6b430ac086018de99b3762d87695872126d113843f7ae1daab6de04d0b75b335820407ae5bdf13ce56dc9d4a9076a46ec265e3824b4f2adc51ff17c80103b11b96058208d32e8b5dcaecf36b2077d10b3e4ded1d55bd1f294a501fec923f645e0e89638850500783531365569753248416d39663265667654584c54695a66454b4a33726b6731354859594b5a4a686d39515a53634e5367476874663173582070aea2a70153f34fb875c16c8a8a529b5b6ea81b75116571c9990e665b7b55bd5820840932c4f0b77d402a619ae0f6edbbcf689d4feab957332832d041d70fdc269280 (same on all four validators)
D2C[proof-outage] dropped proof RPC methods for 10s
D2C[proof-outage] restored forwarding after 2 dropped proof calls
6 0x515f3e441d4acc332250192eb9cf68d1347f5d47ace697935287c67c70bf835e 0x6c201daf0c7c49af62221c126226d8ec0f34ac109161bee236805815e280ac7a 0x2a78d4ef47dda68e399eee7716025d778db6bcfd4adb8bddb20a1dc38904c56a 0xfda83b95f83ab07b1909250244d66c4a5df9e3db4f9199a2916bf8f5f7cf8185 0 6,9,9,9 6 28 19.453
v2 B6 bytes=8b020308418006000058206c201daf0c7c49af62221c126226d8ec0f34ac109161bee236805815e280ac7a88031819011a6ab40051582082582773343ad2c72529a5dea702bd38730e781a5fa4f64dbab024a6293984aa860500582018c4250514652c9fd7c1ffda73ef34d28b8c4ed38f26ee94982bf4bef0379b8758200aad921925e6a36c086b8a0a5ab3657cc66227f9c8a3df48b8b0663811d78a7f1a6ab4004e58206c201daf0c7c49af62221c126226d8ec0f34ac109161bee236805815e280ac7a58200316a4b5c5b86312363007d22cff359d22deae95e768812cb650a0b76e32e54358208d32e8b5dcaecf36b2077d10b3e4ded1d55bd1f294a501fec923f645e0e89638850600783531365569753248416d3377476765617a4e5746664c565575754764675a4d3279456f686269324237386d6b313869376e59357352505820fd51768dcd18e831f34fe87e3b8dfbfbcf6c1ee3d87c89f490053dc95657d3e25820840932c4f0b77d402a619ae0f6edbbcf689d4feab957332832d041d70fdc269280 (same on all four validators)
D1 FAIL: stalled before height 7; heads=[6, 48, 48, 48]
--- evm1 ---
time=2026-09-23T19:40:42.1706+0300 level=WARN source=/Users/risto/uni/agre/bft-core-d2h/shardnode/round.go:1394 msg="executor head diverges from certified state — attempting recovery via Commit before giving up" executorHead=2a78d4ef47dda68e399eee7716025d778db6bcfd4adb8bddb20a1dc38904c56a certifiedStateRoot=baff5686475399edfe181a0c22b8e643243a56b13833d4abaa85cb0f116cde48 recoveryBlockHash=937805f1d014b5b93c783fe6f14d2a28e1a937ca77ac8a297c3f455ea404f134 anchorRound=54 targetFromQuietInterval=false go_id=348
time=2026-09-23T19:40:42.1910+0300 level=ERROR source=/Users/risto/uni/agre/bft-core-d2h/shardnode/bftclient.go:496 msg="processing certification response" err="shardnode: certified block 937805f1d014b5b93c783fe6f14d2a28e1a937ca77ac8a297c3f455ea404f134 is unavailable in the executor (status syncing) — cannot build round 55 yet; retaining the anchor and retrying on the next certificate" go_id=348
time=2026-09-23T19:40:42.2330+0300 level=INFO source=/Users/risto/uni/agre/bft-core-d2h/shardnode/bftclient.go:750 msg="accepted certificate" class=duplicate retryOfFailedApply=true partitionRound=54 rootRound=274 blockHash=937805f1d014b5b93c783fe6f14d2a28e1a937ca77ac8a297c3f455ea404f134 nextRound=55 nextLeader=16Uiu2HAm9f2efvTXLTiZfEKJ3rkg15HYYKZJhm9QZScNSgGhtf1s go_id=348
time=2026-09-23T19:40:42.2759+0300 level=WARN source=/Users/risto/uni/agre/bft-core-d2h/shardnode/round.go:1394 msg="executor head diverges from certified state — attempting recovery via Commit before giving up" executorHead=2a78d4ef47dda68e399eee7716025d778db6bcfd4adb8bddb20a1dc38904c56a certifiedStateRoot=baff5686475399edfe181a0c22b8e643243a56b13833d4abaa85cb0f116cde48 recoveryBlockHash=937805f1d014b5b93c783fe6f14d2a28e1a937ca77ac8a297c3f455ea404f134 anchorRound=54 targetFromQuietInterval=false go_id=348
time=2026-09-23T19:40:42.2962+0300 level=ERROR source=/Users/risto/uni/agre/bft-core-d2h/shardnode/bftclient.go:496 msg="processing certification response" err="shardnode: certified block 937805f1d014b5b93c783fe6f14d2a28e1a937ca77ac8a297c3f455ea404f134 is unavailable in the executor (status syncing) — cannot build round 55 yet; retaining the anchor and retrying on the next certificate" go_id=348
time=2026-09-23T19:40:42.3806+0300 level=INFO source=/Users/risto/uni/agre/bft-core-d2h/shardnode/bftclient.go:750 msg="accepted certificate" class=duplicate retryOfFailedApply=true partitionRound=54 rootRound=274 blockHash=937805f1d014b5b93c783fe6f14d2a28e1a937ca77ac8a297c3f455ea404f134 nextRound=55 nextLeader=16Uiu2HAm9f2efvTXLTiZfEKJ3rkg15HYYKZJhm9QZScNSgGhtf1s go_id=348
time=2026-09-23T19:40:42.4035+0300 level=WARN source=/Users/risto/uni/agre/bft-core-d2h/shardnode/round.go:1394 msg="executor head diverges from certified state — attempting recovery via Commit before giving up" executorHead=2a78d4ef47dda68e399eee7716025d778db6bcfd4adb8bddb20a1dc38904c56a certifiedStateRoot=baff5686475399edfe181a0c22b8e643243a56b13833d4abaa85cb0f116cde48 recoveryBlockHash=937805f1d014b5b93c783fe6f14d2a28e1a937ca77ac8a297c3f455ea404f134 anchorRound=54 targetFromQuietInterval=false go_id=348
time=2026-09-23T19:40:42.4386+0300 level=ERROR source=/Users/risto/uni/agre/bft-core-d2h/shardnode/bftclient.go:496 msg="processing certification response" err="shardnode: certified block 937805f1d014b5b93c783fe6f14d2a28e1a937ca77ac8a297c3f455ea404f134 is unavailable in the executor (status syncing) — cannot build round 55 yet; retaining the anchor and retrying on the next certificate" go_id=348
time=2026-09-23T19:40:42.4754+0300 level=INFO source=/Users/risto/uni/agre/bft-core-d2h/shardnode/bftclient.go:750 msg="accepted certificate" class=duplicate retryOfFailedApply=true partitionRound=54 rootRound=274 blockHash=937805f1d014b5b93c783fe6f14d2a28e1a937ca77ac8a297c3f455ea404f134 nextRound=55 nextLeader=16Uiu2HAm9f2efvTXLTiZfEKJ3rkg15HYYKZJhm9QZScNSgGhtf1s go_id=348
time=2026-09-23T19:40:42.5150+0300 level=WARN source=/Users/risto/uni/agre/bft-core-d2h/shardnode/round.go:1394 msg="executor head diverges from certified state — attempting recovery via Commit before giving up" executorHead=2a78d4ef47dda68e399eee7716025d778db6bcfd4adb8bddb20a1dc38904c56a certifiedStateRoot=baff5686475399edfe181a0c22b8e643243a56b13833d4abaa85cb0f116cde48 recoveryBlockHash=937805f1d014b5b93c783fe6f14d2a28e1a937ca77ac8a297c3f455ea404f134 anchorRound=54 targetFromQuietInterval=false go_id=348
time=2026-09-23T19:40:42.5344+0300 level=ERROR source=/Users/risto/uni/agre/bft-core-d2h/shardnode/bftclient.go:496 msg="processing certification response" err="shardnode: certified block 937805f1d014b5b93c783fe6f14d2a28e1a937ca77ac8a297c3f455ea404f134 is unavailable in the executor (status syncing) — cannot build round 55 yet; retaining the anchor and retrying on the next certificate" go_id=348
time=2026-09-23T19:40:42.5711+0300 level=INFO source=/Users/risto/uni/agre/bft-core-d2h/shardnode/bftclient.go:750 msg="accepted certificate" class=duplicate retryOfFailedApply=true partitionRound=54 rootRound=274 blockHash=937805f1d014b5b93c783fe6f14d2a28e1a937ca77ac8a297c3f455ea404f134 nextRound=55 nextLeader=16Uiu2HAm9f2efvTXLTiZfEKJ3rkg15HYYKZJhm9QZScNSgGhtf1s go_id=348
time=2026-09-23T19:40:42.5951+0300 level=WARN source=/Users/risto/uni/agre/bft-core-d2h/shardnode/round.go:1394 msg="executor head diverges from certified state — attempting recovery via Commit before giving up" executorHead=2a78d4ef47dda68e399eee7716025d778db6bcfd4adb8bddb20a1dc38904c56a certifiedStateRoot=baff5686475399edfe181a0c22b8e643243a56b13833d4abaa85cb0f116cde48 recoveryBlockHash=937805f1d014b5b93c783fe6f14d2a28e1a937ca77ac8a297c3f455ea404f134 anchorRound=54 targetFromQuietInterval=false go_id=348
time=2026-09-23T19:40:42.6144+0300 level=ERROR source=/Users/risto/uni/agre/bft-core-d2h/shardnode/bftclient.go:496 msg="processing certification response" err="shardnode: certified block 937805f1d014b5b93c783fe6f14d2a28e1a937ca77ac8a297c3f455ea404f134 is unavailable in the executor (status syncing) — cannot build round 55 yet; retaining the anchor and retrying on the next certificate" go_id=348
time=2026-09-23T19:40:42.6502+0300 level=INFO source=/Users/risto/uni/agre/bft-core-d2h/shardnode/bftclient.go:750 msg="accepted certificate" class=duplicate retryOfFailedApply=true partitionRound=54 rootRound=274 blockHash=937805f1d014b5b93c783fe6f14d2a28e1a937ca77ac8a297c3f455ea404f134 nextRound=55 nextLeader=16Uiu2HAm9f2efvTXLTiZfEKJ3rkg15HYYKZJhm9QZScNSgGhtf1s go_id=348
time=2026-09-23T19:40:42.6732+0300 level=WARN source=/Users/risto/uni/agre/bft-core-d2h/shardnode/round.go:1394 msg="executor head diverges from certified state — attempting recovery via Commit before giving up" executorHead=2a78d4ef47dda68e399eee7716025d778db6bcfd4adb8bddb20a1dc38904c56a certifiedStateRoot=baff5686475399edfe181a0c22b8e643243a56b13833d4abaa85cb0f116cde48 recoveryBlockHash=937805f1d014b5b93c783fe6f14d2a28e1a937ca77ac8a297c3f455ea404f134 anchorRound=54 targetFromQuietInterval=false go_id=348
time=2026-09-23T19:40:42.7303+0300 level=ERROR source=/Users/risto/uni/agre/bft-core-d2h/shardnode/bftclient.go:496 msg="processing certification response" err="shardnode: certified block 937805f1d014b5b93c783fe6f14d2a28e1a937ca77ac8a297c3f455ea404f134 is unavailable in the executor (status syncing) — cannot build round 55 yet; retaining the anchor and retrying on the next certificate" go_id=348
time=2026-09-23T19:40:44.4749+0300 level=INFO source=/Users/risto/uni/agre/bft-core-d2h/shardnode/bftclient.go:750 msg="accepted certificate" class=valid retryOfFailedApply=false partitionRound=55 rootRound=277 blockHash=8beff2f30a3cbf0d56e38a9e465249f41ac60949db40a679581670cb3c3d5648 nextRound=56 nextLeader=16Uiu2HAm3wGgeazNWFfLVUuuGdgZM2yEohbi2B78mk18i7nY5sRP go_id=348
time=2026-09-23T19:40:44.5253+0300 level=WARN source=/Users/risto/uni/agre/bft-core-d2h/shardnode/round.go:1394 msg="executor head diverges from certified state — attempting recovery via Commit before giving up" executorHead=2a78d4ef47dda68e399eee7716025d778db6bcfd4adb8bddb20a1dc38904c56a certifiedStateRoot=18d4591a6853cd857e1d4d5aca2f82c2dbe4e0b17f828ca01eb0b43ddd6d4980 recoveryBlockHash=8beff2f30a3cbf0d56e38a9e465249f41ac60949db40a679581670cb3c3d5648 anchorRound=55 targetFromQuietInterval=false go_id=348
time=2026-09-23T19:40:44.5491+0300 level=ERROR source=/Users/risto/uni/agre/bft-core-d2h/shardnode/bftclient.go:496 msg="processing certification response" err="shardnode: certified block 8beff2f30a3cbf0d56e38a9e465249f41ac60949db40a679581670cb3c3d5648 is unavailable in the executor (status syncing) — cannot build round 56 yet; retaining the anchor and retrying on the next certificate" go_id=348
time=2026-09-23T19:40:44.5785+0300 level=INFO source=/Users/risto/uni/agre/bft-core-d2h/shardnode/bftclient.go:750 msg="accepted certificate" class=duplicate retryOfFailedApply=true partitionRound=55 rootRound=277 blockHash=8beff2f30a3cbf0d56e38a9e465249f41ac60949db40a679581670cb3c3d5648 nextRound=56 nextLeader=16Uiu2HAm3wGgeazNWFfLVUuuGdgZM2yEohbi2B78mk18i7nY5sRP go_id=348
time=2026-09-23T19:40:44.6168+0300 level=WARN source=/Users/risto/uni/agre/bft-core-d2h/shardnode/round.go:1394 msg="executor head diverges from certified state — attempting recovery via Commit before giving up" executorHead=2a78d4ef47dda68e399eee7716025d778db6bcfd4adb8bddb20a1dc38904c56a certifiedStateRoot=18d4591a6853cd857e1d4d5aca2f82c2dbe4e0b17f828ca01eb0b43ddd6d4980 recoveryBlockHash=8beff2f30a3cbf0d56e38a9e465249f41ac60949db40a679581670cb3c3d5648 anchorRound=55 targetFromQuietInterval=false go_id=348
time=2026-09-23T19:40:44.6367+0300 level=ERROR source=/Users/risto/uni/agre/bft-core-d2h/shardnode/bftclient.go:496 msg="processing certification response" err="shardnode: certified block 8beff2f30a3cbf0d56e38a9e465249f41ac60949db40a679581670cb3c3d5648 is unavailable in the executor (status syncing) — cannot build round 56 yet; retaining the anchor and retrying on the next certificate" go_id=348
time=2026-09-23T19:40:44.6954+0300 level=INFO source=/Users/risto/uni/agre/bft-core-d2h/shardnode/bftclient.go:750 msg="accepted certificate" class=duplicate retryOfFailedApply=true partitionRound=55 rootRound=277 blockHash=8beff2f30a3cbf0d56e38a9e465249f41ac60949db40a679581670cb3c3d5648 nextRound=56 nextLeader=16Uiu2HAm3wGgeazNWFfLVUuuGdgZM2yEohbi2B78mk18i7nY5sRP go_id=348
time=2026-09-23T19:40:44.7006+0300 level=WARN source=/Users/risto/uni/agre/bft-core-d2h/shardnode/round.go:1394 msg="executor head diverges from certified state — attempting recovery via Commit before giving up" executorHead=2a78d4ef47dda68e399eee7716025d778db6bcfd4adb8bddb20a1dc38904c56a certifiedStateRoot=18d4591a6853cd857e1d4d5aca2f82c2dbe4e0b17f828ca01eb0b43ddd6d4980 recoveryBlockHash=8beff2f30a3cbf0d56e38a9e465249f41ac60949db40a679581670cb3c3d5648 anchorRound=55 targetFromQuietInterval=false go_id=348
time=2026-09-23T19:40:44.7253+0300 level=ERROR source=/Users/risto/uni/agre/bft-core-d2h/shardnode/bftclient.go:496 msg="processing certification response" err="shardnode: certified block 8beff2f30a3cbf0d56e38a9e465249f41ac60949db40a679581670cb3c3d5648 is unavailable in the executor (status syncing) — cannot build round 56 yet; retaining the anchor and retrying on the next certificate" go_id=348
time=2026-09-23T19:40:44.7505+0300 level=INFO source=/Users/risto/uni/agre/bft-core-d2h/shardnode/bftclient.go:750 msg="accepted certificate" class=duplicate retryOfFailedApply=true partitionRound=55 rootRound=277 blockHash=8beff2f30a3cbf0d56e38a9e465249f41ac60949db40a679581670cb3c3d5648 nextRound=56 nextLeader=16Uiu2HAm3wGgeazNWFfLVUuuGdgZM2yEohbi2B78mk18i7nY5sRP go_id=348
time=2026-09-23T19:40:44.7752+0300 level=WARN source=/Users/risto/uni/agre/bft-core-d2h/shardnode/round.go:1394 msg="executor head diverges from certified state — attempting recovery via Commit before giving up" executorHead=2a78d4ef47dda68e399eee7716025d778db6bcfd4adb8bddb20a1dc38904c56a certifiedStateRoot=18d4591a6853cd857e1d4d5aca2f82c2dbe4e0b17f828ca01eb0b43ddd6d4980 recoveryBlockHash=8beff2f30a3cbf0d56e38a9e465249f41ac60949db40a679581670cb3c3d5648 anchorRound=55 targetFromQuietInterval=false go_id=348
time=2026-09-23T19:40:44.7965+0300 level=ERROR source=/Users/risto/uni/agre/bft-core-d2h/shardnode/bftclient.go:496 msg="processing certification response" err="shardnode: certified block 8beff2f30a3cbf0d56e38a9e465249f41ac60949db40a679581670cb3c3d5648 is unavailable in the executor (status syncing) — cannot build round 56 yet; retaining the anchor and retrying on the next certificate" go_id=348
time=2026-09-23T19:40:44.8310+0300 level=INFO source=/Users/risto/uni/agre/bft-core-d2h/shardnode/bftclient.go:750 msg="accepted certificate" class=duplicate retryOfFailedApply=true partitionRound=55 rootRound=277 blockHash=8beff2f30a3cbf0d56e38a9e465249f41ac60949db40a679581670cb3c3d5648 nextRound=56 nextLeader=16Uiu2HAm3wGgeazNWFfLVUuuGdgZM2yEohbi2B78mk18i7nY5sRP go_id=348
time=2026-09-23T19:40:44.8537+0300 level=WARN source=/Users/risto/uni/agre/bft-core-d2h/shardnode/round.go:1394 msg="executor head diverges from certified state — attempting recovery via Commit before giving up" executorHead=2a78d4ef47dda68e399eee7716025d778db6bcfd4adb8bddb20a1dc38904c56a certifiedStateRoot=18d4591a6853cd857e1d4d5aca2f82c2dbe4e0b17f828ca01eb0b43ddd6d4980 recoveryBlockHash=8beff2f30a3cbf0d56e38a9e465249f41ac60949db40a679581670cb3c3d5648 anchorRound=55 targetFromQuietInterval=false go_id=348
time=2026-09-23T19:40:44.8747+0300 level=ERROR source=/Users/risto/uni/agre/bft-core-d2h/shardnode/bftclient.go:496 msg="processing certification response" err="shardnode: certified block 8beff2f30a3cbf0d56e38a9e465249f41ac60949db40a679581670cb3c3d5648 is unavailable in the executor (status syncing) — cannot build round 56 yet; retaining the anchor and retrying on the next certificate" go_id=348
time=2026-09-23T19:40:44.8960+0300 level=INFO source=/Users/risto/uni/agre/bft-core-d2h/shardnode/bftclient.go:750 msg="accepted certificate" class=duplicate retryOfFailedApply=true partitionRound=55 rootRound=277 blockHash=8beff2f30a3cbf0d56e38a9e465249f41ac60949db40a679581670cb3c3d5648 nextRound=56 nextLeader=16Uiu2HAm3wGgeazNWFfLVUuuGdgZM2yEohbi2B78mk18i7nY5sRP go_id=348
time=2026-09-23T19:40:44.9196+0300 level=WARN source=/Users/risto/uni/agre/bft-core-d2h/shardnode/round.go:1394 msg="executor head diverges from certified state — attempting recovery via Commit before giving up" executorHead=2a78d4ef47dda68e399eee7716025d778db6bcfd4adb8bddb20a1dc38904c56a certifiedStateRoot=18d4591a6853cd857e1d4d5aca2f82c2dbe4e0b17f828ca01eb0b43ddd6d4980 recoveryBlockHash=8beff2f30a3cbf0d56e38a9e465249f41ac60949db40a679581670cb3c3d5648 anchorRound=55 targetFromQuietInterval=false go_id=348
time=2026-09-23T19:40:44.9406+0300 level=ERROR source=/Users/risto/uni/agre/bft-core-d2h/shardnode/bftclient.go:496 msg="processing certification response" err="shardnode: certified block 8beff2f30a3cbf0d56e38a9e465249f41ac60949db40a679581670cb3c3d5648 is unavailable in the executor (status syncing) — cannot build round 56 yet; retaining the anchor and retrying on the next certificate" go_id=348
--- reth1 ---
[2m2026-09-23T16:38:32.815415Z[0m [32m INFO[0m [2mreth_node_events::node[0m[2m:[0m Received forkchoice updated message when syncing [3mhead_block_hash[0m[2m=[0m0xd935520bd85723986ea69bc1c1cab58ce7841fe56c7b835f218a14038fa070a4 [3msafe_block_hash[0m[2m=[0m0xd935520bd85723986ea69bc1c1cab58ce7841fe56c7b835f218a14038fa070a4 [3mfinalized_block_hash[0m[2m=[0m0xd935520bd85723986ea69bc1c1cab58ce7841fe56c7b835f218a14038fa070a4
[2m2026-09-23T16:38:35.668513Z[0m [32m INFO[0m [2mreth_node_events::node[0m[2m:[0m Received forkchoice updated message when syncing [3mhead_block_hash[0m[2m=[0m0x712c7bf5942a2945345f22e55a7cd0dcf7454fa7af83f0bae17f100495666e78 [3msafe_block_hash[0m[2m=[0m0x712c7bf5942a2945345f22e55a7cd0dcf7454fa7af83f0bae17f100495666e78 [3mfinalized_block_hash[0m[2m=[0m0x712c7bf5942a2945345f22e55a7cd0dcf7454fa7af83f0bae17f100495666e78
[2m2026-09-23T16:38:52.812740Z[0m [32m INFO[0m [2mreth_node_events::node[0m[2m:[0m Received forkchoice updated message when syncing [3mhead_block_hash[0m[2m=[0m0x4138a7433324edbb3835c74103b468f1a8a24a0de2d603b319c848ac08df0a7e [3msafe_block_hash[0m[2m=[0m0x4138a7433324edbb3835c74103b468f1a8a24a0de2d603b319c848ac08df0a7e [3mfinalized_block_hash[0m[2m=[0m0x4138a7433324edbb3835c74103b468f1a8a24a0de2d603b319c848ac08df0a7e
[2m2026-09-23T16:38:55.194693Z[0m [32m INFO[0m [2mreth_node_events::node[0m[2m:[0m Received forkchoice updated message when syncing [3mhead_block_hash[0m[2m=[0m0x6cd184883863e0628f9b2bb3e5bd98750c9e9c4bcba7afae9cfacae841fb6e90 [3msafe_block_hash[0m[2m=[0m0x6cd184883863e0628f9b2bb3e5bd98750c9e9c4bcba7afae9cfacae841fb6e90 [3mfinalized_block_hash[0m[2m=[0m0x6cd184883863e0628f9b2bb3e5bd98750c9e9c4bcba7afae9cfacae841fb6e90
[2m2026-09-23T16:38:57.573054Z[0m [32m INFO[0m [2mreth_node_events::node[0m[2m:[0m Received forkchoice updated message when syncing [3mhead_block_hash[0m[2m=[0m0x2ba851b6c1343c45919e49c1f08e5193d34bd952065e69a7fba5d5a49fd21c09 [3msafe_block_hash[0m[2m=[0m0x2ba851b6c1343c45919e49c1f08e5193d34bd952065e69a7fba5d5a49fd21c09 [3mfinalized_block_hash[0m[2m=[0m0x2ba851b6c1343c45919e49c1f08e5193d34bd952065e69a7fba5d5a49fd21c09
[2m2026-09-23T16:38:59.628050Z[0m [32m INFO[0m [2mreth_node_events::node[0m[2m:[0m Received forkchoice updated message when syncing [3mhead_block_hash[0m[2m=[0m0xa6b945b0294bfc789f99a6f73009bff7b20d9722f29e161364a4df3e26e2c6ce [3msafe_block_hash[0m[2m=[0m0xa6b945b0294bfc789f99a6f73009bff7b20d9722f29e161364a4df3e26e2c6ce [3mfinalized_block_hash[0m[2m=[0m0xa6b945b0294bfc789f99a6f73009bff7b20d9722f29e161364a4df3e26e2c6ce
[2m2026-09-23T16:39:01.665686Z[0m [32m INFO[0m [2mreth_node_events::node[0m[2m:[0m Received forkchoice updated message when syncing [3mhead_block_hash[0m[2m=[0m0x32dbd02da6e8e57883fa423d13a7d4f588ae62d02b180e6bd7bd129700181161 [3msafe_block_hash[0m[2m=[0m0x32dbd02da6e8e57883fa423d13a7d4f588ae62d02b180e6bd7bd129700181161 [3mfinalized_block_hash[0m[2m=[0m0x32dbd02da6e8e57883fa423d13a7d4f588ae62d02b180e6bd7bd129700181161
[2m2026-09-23T16:39:16.736230Z[0m [32m INFO[0m [2mreth::cli[0m[2m:[0m Status [3mconnected_peers[0m[2m=[0m0 [3mlatest_block[0m[2m=[0m6
[2m2026-09-23T16:39:20.716308Z[0m [32m INFO[0m [2mreth_node_events::node[0m[2m:[0m Received forkchoice updated message when syncing [3mhead_block_hash[0m[2m=[0m0x1b75ec3bd810546ec75e96222eabf3be27af08c17065b57ccc14850c532c2a9c [3msafe_block_hash[0m[2m=[0m0x1b75ec3bd810546ec75e96222eabf3be27af08c17065b57ccc14850c532c2a9c [3mfinalized_block_hash[0m[2m=[0m0x1b75ec3bd810546ec75e96222eabf3be27af08c17065b57ccc14850c532c2a9c
[2m2026-09-23T16:39:22.972450Z[0m [32m INFO[0m [2mreth_node_events::node[0m[2m:[0m Received forkchoice updated message when syncing [3mhead_block_hash[0m[2m=[0m0xeaa8e3fff01fc3ec89d6bd9b99731c2807a4ff24bbf4b26934253920bf3c085f [3msafe_block_hash[0m[2m=[0m0xeaa8e3fff01fc3ec89d6bd9b99731c2807a4ff24bbf4b26934253920bf3c085f [3mfinalized_block_hash[0m[2m=[0m0xeaa8e3fff01fc3ec89d6bd9b99731c2807a4ff24bbf4b26934253920bf3c085f
[2m2026-09-23T16:39:39.974862Z[0m [32m INFO[0m [2mreth_node_events::node[0m[2m:[0m Received forkchoice updated message when syncing [3mhead_block_hash[0m[2m=[0m0xb0cc118fb22fe4c3f248952a4fd0f8490e07305d8ea385a00abce2cdf5d2cec2 [3msafe_block_hash[0m[2m=[0m0xb0cc118fb22fe4c3f248952a4fd0f8490e07305d8ea385a00abce2cdf5d2cec2 [3mfinalized_block_hash[0m[2m=[0m0xb0cc118fb22fe4c3f248952a4fd0f8490e07305d8ea385a00abce2cdf5d2cec2
[2m2026-09-23T16:39:42.267781Z[0m [32m INFO[0m [2mreth_node_events::node[0m[2m:[0m Received forkchoice updated message when syncing [3mhead_block_hash[0m[2m=[0m0xa22997f518694ad9fff5352d6549827997ad0306631ee9dd6ec7bc0531fcb0c3 [3msafe_block_hash[0m[2m=[0m0xa22997f518694ad9fff5352d6549827997ad0306631ee9dd6ec7bc0531fcb0c3 [3mfinalized_block_hash[0m[2m=[0m0xa22997f518694ad9fff5352d6549827997ad0306631ee9dd6ec7bc0531fcb0c3
[2m2026-09-23T16:39:44.323760Z[0m [32m INFO[0m [2mreth_node_events::node[0m[2m:[0m Received forkchoice updated message when syncing [3mhead_block_hash[0m[2m=[0m0x32295c2619448cbe295aa2c7dad06789f9637c6673e95811ecd8b55a74acf595 [3msafe_block_hash[0m[2m=[0m0x32295c2619448cbe295aa2c7dad06789f9637c6673e95811ecd8b55a74acf595 [3mfinalized_block_hash[0m[2m=[0m0x32295c2619448cbe295aa2c7dad06789f9637c6673e95811ecd8b55a74acf595
[2m2026-09-23T16:39:46.614688Z[0m [32m INFO[0m [2mreth_node_events::node[0m[2m:[0m Received forkchoice updated message when syncing [3mhead_block_hash[0m[2m=[0m0x7152c9e070659b32180d8468d60427ddb62e21fba8253e3368cb6ea7f39eec99 [3msafe_block_hash[0m[2m=[0m0x7152c9e070659b32180d8468d60427ddb62e21fba8253e3368cb6ea7f39eec99 [3mfinalized_block_hash[0m[2m=[0m0x7152c9e070659b32180d8468d60427ddb62e21fba8253e3368cb6ea7f39eec99
[2m2026-09-23T16:39:48.726409Z[0m [32m INFO[0m [2mreth_node_events::node[0m[2m:[0m Received forkchoice updated message when syncing [3mhead_block_hash[0m[2m=[0m0x3c7f497fb17938ab5855944ea5b9e4efb729420d67f5504a40a35509dba148e7 [3msafe_block_hash[0m[2m=[0m0x3c7f497fb17938ab5855944ea5b9e4efb729420d67f5504a40a35509dba148e7 [3mfinalized_block_hash[0m[2m=[0m0x3c7f497fb17938ab5855944ea5b9e4efb729420d67f5504a40a35509dba148e7
[2m2026-09-23T16:39:50.894138Z[0m [32m INFO[0m [2mreth_node_events::node[0m[2m:[0m Received forkchoice updated message when syncing [3mhead_block_hash[0m[2m=[0m0x885a2d223a23a06bd307875ea3283d1ff58dcbc9f87bc0af615ee99e9c480ce0 [3msafe_block_hash[0m[2m=[0m0x885a2d223a23a06bd307875ea3283d1ff58dcbc9f87bc0af615ee99e9c480ce0 [3mfinalized_block_hash[0m[2m=[0m0x885a2d223a23a06bd307875ea3283d1ff58dcbc9f87bc0af615ee99e9c480ce0
[2m2026-09-23T16:39:53.285002Z[0m [32m INFO[0m [2mreth_node_events::node[0m[2m:[0m Received forkchoice updated message when syncing [3mhead_block_hash[0m[2m=[0m0xcb10158ed75a87f49fb6ed02d220ca6c6ea158aff8e9ef19d613b8b60570c75e [3msafe_block_hash[0m[2m=[0m0xcb10158ed75a87f49fb6ed02d220ca6c6ea158aff8e9ef19d613b8b60570c75e [3mfinalized_block_hash[0m[2m=[0m0xcb10158ed75a87f49fb6ed02d220ca6c6ea158aff8e9ef19d613b8b60570c75e
[2m2026-09-23T16:39:55.213092Z[0m [32m INFO[0m [2mreth_node_events::node[0m[2m:[0m Received forkchoice updated message when syncing [3mhead_block_hash[0m[2m=[0m0xf10729d33e2db2420235de83fedd5a14e072d42e84e1ae9b26fd2449a4dd39f4 [3msafe_block_hash[0m[2m=[0m0xf10729d33e2db2420235de83fedd5a14e072d42e84e1ae9b26fd2449a4dd39f4 [3mfinalized_block_hash[0m[2m=[0m0xf10729d33e2db2420235de83fedd5a14e072d42e84e1ae9b26fd2449a4dd39f4
[2m2026-09-23T16:40:09.887927Z[0m [32m INFO[0m [2mreth_node_events::node[0m[2m:[0m Received forkchoice updated message when syncing [3mhead_block_hash[0m[2m=[0m0x8adbb3b4f9b5850a3e96df930f270fb79d8a5bef16e08aad254dcbe24fe5387e [3msafe_block_hash[0m[2m=[0m0x8adbb3b4f9b5850a3e96df930f270fb79d8a5bef16e08aad254dcbe24fe5387e [3mfinalized_block_hash[0m[2m=[0m0x8adbb3b4f9b5850a3e96df930f270fb79d8a5bef16e08aad254dcbe24fe5387e
[2m2026-09-23T16:40:12.367559Z[0m [32m INFO[0m [2mreth_node_events::node[0m[2m:[0m Received forkchoice updated message when syncing [3mhead_block_hash[0m[2m=[0m0xa2d56302c54ac92965602572187222b00d7284df7a75b9ac3ab0bc072c72919c [3msafe_block_hash[0m[2m=[0m0xa2d56302c54ac92965602572187222b00d7284df7a75b9ac3ab0bc072c72919c [3mfinalized_block_hash[0m[2m=[0m0xa2d56302c54ac92965602572187222b00d7284df7a75b9ac3ab0bc072c72919c
[2m2026-09-23T16:40:14.710129Z[0m [32m INFO[0m [2mreth_node_events::node[0m[2m:[0m Received forkchoice updated message when syncing [3mhead_block_hash[0m[2m=[0m0x8ebb6f0e80df053bd8c15f43f5e1639cbf36d27ec0dc7e14b924de5b5b32c4ab [3msafe_block_hash[0m[2m=[0m0x8ebb6f0e80df053bd8c15f43f5e1639cbf36d27ec0dc7e14b924de5b5b32c4ab [3mfinalized_block_hash[0m[2m=[0m0x8ebb6f0e80df053bd8c15f43f5e1639cbf36d27ec0dc7e14b924de5b5b32c4ab
[2m2026-09-23T16:40:17.144954Z[0m [32m INFO[0m [2mreth_node_events::node[0m[2m:[0m Received forkchoice updated message when syncing [3mhead_block_hash[0m[2m=[0m0x333925936727943bc9a016a76eb66f2cdd81425f38e3e0360341ef658c4ecc01 [3msafe_block_hash[0m[2m=[0m0x333925936727943bc9a016a76eb66f2cdd81425f38e3e0360341ef658c4ecc01 [3mfinalized_block_hash[0m[2m=[0m0x333925936727943bc9a016a76eb66f2cdd81425f38e3e0360341ef658c4ecc01
[2m2026-09-23T16:40:19.268939Z[0m [32m INFO[0m [2mreth_node_events::node[0m[2m:[0m Received forkchoice updated message when syncing [3mhead_block_hash[0m[2m=[0m0xc8a4fad05ae3717b017c76822c4551bbfe8fd0ef8d0b8801a00297a1f387d974 [3msafe_block_hash[0m[2m=[0m0xc8a4fad05ae3717b017c76822c4551bbfe8fd0ef8d0b8801a00297a1f387d974 [3mfinalized_block_hash[0m[2m=[0m0xc8a4fad05ae3717b017c76822c4551bbfe8fd0ef8d0b8801a00297a1f387d974
[2m2026-09-23T16:40:21.522046Z[0m [32m INFO[0m [2mreth_node_events::node[0m[2m:[0m Received forkchoice updated message when syncing [3mhead_block_hash[0m[2m=[0m0xddeff12f26e5689675b98a44c6acf6ca33885007de765e1295539358f90d103e [3msafe_block_hash[0m[2m=[0m0xddeff12f26e5689675b98a44c6acf6ca33885007de765e1295539358f90d103e [3mfinalized_block_hash[0m[2m=[0m0xddeff12f26e5689675b98a44c6acf6ca33885007de765e1295539358f90d103e
[2m2026-09-23T16:40:23.694703Z[0m [32m INFO[0m [2mreth_node_events::node[0m[2m:[0m Received forkchoice updated message when syncing [3mhead_block_hash[0m[2m=[0m0xa39fcdcd43ed2bbee021aff8d43a5132523bffe9d2044a288c809f2f9c14762a [3msafe_block_hash[0m[2m=[0m0xa39fcdcd43ed2bbee021aff8d43a5132523bffe9d2044a288c809f2f9c14762a [3mfinalized_block_hash[0m[2m=[0m0xa39fcdcd43ed2bbee021aff8d43a5132523bffe9d2044a288c809f2f9c14762a
[2m2026-09-23T16:40:26.086100Z[0m [32m INFO[0m [2mreth_node_events::node[0m[2m:[0m Received forkchoice updated message when syncing [3mhead_block_hash[0m[2m=[0m0x63c239b2d5c087615b3474445a7cd9b20d6ec5e636d64cda64819bf5a677cb44 [3msafe_block_hash[0m[2m=[0m0x63c239b2d5c087615b3474445a7cd9b20d6ec5e636d64cda64819bf5a677cb44 [3mfinalized_block_hash[0m[2m=[0m0x63c239b2d5c087615b3474445a7cd9b20d6ec5e636d64cda64819bf5a677cb44
[2m2026-09-23T16:40:28.485641Z[0m [32m INFO[0m [2mreth_node_events::node[0m[2m:[0m Received forkchoice updated message when syncing [3mhead_block_hash[0m[2m=[0m0x705134efc97815f7577baaf35f255c4edeafa98210ea0e4c6369e3d12d5c81c9 [3msafe_block_hash[0m[2m=[0m0x705134efc97815f7577baaf35f255c4edeafa98210ea0e4c6369e3d12d5c81c9 [3mfinalized_block_hash[0m[2m=[0m0x705134efc97815f7577baaf35f255c4edeafa98210ea0e4c6369e3d12d5c81c9
[2m2026-09-23T16:40:30.907251Z[0m [32m INFO[0m [2mreth_node_events::node[0m[2m:[0m Received forkchoice updated message when syncing [3mhead_block_hash[0m[2m=[0m0xff4afc418e965b994e8f9d0eca0784fd1363bfb0b2e55acdc3f072e16ebd192e [3msafe_block_hash[0m[2m=[0m0xff4afc418e965b994e8f9d0eca0784fd1363bfb0b2e55acdc3f072e16ebd192e [3mfinalized_block_hash[0m[2m=[0m0xff4afc418e965b994e8f9d0eca0784fd1363bfb0b2e55acdc3f072e16ebd192e
[2m2026-09-23T16:40:31.737254Z[0m [32m INFO[0m [2mreth::cli[0m[2m:[0m Status [3mconnected_peers[0m[2m=[0m0 [3mlatest_block[0m[2m=[0m6
[2m2026-09-23T16:40:33.127131Z[0m [32m INFO[0m [2mreth_node_events::node[0m[2m:[0m Received forkchoice updated message when syncing [3mhead_block_hash[0m[2m=[0m0x9695fcb150da367fbb2a9962f4b49037059d36d106f36cddbed99572cd4fb84d [3msafe_block_hash[0m[2m=[0m0x9695fcb150da367fbb2a9962f4b49037059d36d106f36cddbed99572cd4fb84d [3mfinalized_block_hash[0m[2m=[0m0x9695fcb150da367fbb2a9962f4b49037059d36d106f36cddbed99572cd4fb84d
[2m2026-09-23T16:40:35.407456Z[0m [32m INFO[0m [2mreth_node_events::node[0m[2m:[0m Received forkchoice updated message when syncing [3mhead_block_hash[0m[2m=[0m0x0b5a54669e3a91ed838e41c8b86325e5ba65b1e59b4cb24721151ee92dcce293 [3msafe_block_hash[0m[2m=[0m0x0b5a54669e3a91ed838e41c8b86325e5ba65b1e59b4cb24721151ee92dcce293 [3mfinalized_block_hash[0m[2m=[0m0x0b5a54669e3a91ed838e41c8b86325e5ba65b1e59b4cb24721151ee92dcce293
[2m2026-09-23T16:40:37.599367Z[0m [32m INFO[0m [2mreth_node_events::node[0m[2m:[0m Received forkchoice updated message when syncing [3mhead_block_hash[0m[2m=[0m0x80c38eb75a52e11b6360ad9ff1d05faa2f7c37523c387b2401e5d592a7430a57 [3msafe_block_hash[0m[2m=[0m0x80c38eb75a52e11b6360ad9ff1d05faa2f7c37523c387b2401e5d592a7430a57 [3mfinalized_block_hash[0m[2m=[0m0x80c38eb75a52e11b6360ad9ff1d05faa2f7c37523c387b2401e5d592a7430a57
[2m2026-09-23T16:40:39.762814Z[0m [32m INFO[0m [2mreth_node_events::node[0m[2m:[0m Received forkchoice updated message when syncing [3mhead_block_hash[0m[2m=[0m0xccc9608f72b1ec4fb6e54003f6b53de8d0e341f5a9a9a4928fd4f13e534ca475 [3msafe_block_hash[0m[2m=[0m0xccc9608f72b1ec4fb6e54003f6b53de8d0e341f5a9a9a4928fd4f13e534ca475 [3mfinalized_block_hash[0m[2m=[0m0xccc9608f72b1ec4fb6e54003f6b53de8d0e341f5a9a9a4928fd4f13e534ca475
[2m2026-09-23T16:40:42.190876Z[0m [32m INFO[0m [2mreth_node_events::node[0m[2m:[0m Received forkchoice updated message when syncing [3mhead_block_hash[0m[2m=[0m0x937805f1d014b5b93c783fe6f14d2a28e1a937ca77ac8a297c3f455ea404f134 [3msafe_block_hash[0m[2m=[0m0x937805f1d014b5b93c783fe6f14d2a28e1a937ca77ac8a297c3f455ea404f134 [3mfinalized_block_hash[0m[2m=[0m0x937805f1d014b5b93c783fe6f14d2a28e1a937ca77ac8a297c3f455ea404f134
[2m2026-09-23T16:40:44.548998Z[0m [32m INFO[0m [2mreth_node_events::node[0m[2m:[0m Received forkchoice updated message when syncing [3mhead_block_hash[0m[2m=[0m0x8beff2f30a3cbf0d56e38a9e465249f41ac60949db40a679581670cb3c3d5648 [3msafe_block_hash[0m[2m=[0m0x8beff2f30a3cbf0d56e38a9e465249f41ac60949db40a679581670cb3c3d5648 [3mfinalized_block_hash[0m[2m=[0m0x8beff2f30a3cbf0d56e38a9e465249f41ac60949db40a679581670cb3c3d5648
--- evm2 ---
time=2026-09-23T19:40:28.5806+0300 level=INFO source=/Users/risto/uni/agre/bft-core-d2h/engineapi/adapter.go:461 msg="sealed execution payload" blockHash=ff4afc418e965b994e8f9d0eca0784fd1363bfb0b2e55acdc3f072e16ebd192e parentHash=705134efc97815f7577baaf35f255c4edeafa98210ea0e4c6369e3d12d5c81c9 userTransactions=0 rootInput=8b0203084180183100005820705134efc97815f7577baaf35f255c4edeafa98210ea0e4c6369e3d12d5c81c98803190100011a6ab400fa5820b2a148add4547616bb624d8eda56ed15dd028c999a77bcefb3720820b919d294861830005820864e936a5ffb8fa55d879d94bd5d0476b809496075dd8e8e907b8860e16961f5582025ee667e895769fed8573d3a5100682fe9e8904db3a3e64efc8995c3ac685d8e1a6ab400f85820705134efc97815f7577baaf35f255c4edeafa98210ea0e4c6369e3d12d5c81c958200b8315beee34792bcf7f83aba65a7c8741952400f37c2b70aae7c5107979b95758208d32e8b5dcaecf36b2077d10b3e4ded1d55bd1f294a501fec923f645e0e8963885183100783531365569753248416d47506e654639643736675178566e63474e6f66693135365162796d73455135645667774b416a596577356e6558209b210edea4d2790600d1ecdce2520cfb87c2b0c9ba7c6d7969b86dacb389ad795820840932c4f0b77d402a619ae0f6edbbcf689d4feab957332832d041d70fdc269280 commitment=925815edb7e01d8d87abe705865bc7e6a05039e87f8022c1cbc5de470dd307de go_id=434
time=2026-09-23T19:40:28.6015+0300 level=INFO source=/Users/risto/uni/agre/bft-core-d2h/engineapi/adapter.go:349 msg="acquired certified parent registry witness" round=49 parentNumber=41 parentHash=705134efc97815f7577baaf35f255c4edeafa98210ea0e4c6369e3d12d5c81c9 go_id=434
time=2026-09-23T19:40:28.7178+0300 level=INFO source=/Users/risto/uni/agre/bft-core-d2h/engineapi/adapter.go:601 msg="verified execution payload" round=49 blockHash=ff4afc418e965b994e8f9d0eca0784fd1363bfb0b2e55acdc3f072e16ebd192e status=VALID rootInput=8b0203084180183100005820705134efc97815f7577baaf35f255c4edeafa98210ea0e4c6369e3d12d5c81c98803190100011a6ab400fa5820b2a148add4547616bb624d8eda56ed15dd028c999a77bcefb3720820b919d294861830005820864e936a5ffb8fa55d879d94bd5d0476b809496075dd8e8e907b8860e16961f5582025ee667e895769fed8573d3a5100682fe9e8904db3a3e64efc8995c3ac685d8e1a6ab400f85820705134efc97815f7577baaf35f255c4edeafa98210ea0e4c6369e3d12d5c81c958200b8315beee34792bcf7f83aba65a7c8741952400f37c2b70aae7c5107979b95758208d32e8b5dcaecf36b2077d10b3e4ded1d55bd1f294a501fec923f645e0e8963885183100783531365569753248416d47506e654639643736675178566e63474e6f66693135365162796d73455135645667774b416a596577356e6558209b210edea4d2790600d1ecdce2520cfb87c2b0c9ba7c6d7969b86dacb389ad795820840932c4f0b77d402a619ae0f6edbbcf689d4feab957332832d041d70fdc269280 commitment=925815edb7e01d8d87abe705865bc7e6a05039e87f8022c1cbc5de470dd307de go_id=434
time=2026-09-23T19:40:28.7616+0300 level=INFO source=/Users/risto/uni/agre/bft-core-d2h/shardnode/round.go:894 msg="submitting block certification request" round=49 quiet=false leader=true go_id=434
time=2026-09-23T19:40:30.7899+0300 level=INFO source=/Users/risto/uni/agre/bft-core-d2h/shardnode/bftclient.go:750 msg="accepted certificate" class=valid retryOfFailedApply=false partitionRound=49 rootRound=259 blockHash=ff4afc418e965b994e8f9d0eca0784fd1363bfb0b2e55acdc3f072e16ebd192e nextRound=50 nextLeader=16Uiu2HAm9f2efvTXLTiZfEKJ3rkg15HYYKZJhm9QZScNSgGhtf1s go_id=434
time=2026-09-23T19:40:30.9893+0300 level=INFO source=/Users/risto/uni/agre/bft-core-d2h/engineapi/adapter.go:349 msg="acquired certified parent registry witness" round=50 parentNumber=42 parentHash=ff4afc418e965b994e8f9d0eca0784fd1363bfb0b2e55acdc3f072e16ebd192e go_id=434
time=2026-09-23T19:40:31.1209+0300 level=INFO source=/Users/risto/uni/agre/bft-core-d2h/engineapi/adapter.go:601 msg="verified execution payload" round=50 blockHash=9695fcb150da367fbb2a9962f4b49037059d36d106f36cddbed99572cd4fb84d status=VALID rootInput=8b0203084180183200005820ff4afc418e965b994e8f9d0eca0784fd1363bfb0b2e55acdc3f072e16ebd192e8803190103011a6ab400fd5820e7623f602b4f51cf06371e5e91cf53bbfd4452c38685cf95c8ef1a555707d05c86183100582025ee667e895769fed8573d3a5100682fe9e8904db3a3e64efc8995c3ac685d8e58203f5d791391e97a2060bfe6ca2d76959b4191e32a6afa4730bef46bdbdd7d849a1a6ab400fa5820ff4afc418e965b994e8f9d0eca0784fd1363bfb0b2e55acdc3f072e16ebd192e58201f22377130085e58362af9d4119366b36f9bdd0189d8b14e26ce716d5ec08fe258208d32e8b5dcaecf36b2077d10b3e4ded1d55bd1f294a501fec923f645e0e8963885183200783531365569753248416d39663265667654584c54695a66454b4a33726b6731354859594b5a4a686d39515a53634e53674768746631735820468d8c184709c6c9ee1ee2653da97ed07f14e882908e51f42d50218cffbc62fa5820840932c4f0b77d402a619ae0f6edbbcf689d4feab957332832d041d70fdc269280 commitment=fe585163199b6d4f177a12180f54cd674f4a085d41fa03eb6971633a875ca5e9 go_id=434
time=2026-09-23T19:40:31.1432+0300 level=INFO source=/Users/risto/uni/agre/bft-core-d2h/shardnode/round.go:894 msg="submitting block certification request" round=50 quiet=false leader=false go_id=434
time=2026-09-23T19:40:33.0315+0300 level=INFO source=/Users/risto/uni/agre/bft-core-d2h/shardnode/bftclient.go:750 msg="accepted certificate" class=valid retryOfFailedApply=false partitionRound=50 rootRound=262 blockHash=9695fcb150da367fbb2a9962f4b49037059d36d106f36cddbed99572cd4fb84d nextRound=51 nextLeader=16Uiu2HAmGPneF9d76gQxVncGNofi156QbymsEQ5dVgwKAjYew5ne go_id=434
time=2026-09-23T19:40:33.0716+0300 level=INFO source=/Users/risto/uni/agre/bft-core-d2h/engineapi/adapter.go:349 msg="acquired certified parent registry witness" round=51 parentNumber=43 parentHash=9695fcb150da367fbb2a9962f4b49037059d36d106f36cddbed99572cd4fb84d go_id=434
time=2026-09-23T19:40:33.2223+0300 level=INFO source=/Users/risto/uni/agre/bft-core-d2h/engineapi/adapter.go:461 msg="sealed execution payload" blockHash=0b5a54669e3a91ed838e41c8b86325e5ba65b1e59b4cb24721151ee92dcce293 parentHash=9695fcb150da367fbb2a9962f4b49037059d36d106f36cddbed99572cd4fb84d userTransactions=0 rootInput=8b02030841801833000058209695fcb150da367fbb2a9962f4b49037059d36d106f36cddbed99572cd4fb84d8803190106011a6ab400ff5820037a375e99c8f8eb076d2ecc2a9e012955752c3f623647bed2ee0c5d0401d8528618320058203f5d791391e97a2060bfe6ca2d76959b4191e32a6afa4730bef46bdbdd7d849a5820c30da53dcbaabacc8a3194d0b2c1286a2998f796e923a9ffdd38573b6c9215891a6ab400fd58209695fcb150da367fbb2a9962f4b49037059d36d106f36cddbed99572cd4fb84d5820783396e4f78c7cfb46392c070eb9809875f986797304b5a578717cc41636353758208d32e8b5dcaecf36b2077d10b3e4ded1d55bd1f294a501fec923f645e0e8963885183300783531365569753248416d47506e654639643736675178566e63474e6f66693135365162796d73455135645667774b416a596577356e65582019e1b0a4608fc7ad484685f5be71e9eb582dc29ebe206d6c7060c3700393401d5820840932c4f0b77d402a619ae0f6edbbcf689d4feab957332832d041d70fdc269280 commitment=f8b4c880c4e423f698e30b2b4258dd951708fd04cc9e7ed43bf4f4f54289f87d go_id=434
time=2026-09-23T19:40:33.2592+0300 level=INFO source=/Users/risto/uni/agre/bft-core-d2h/engineapi/adapter.go:349 msg="acquired certified parent registry witness" round=51 parentNumber=43 parentHash=9695fcb150da367fbb2a9962f4b49037059d36d106f36cddbed99572cd4fb84d go_id=434
time=2026-09-23T19:40:33.3530+0300 level=INFO source=/Users/risto/uni/agre/bft-core-d2h/engineapi/adapter.go:601 msg="verified execution payload" round=51 blockHash=0b5a54669e3a91ed838e41c8b86325e5ba65b1e59b4cb24721151ee92dcce293 status=VALID rootInput=8b02030841801833000058209695fcb150da367fbb2a9962f4b49037059d36d106f36cddbed99572cd4fb84d8803190106011a6ab400ff5820037a375e99c8f8eb076d2ecc2a9e012955752c3f623647bed2ee0c5d0401d8528618320058203f5d791391e97a2060bfe6ca2d76959b4191e32a6afa4730bef46bdbdd7d849a5820c30da53dcbaabacc8a3194d0b2c1286a2998f796e923a9ffdd38573b6c9215891a6ab400fd58209695fcb150da367fbb2a9962f4b49037059d36d106f36cddbed99572cd4fb84d5820783396e4f78c7cfb46392c070eb9809875f986797304b5a578717cc41636353758208d32e8b5dcaecf36b2077d10b3e4ded1d55bd1f294a501fec923f645e0e8963885183300783531365569753248416d47506e654639643736675178566e63474e6f66693135365162796d73455135645667774b416a596577356e65582019e1b0a4608fc7ad484685f5be71e9eb582dc29ebe206d6c7060c3700393401d5820840932c4f0b77d402a619ae0f6edbbcf689d4feab957332832d041d70fdc269280 commitment=f8b4c880c4e423f698e30b2b4258dd951708fd04cc9e7ed43bf4f4f54289f87d go_id=434
time=2026-09-23T19:40:33.3767+0300 level=INFO source=/Users/risto/uni/agre/bft-core-d2h/shardnode/round.go:894 msg="submitting block certification request" round=51 quiet=false leader=true go_id=434
time=2026-09-23T19:40:35.3699+0300 level=INFO source=/Users/risto/uni/agre/bft-core-d2h/shardnode/bftclient.go:750 msg="accepted certificate" class=valid retryOfFailedApply=false partitionRound=51 rootRound=265 blockHash=0b5a54669e3a91ed838e41c8b86325e5ba65b1e59b4cb24721151ee92dcce293 nextRound=52 nextLeader=16Uiu2HAmTtoDswe3yo6YqSEX5QETdW56hw3BHCs8c3a1np7hFVtR go_id=434
time=2026-09-23T19:40:35.5055+0300 level=INFO source=/Users/risto/uni/agre/bft-core-d2h/engineapi/adapter.go:349 msg="acquired certified parent registry witness" round=52 parentNumber=44 parentHash=0b5a54669e3a91ed838e41c8b86325e5ba65b1e59b4cb24721151ee92dcce293 go_id=434
time=2026-09-23T19:40:35.6559+0300 level=INFO source=/Users/risto/uni/agre/bft-core-d2h/engineapi/adapter.go:601 msg="verified execution payload" round=52 blockHash=80c38eb75a52e11b6360ad9ff1d05faa2f7c37523c387b2401e5d592a7430a57 status=VALID rootInput=8b02030841801834000058200b5a54669e3a91ed838e41c8b86325e5ba65b1e59b4cb24721151ee92dcce2938803190109011a6ab401015820160ad092041426bd29ac034ee7910d6ec01be34f021dc5e3e204238a99b46cb8861833005820c30da53dcbaabacc8a3194d0b2c1286a2998f796e923a9ffdd38573b6c9215895820f3b6b5cf038b570878ed785691069d5ed40c25ae1e93389071174671000b78681a6ab400ff58200b5a54669e3a91ed838e41c8b86325e5ba65b1e59b4cb24721151ee92dcce2935820483939479c59a25991b2bdf8fcf2ffd2aad40caf6e8938ac0f2f41d76416c3e158208d32e8b5dcaecf36b2077d10b3e4ded1d55bd1f294a501fec923f645e0e8963885183400783531365569753248416d54746f4473776533796f36597153455835514554645735366877334248437338633361316e70376846567452582056889f95694bb322b9e3c4cd57f84373610932e53f960fda2ab39e0e3108ab985820840932c4f0b77d402a619ae0f6edbbcf689d4feab957332832d041d70fdc269280 commitment=44685bcb8fde9e81d7086ac7978dfdcd4842142d028fb76fdc4983a4ec0051d9 go_id=434
time=2026-09-23T19:40:35.6776+0300 level=INFO source=/Users/risto/uni/agre/bft-core-d2h/shardnode/round.go:894 msg="submitting block certification request" round=52 quiet=false leader=false go_id=434
time=2026-09-23T19:40:37.5404+0300 level=INFO source=/Users/risto/uni/agre/bft-core-d2h/shardnode/bftclient.go:750 msg="accepted certificate" class=valid retryOfFailedApply=false partitionRound=52 rootRound=268 blockHash=80c38eb75a52e11b6360ad9ff1d05faa2f7c37523c387b2401e5d592a7430a57 nextRound=53 nextLeader=16Uiu2HAm9f2efvTXLTiZfEKJ3rkg15HYYKZJhm9QZScNSgGhtf1s go_id=434
time=2026-09-23T19:40:37.7174+0300 level=INFO source=/Users/risto/uni/agre/bft-core-d2h/engineapi/adapter.go:349 msg="acquired certified parent registry witness" round=53 parentNumber=45 parentHash=80c38eb75a52e11b6360ad9ff1d05faa2f7c37523c387b2401e5d592a7430a57 go_id=434
time=2026-09-23T19:40:37.8845+0300 level=INFO source=/Users/risto/uni/agre/bft-core-d2h/engineapi/adapter.go:601 msg="verified execution payload" round=53 blockHash=ccc9608f72b1ec4fb6e54003f6b53de8d0e341f5a9a9a4928fd4f13e534ca475 status=VALID rootInput=8b020308418018350000582080c38eb75a52e11b6360ad9ff1d05faa2f7c37523c387b2401e5d592a7430a57880319010c011a6ab4010458202d7268f9c1d33f4d8ca15b4f1be2a91e0e4b55d42452691dd6896a154e879ee0861834005820f3b6b5cf038b570878ed785691069d5ed40c25ae1e93389071174671000b78685820a0d24938861e76c8b4b69d229d6321c07d861068eda4eca38d953e5433cac2c11a6ab40101582080c38eb75a52e11b6360ad9ff1d05faa2f7c37523c387b2401e5d592a7430a5758209b3c8ac9ec4564c4bfd29c63b8c776519378a307e0558a893bce5b9a58afa13a58208d32e8b5dcaecf36b2077d10b3e4ded1d55bd1f294a501fec923f645e0e8963885183500783531365569753248416d39663265667654584c54695a66454b4a33726b6731354859594b5a4a686d39515a53634e53674768746631735820dd7cfc3efb61430f471826796762501b5b6746a8349e0dc1908ce850ccee7f4c5820840932c4f0b77d402a619ae0f6edbbcf689d4feab957332832d041d70fdc269280 commitment=a701c4252d2f61e311c57a10c6921544ae32dfb24563e38929b8d71fb7ff590b go_id=434
time=2026-09-23T19:40:37.9070+0300 level=INFO source=/Users/risto/uni/agre/bft-core-d2h/shardnode/round.go:894 msg="submitting block certification request" round=53 quiet=false leader=false go_id=434
time=2026-09-23T19:40:39.7253+0300 level=INFO source=/Users/risto/uni/agre/bft-core-d2h/shardnode/bftclient.go:750 msg="accepted certificate" class=valid retryOfFailedApply=false partitionRound=53 rootRound=271 blockHash=ccc9608f72b1ec4fb6e54003f6b53de8d0e341f5a9a9a4928fd4f13e534ca475 nextRound=54 nextLeader=16Uiu2HAm9f2efvTXLTiZfEKJ3rkg15HYYKZJhm9QZScNSgGhtf1s go_id=434
time=2026-09-23T19:40:39.8809+0300 level=INFO source=/Users/risto/uni/agre/bft-core-d2h/engineapi/adapter.go:349 msg="acquired certified parent registry witness" round=54 parentNumber=46 parentHash=ccc9608f72b1ec4fb6e54003f6b53de8d0e341f5a9a9a4928fd4f13e534ca475 go_id=434
time=2026-09-23T19:40:40.0478+0300 level=INFO source=/Users/risto/uni/agre/bft-core-d2h/engineapi/adapter.go:601 msg="verified execution payload" round=54 blockHash=937805f1d014b5b93c783fe6f14d2a28e1a937ca77ac8a297c3f455ea404f134 status=VALID rootInput=8b0203084180183600005820ccc9608f72b1ec4fb6e54003f6b53de8d0e341f5a9a9a4928fd4f13e534ca475880319010f011a6ab40106582072c2e154f95d489a5b259dd0b1c1cd59d6626b4068ab835c418e2a3396f2a610861835005820a0d24938861e76c8b4b69d229d6321c07d861068eda4eca38d953e5433cac2c1582057b28934fad1e672e0b1dc5c3bee89e8248e98298807b4df480aef2cdeee0ec51a6ab401045820ccc9608f72b1ec4fb6e54003f6b53de8d0e341f5a9a9a4928fd4f13e534ca4755820bae0e801b4925f224ecfdca2fc8cc9c2c93abce4f25c066fd18819ff16525d3858208d32e8b5dcaecf36b2077d10b3e4ded1d55bd1f294a501fec923f645e0e8963885183600783531365569753248416d39663265667654584c54695a66454b4a33726b6731354859594b5a4a686d39515a53634e53674768746631735820cf6ab86ff92ddcdd0bc2d09853f01ee013e7cd0832dc6fe7ef63e1e764f7fbb35820840932c4f0b77d402a619ae0f6edbbcf689d4feab957332832d041d70fdc269280 commitment=048cc833e518457604e0921ef0911d1f4f5095d6199984038708b13de030bcb5 go_id=434
time=2026-09-23T19:40:40.0903+0300 level=INFO source=/Users/risto/uni/agre/bft-core-d2h/shardnode/round.go:894 msg="submitting block certification request" round=54 quiet=false leader=false go_id=434
time=2026-09-23T19:40:42.3809+0300 level=INFO source=/Users/risto/uni/agre/bft-core-d2h/shardnode/bftclient.go:750 msg="accepted certificate" class=valid retryOfFailedApply=false partitionRound=54 rootRound=274 blockHash=937805f1d014b5b93c783fe6f14d2a28e1a937ca77ac8a297c3f455ea404f134 nextRound=55 nextLeader=16Uiu2HAm9f2efvTXLTiZfEKJ3rkg15HYYKZJhm9QZScNSgGhtf1s go_id=434
time=2026-09-23T19:40:42.5974+0300 level=INFO source=/Users/risto/uni/agre/bft-core-d2h/engineapi/adapter.go:349 msg="acquired certified parent registry witness" round=55 parentNumber=47 parentHash=937805f1d014b5b93c783fe6f14d2a28e1a937ca77ac8a297c3f455ea404f134 go_id=434
time=2026-09-23T19:40:42.7093+0300 level=INFO source=/Users/risto/uni/agre/bft-core-d2h/engineapi/adapter.go:601 msg="verified execution payload" round=55 blockHash=8beff2f30a3cbf0d56e38a9e465249f41ac60949db40a679581670cb3c3d5648 status=VALID rootInput=8b0203084180183700005820937805f1d014b5b93c783fe6f14d2a28e1a937ca77ac8a297c3f455ea404f1348803190112011a6ab4010858208052efda04a769a0354c6b45a357733b21879325706d4a0c1803da9ffdfb99f986183600582057b28934fad1e672e0b1dc5c3bee89e8248e98298807b4df480aef2cdeee0ec55820baff5686475399edfe181a0c22b8e643243a56b13833d4abaa85cb0f116cde481a6ab401065820937805f1d014b5b93c783fe6f14d2a28e1a937ca77ac8a297c3f455ea404f134582001b532b7471235e5409af8e233f081a62fc9ce874d1999dee66634cdcc22d1aa58208d32e8b5dcaecf36b2077d10b3e4ded1d55bd1f294a501fec923f645e0e8963885183700783531365569753248416d39663265667654584c54695a66454b4a33726b6731354859594b5a4a686d39515a53634e5367476874663173582050360018242779efe5a753f46e0942b1b40b75ff52431bd4fff8e8fca36432f65820840932c4f0b77d402a619ae0f6edbbcf689d4feab957332832d041d70fdc269280 commitment=581008787c060b98e0f48f01f0759ffcb2509b6606e5d203ae98e8bf77c03c3b go_id=434
time=2026-09-23T19:40:42.7309+0300 level=INFO source=/Users/risto/uni/agre/bft-core-d2h/shardnode/round.go:894 msg="submitting block certification request" round=55 quiet=false leader=false go_id=434
time=2026-09-23T19:40:44.4749+0300 level=INFO source=/Users/risto/uni/agre/bft-core-d2h/shardnode/bftclient.go:750 msg="accepted certificate" class=valid retryOfFailedApply=false partitionRound=55 rootRound=277 blockHash=8beff2f30a3cbf0d56e38a9e465249f41ac60949db40a679581670cb3c3d5648 nextRound=56 nextLeader=16Uiu2HAm3wGgeazNWFfLVUuuGdgZM2yEohbi2B78mk18i7nY5sRP go_id=434
time=2026-09-23T19:40:47.0264+0300 level=ERROR source=/Users/risto/uni/agre/bft-core-d2h/shardnode/bftclient.go:496 msg="processing certification response" err="producing round 56 block: awaiting round 56 block from leader 16Uiu2HAm3wGgeazNWFfLVUuuGdgZM2yEohbi2B78mk18i7nY5sRP: shardnode: awaiting round 56: context deadline exceeded (this validator abstains from the round; the next certificate — likely a repeat UC — will start a fresh attempt)" go_id=434
time=2026-09-23T19:40:47.0466+0300 level=INFO source=/Users/risto/uni/agre/bft-core-d2h/shardnode/bftclient.go:750 msg="accepted certificate" class=duplicate retryOfFailedApply=true partitionRound=55 rootRound=277 blockHash=8beff2f30a3cbf0d56e38a9e465249f41ac60949db40a679581670cb3c3d5648 nextRound=56 nextLeader=16Uiu2HAm3wGgeazNWFfLVUuuGdgZM2yEohbi2B78mk18i7nY5sRP go_id=434
time=2026-09-23T19:40:49.5693+0300 level=ERROR source=/Users/risto/uni/agre/bft-core-d2h/shardnode/bftclient.go:496 msg="processing certification response" err="producing round 56 block: awaiting round 56 block from leader 16Uiu2HAm3wGgeazNWFfLVUuuGdgZM2yEohbi2B78mk18i7nY5sRP: shardnode: awaiting round 56: context deadline exceeded (this validator abstains from the round; the next certificate — likely a repeat UC — will start a fresh attempt)" go_id=434
time=2026-09-23T19:40:49.5716+0300 level=INFO source=/Users/risto/uni/agre/bft-core-d2h/shardnode/bftclient.go:750 msg="accepted certificate" class=duplicate retryOfFailedApply=true partitionRound=55 rootRound=277 blockHash=8beff2f30a3cbf0d56e38a9e465249f41ac60949db40a679581670cb3c3d5648 nextRound=56 nextLeader=16Uiu2HAm3wGgeazNWFfLVUuuGdgZM2yEohbi2B78mk18i7nY5sRP go_id=434
--- reth2 ---
[2m2026-09-23T16:40:28.680202Z[0m [32m INFO[0m [2mreth_node_events::node[0m[2m:[0m Block added to canonical chain [3mnumber[0m[2m=[0m42 [3mhash[0m[2m=[0m0xff4afc418e965b994e8f9d0eca0784fd1363bfb0b2e55acdc3f072e16ebd192e [3mpeers[0m[2m=[0m0 [3mtxs[0m[2m=[0m0 [3mgas_used[0m[2m=[0m110.48Kgas [3mgas_throughput[0m[2m=[0m1.95Mgas/second [3mgas_limit[0m[2m=[0m30.00Mgas [3mfull[0m[2m=[0m0.4% [3mbase_fee[0m[2m=[0m0.00Gwei [3mblobs[0m[2m=[0m0 [3mexcess_blobs[0m[2m=[0m0 [3melapsed[0m[2m=[0m56.553574ms
[2m2026-09-23T16:40:30.870251Z[0m [32m INFO[0m [2mreth_node_events::node[0m[2m:[0m Canonical chain committed [3mnumber[0m[2m=[0m42 [3mhash[0m[2m=[0m0xff4afc418e965b994e8f9d0eca0784fd1363bfb0b2e55acdc3f072e16ebd192e [3melapsed[0m[2m=[0m18.206µs
[2m2026-09-23T16:40:30.906856Z[0m [32m INFO[0m [2mreth_node_events::node[0m[2m:[0m Forkchoice updated [3mhead_block_hash[0m[2m=[0m0xff4afc418e965b994e8f9d0eca0784fd1363bfb0b2e55acdc3f072e16ebd192e [3msafe_block_hash[0m[2m=[0m0xff4afc418e965b994e8f9d0eca0784fd1363bfb0b2e55acdc3f072e16ebd192e [3mfinalized_block_hash[0m[2m=[0m0xff4afc418e965b994e8f9d0eca0784fd1363bfb0b2e55acdc3f072e16ebd192e
[2m2026-09-23T16:40:31.045411Z[0m [32m INFO[0m [2mreth_node_events::node[0m[2m:[0m Received new payload from consensus engine [3mnumber[0m[2m=[0m43 [3mhash[0m[2m=[0m0x9695fcb150da367fbb2a9962f4b49037059d36d106f36cddbed99572cd4fb84d
[2m2026-09-23T16:40:31.046367Z[0m [32m INFO[0m [2mengine::tree::payload_validator[0m[2m:[0m State root job finished [3mstrategy[0m[2m=[0m"sparse-trie" [3mstate_root[0m[2m=[0m0xc30da53dcbaabacc8a3194d0b2c1286a2998f796e923a9ffdd38573b6c921589 [3melapsed[0m[2m=[0m462.501µs
[2m2026-09-23T16:40:31.082480Z[0m [32m INFO[0m [2mreth_node_events::node[0m[2m:[0m Block added to canonical chain [3mnumber[0m[2m=[0m43 [3mhash[0m[2m=[0m0x9695fcb150da367fbb2a9962f4b49037059d36d106f36cddbed99572cd4fb84d [3mpeers[0m[2m=[0m0 [3mtxs[0m[2m=[0m0 [3mgas_used[0m[2m=[0m110.48Kgas [3mgas_throughput[0m[2m=[0m2.98Mgas/second [3mgas_limit[0m[2m=[0m30.00Mgas [3mfull[0m[2m=[0m0.4% [3mbase_fee[0m[2m=[0m0.00Gwei [3mblobs[0m[2m=[0m0 [3mexcess_blobs[0m[2m=[0m0 [3melapsed[0m[2m=[0m37.059211ms
[2m2026-09-23T16:40:31.760104Z[0m [32m INFO[0m [2mreth::cli[0m[2m:[0m Status [3mconnected_peers[0m[2m=[0m0 [3mlatest_block[0m[2m=[0m42
[2m2026-09-23T16:40:33.069165Z[0m [32m INFO[0m [2mreth_node_events::node[0m[2m:[0m Canonical chain committed [3mnumber[0m[2m=[0m43 [3mhash[0m[2m=[0m0x9695fcb150da367fbb2a9962f4b49037059d36d106f36cddbed99572cd4fb84d [3melapsed[0m[2m=[0m24.502µs
[2m2026-09-23T16:40:33.126800Z[0m [32m INFO[0m [2mreth_node_events::node[0m[2m:[0m Forkchoice updated [3mhead_block_hash[0m[2m=[0m0x9695fcb150da367fbb2a9962f4b49037059d36d106f36cddbed99572cd4fb84d [3msafe_block_hash[0m[2m=[0m0x9695fcb150da367fbb2a9962f4b49037059d36d106f36cddbed99572cd4fb84d [3mfinalized_block_hash[0m[2m=[0m0x9695fcb150da367fbb2a9962f4b49037059d36d106f36cddbed99572cd4fb84d
[2m2026-09-23T16:40:33.127750Z[0m [32m INFO[0m [2mpayload_builder[0m[2m:[0m New payload job created [3mid[0m[2m=[0m0xa3ec074fe6ee33e1 [3mparent[0m[2m=[0m0x9695fcb150da367fbb2a9962f4b49037059d36d106f36cddbed99572cd4fb84d
[2m2026-09-23T16:40:33.281053Z[0m [32m INFO[0m [2mreth_node_events::node[0m[2m:[0m Received new payload from consensus engine [3mnumber[0m[2m=[0m44 [3mhash[0m[2m=[0m0x0b5a54669e3a91ed838e41c8b86325e5ba65b1e59b4cb24721151ee92dcce293
[2m2026-09-23T16:40:33.281464Z[0m [32m INFO[0m [2mengine::tree::payload_validator[0m[2m:[0m State root job finished [3mstrategy[0m[2m=[0m"sparse-trie" [3mstate_root[0m[2m=[0m0xf3b6b5cf038b570878ed785691069d5ed40c25ae1e93389071174671000b7868 [3melapsed[0m[2m=[0m64.224µs
[2m2026-09-23T16:40:33.315988Z[0m [32m INFO[0m [2mreth_node_events::node[0m[2m:[0m Block added to canonical chain [3mnumber[0m[2m=[0m44 [3mhash[0m[2m=[0m0x0b5a54669e3a91ed838e41c8b86325e5ba65b1e59b4cb24721151ee92dcce293 [3mpeers[0m[2m=[0m0 [3mtxs[0m[2m=[0m0 [3mgas_used[0m[2m=[0m110.48Kgas [3mgas_throughput[0m[2m=[0m3.17Mgas/second [3mgas_limit[0m[2m=[0m30.00Mgas [3mfull[0m[2m=[0m0.4% [3mbase_fee[0m[2m=[0m0.00Gwei [3mblobs[0m[2m=[0m0 [3mexcess_blobs[0m[2m=[0m0 [3melapsed[0m[2m=[0m34.854402ms
[2m2026-09-23T16:40:35.370639Z[0m [32m INFO[0m [2mreth_node_events::node[0m[2m:[0m Canonical chain committed [3mnumber[0m[2m=[0m44 [3mhash[0m[2m=[0m0x0b5a54669e3a91ed838e41c8b86325e5ba65b1e59b4cb24721151ee92dcce293 [3melapsed[0m[2m=[0m21.461µs
[2m2026-09-23T16:40:35.407119Z[0m [32m INFO[0m [2mreth_node_events::node[0m[2m:[0m Forkchoice updated [3mhead_block_hash[0m[2m=[0m0x0b5a54669e3a91ed838e41c8b86325e5ba65b1e59b4cb24721151ee92dcce293 [3msafe_block_hash[0m[2m=[0m0x0b5a54669e3a91ed838e41c8b86325e5ba65b1e59b4cb24721151ee92dcce293 [3mfinalized_block_hash[0m[2m=[0m0x0b5a54669e3a91ed838e41c8b86325e5ba65b1e59b4cb24721151ee92dcce293
[2m2026-09-23T16:40:35.560677Z[0m [32m INFO[0m [2mreth_node_events::node[0m[2m:[0m Received new payload from consensus engine [3mnumber[0m[2m=[0m45 [3mhash[0m[2m=[0m0x80c38eb75a52e11b6360ad9ff1d05faa2f7c37523c387b2401e5d592a7430a57
[2m2026-09-23T16:40:35.561301Z[0m [32m INFO[0m [2mengine::tree::payload_validator[0m[2m:[0m State root job finished [3mstrategy[0m[2m=[0m"sparse-trie" [3mstate_root[0m[2m=[0m0xa0d24938861e76c8b4b69d229d6321c07d861068eda4eca38d953e5433cac2c1 [3melapsed[0m[2m=[0m193.564µs
[2m2026-09-23T16:40:35.618322Z[0m [32m INFO[0m [2mreth_node_events::node[0m[2m:[0m Block added to canonical chain [3mnumber[0m[2m=[0m45 [3mhash[0m[2m=[0m0x80c38eb75a52e11b6360ad9ff1d05faa2f7c37523c387b2401e5d592a7430a57 [3mpeers[0m[2m=[0m0 [3mtxs[0m[2m=[0m0 [3mgas_used[0m[2m=[0m110.48Kgas [3mgas_throughput[0m[2m=[0m1.92Mgas/second [3mgas_limit[0m[2m=[0m30.00Mgas [3mfull[0m[2m=[0m0.4% [3mbase_fee[0m[2m=[0m0.00Gwei [3mblobs[0m[2m=[0m0 [3mexcess_blobs[0m[2m=[0m0 [3melapsed[0m[2m=[0m57.543098ms
[2m2026-09-23T16:40:37.541036Z[0m [32m INFO[0m [2mreth_node_events::node[0m[2m:[0m Canonical chain committed [3mnumber[0m[2m=[0m45 [3mhash[0m[2m=[0m0x80c38eb75a52e11b6360ad9ff1d05faa2f7c37523c387b2401e5d592a7430a57 [3melapsed[0m[2m=[0m21.624µs
[2m2026-09-23T16:40:37.598813Z[0m [32m INFO[0m [2mreth_node_events::node[0m[2m:[0m Forkchoice updated [3mhead_block_hash[0m[2m=[0m0x80c38eb75a52e11b6360ad9ff1d05faa2f7c37523c387b2401e5d592a7430a57 [3msafe_block_hash[0m[2m=[0m0x80c38eb75a52e11b6360ad9ff1d05faa2f7c37523c387b2401e5d592a7430a57 [3mfinalized_block_hash[0m[2m=[0m0x80c38eb75a52e11b6360ad9ff1d05faa2f7c37523c387b2401e5d592a7430a57
[2m2026-09-23T16:40:37.789256Z[0m [32m INFO[0m [2mreth_node_events::node[0m[2m:[0m Received new payload from consensus engine [3mnumber[0m[2m=[0m46 [3mhash[0m[2m=[0m0xccc9608f72b1ec4fb6e54003f6b53de8d0e341f5a9a9a4928fd4f13e534ca475
[2m2026-09-23T16:40:37.789776Z[0m [32m INFO[0m [2mengine::tree::payload_validator[0m[2m:[0m State root job finished [3mstrategy[0m[2m=[0m"sparse-trie" [3mstate_root[0m[2m=[0m0x57b28934fad1e672e0b1dc5c3bee89e8248e98298807b4df480aef2cdeee0ec5 [3melapsed[0m[2m=[0m55.295µs
[2m2026-09-23T16:40:37.847228Z[0m [32m INFO[0m [2mreth_node_events::node[0m[2m:[0m Block added to canonical chain [3mnumber[0m[2m=[0m46 [3mhash[0m[2m=[0m0xccc9608f72b1ec4fb6e54003f6b53de8d0e341f5a9a9a4928fd4f13e534ca475 [3mpeers[0m[2m=[0m0 [3mtxs[0m[2m=[0m0 [3mgas_used[0m[2m=[0m110.48Kgas [3mgas_throughput[0m[2m=[0m1.91Mgas/second [3mgas_limit[0m[2m=[0m30.00Mgas [3mfull[0m[2m=[0m0.4% [3mbase_fee[0m[2m=[0m0.00Gwei [3mblobs[0m[2m=[0m0 [3mexcess_blobs[0m[2m=[0m0 [3melapsed[0m[2m=[0m57.880179ms
[2m2026-09-23T16:40:39.725884Z[0m [32m INFO[0m [2mreth_node_events::node[0m[2m:[0m Canonical chain committed [3mnumber[0m[2m=[0m46 [3mhash[0m[2m=[0m0xccc9608f72b1ec4fb6e54003f6b53de8d0e341f5a9a9a4928fd4f13e534ca475 [3melapsed[0m[2m=[0m19.131µs
[2m2026-09-23T16:40:39.762402Z[0m [32m INFO[0m [2mreth_node_events::node[0m[2m:[0m Forkchoice updated [3mhead_block_hash[0m[2m=[0m0xccc9608f72b1ec4fb6e54003f6b53de8d0e341f5a9a9a4928fd4f13e534ca475 [3msafe_block_hash[0m[2m=[0m0xccc9608f72b1ec4fb6e54003f6b53de8d0e341f5a9a9a4928fd4f13e534ca475 [3mfinalized_block_hash[0m[2m=[0m0xccc9608f72b1ec4fb6e54003f6b53de8d0e341f5a9a9a4928fd4f13e534ca475
[2m2026-09-23T16:40:39.952859Z[0m [32m INFO[0m [2mreth_node_events::node[0m[2m:[0m Received new payload from consensus engine [3mnumber[0m[2m=[0m47 [3mhash[0m[2m=[0m0x937805f1d014b5b93c783fe6f14d2a28e1a937ca77ac8a297c3f455ea404f134
[2m2026-09-23T16:40:39.953462Z[0m [32m INFO[0m [2mengine::tree::payload_validator[0m[2m:[0m State root job finished [3mstrategy[0m[2m=[0m"sparse-trie" [3mstate_root[0m[2m=[0m0xbaff5686475399edfe181a0c22b8e643243a56b13833d4abaa85cb0f116cde48 [3melapsed[0m[2m=[0m136.879µs
[2m2026-09-23T16:40:40.010615Z[0m [32m INFO[0m [2mreth_node_events::node[0m[2m:[0m Block added to canonical chain [3mnumber[0m[2m=[0m47 [3mhash[0m[2m=[0m0x937805f1d014b5b93c783fe6f14d2a28e1a937ca77ac8a297c3f455ea404f134 [3mpeers[0m[2m=[0m0 [3mtxs[0m[2m=[0m0 [3mgas_used[0m[2m=[0m110.48Kgas [3mgas_throughput[0m[2m=[0m1.92Mgas/second [3mgas_limit[0m[2m=[0m30.00Mgas [3mfull[0m[2m=[0m0.4% [3mbase_fee[0m[2m=[0m0.00Gwei [3mblobs[0m[2m=[0m0 [3mexcess_blobs[0m[2m=[0m0 [3melapsed[0m[2m=[0m57.621802ms
[2m2026-09-23T16:40:42.401857Z[0m [32m INFO[0m [2mreth_node_events::node[0m[2m:[0m Canonical chain committed [3mnumber[0m[2m=[0m47 [3mhash[0m[2m=[0m0x937805f1d014b5b93c783fe6f14d2a28e1a937ca77ac8a297c3f455ea404f134 [3melapsed[0m[2m=[0m24.651µs
[2m2026-09-23T16:40:42.437913Z[0m [32m INFO[0m [2mreth_node_events::node[0m[2m:[0m Forkchoice updated [3mhead_block_hash[0m[2m=[0m0x937805f1d014b5b93c783fe6f14d2a28e1a937ca77ac8a297c3f455ea404f134 [3msafe_block_hash[0m[2m=[0m0x937805f1d014b5b93c783fe6f14d2a28e1a937ca77ac8a297c3f455ea404f134 [3mfinalized_block_hash[0m[2m=[0m0x937805f1d014b5b93c783fe6f14d2a28e1a937ca77ac8a297c3f455ea404f134
[2m2026-09-23T16:40:42.650126Z[0m [32m INFO[0m [2mreth_node_events::node[0m[2m:[0m Received new payload from consensus engine [3mnumber[0m[2m=[0m48 [3mhash[0m[2m=[0m0x8beff2f30a3cbf0d56e38a9e465249f41ac60949db40a679581670cb3c3d5648
[2m2026-09-23T16:40:42.650681Z[0m [32m INFO[0m [2mengine::tree::payload_validator[0m[2m:[0m State root job finished [3mstrategy[0m[2m=[0m"sparse-trie" [3mstate_root[0m[2m=[0m0x18d4591a6853cd857e1d4d5aca2f82c2dbe4e0b17f828ca01eb0b43ddd6d4980 [3melapsed[0m[2m=[0m48.568µs
[2m2026-09-23T16:40:42.671802Z[0m [32m INFO[0m [2mreth_node_events::node[0m[2m:[0m Block added to canonical chain [3mnumber[0m[2m=[0m48 [3mhash[0m[2m=[0m0x8beff2f30a3cbf0d56e38a9e465249f41ac60949db40a679581670cb3c3d5648 [3mpeers[0m[2m=[0m0 [3mtxs[0m[2m=[0m0 [3mgas_used[0m[2m=[0m110.48Kgas [3mgas_throughput[0m[2m=[0m5.11Mgas/second [3mgas_limit[0m[2m=[0m30.00Mgas [3mfull[0m[2m=[0m0.4% [3mbase_fee[0m[2m=[0m0.00Gwei [3mblobs[0m[2m=[0m0 [3mexcess_blobs[0m[2m=[0m0 [3melapsed[0m[2m=[0m21.619553ms
[2m2026-09-23T16:40:44.522190Z[0m [32m INFO[0m [2mreth_node_events::node[0m[2m:[0m Canonical chain committed [3mnumber[0m[2m=[0m48 [3mhash[0m[2m=[0m0x8beff2f30a3cbf0d56e38a9e465249f41ac60949db40a679581670cb3c3d5648 [3melapsed[0m[2m=[0m27.624µs
[2m2026-09-23T16:40:44.548458Z[0m [32m INFO[0m [2mreth_node_events::node[0m[2m:[0m Forkchoice updated [3mhead_block_hash[0m[2m=[0m0x8beff2f30a3cbf0d56e38a9e465249f41ac60949db40a679581670cb3c3d5648 [3msafe_block_hash[0m[2m=[0m0x8beff2f30a3cbf0d56e38a9e465249f41ac60949db40a679581670cb3c3d5648 [3mfinalized_block_hash[0m[2m=[0m0x8beff2f30a3cbf0d56e38a9e465249f41ac60949db40a679581670cb3c3d5648
--- evm3 ---
time=2026-09-23T19:40:28.4109+0300 level=INFO source=/Users/risto/uni/agre/bft-core-d2h/shardnode/bftclient.go:750 msg="accepted certificate" class=valid retryOfFailedApply=false partitionRound=48 rootRound=256 blockHash=705134efc97815f7577baaf35f255c4edeafa98210ea0e4c6369e3d12d5c81c9 nextRound=49 nextLeader=16Uiu2HAmGPneF9d76gQxVncGNofi156QbymsEQ5dVgwKAjYew5ne go_id=374
time=2026-09-23T19:40:28.6043+0300 level=INFO source=/Users/risto/uni/agre/bft-core-d2h/engineapi/adapter.go:349 msg="acquired certified parent registry witness" round=49 parentNumber=41 parentHash=705134efc97815f7577baaf35f255c4edeafa98210ea0e4c6369e3d12d5c81c9 go_id=374
time=2026-09-23T19:40:28.7603+0300 level=INFO source=/Users/risto/uni/agre/bft-core-d2h/engineapi/adapter.go:601 msg="verified execution payload" round=49 blockHash=ff4afc418e965b994e8f9d0eca0784fd1363bfb0b2e55acdc3f072e16ebd192e status=VALID rootInput=8b0203084180183100005820705134efc97815f7577baaf35f255c4edeafa98210ea0e4c6369e3d12d5c81c98803190100011a6ab400fa5820b2a148add4547616bb624d8eda56ed15dd028c999a77bcefb3720820b919d294861830005820864e936a5ffb8fa55d879d94bd5d0476b809496075dd8e8e907b8860e16961f5582025ee667e895769fed8573d3a5100682fe9e8904db3a3e64efc8995c3ac685d8e1a6ab400f85820705134efc97815f7577baaf35f255c4edeafa98210ea0e4c6369e3d12d5c81c958200b8315beee34792bcf7f83aba65a7c8741952400f37c2b70aae7c5107979b95758208d32e8b5dcaecf36b2077d10b3e4ded1d55bd1f294a501fec923f645e0e8963885183100783531365569753248416d47506e654639643736675178566e63474e6f66693135365162796d73455135645667774b416a596577356e6558209b210edea4d2790600d1ecdce2520cfb87c2b0c9ba7c6d7969b86dacb389ad795820840932c4f0b77d402a619ae0f6edbbcf689d4feab957332832d041d70fdc269280 commitment=925815edb7e01d8d87abe705865bc7e6a05039e87f8022c1cbc5de470dd307de go_id=374
time=2026-09-23T19:40:28.7819+0300 level=INFO source=/Users/risto/uni/agre/bft-core-d2h/shardnode/round.go:894 msg="submitting block certification request" round=49 quiet=false leader=false go_id=374
time=2026-09-23T19:40:30.7896+0300 level=INFO source=/Users/risto/uni/agre/bft-core-d2h/shardnode/bftclient.go:750 msg="accepted certificate" class=valid retryOfFailedApply=false partitionRound=49 rootRound=259 blockHash=ff4afc418e965b994e8f9d0eca0784fd1363bfb0b2e55acdc3f072e16ebd192e nextRound=50 nextLeader=16Uiu2HAm9f2efvTXLTiZfEKJ3rkg15HYYKZJhm9QZScNSgGhtf1s go_id=374
time=2026-09-23T19:40:30.9892+0300 level=INFO source=/Users/risto/uni/agre/bft-core-d2h/engineapi/adapter.go:349 msg="acquired certified parent registry witness" round=50 parentNumber=42 parentHash=ff4afc418e965b994e8f9d0eca0784fd1363bfb0b2e55acdc3f072e16ebd192e go_id=374
time=2026-09-23T19:40:31.1209+0300 level=INFO source=/Users/risto/uni/agre/bft-core-d2h/engineapi/adapter.go:601 msg="verified execution payload" round=50 blockHash=9695fcb150da367fbb2a9962f4b49037059d36d106f36cddbed99572cd4fb84d status=VALID rootInput=8b0203084180183200005820ff4afc418e965b994e8f9d0eca0784fd1363bfb0b2e55acdc3f072e16ebd192e8803190103011a6ab400fd5820e7623f602b4f51cf06371e5e91cf53bbfd4452c38685cf95c8ef1a555707d05c86183100582025ee667e895769fed8573d3a5100682fe9e8904db3a3e64efc8995c3ac685d8e58203f5d791391e97a2060bfe6ca2d76959b4191e32a6afa4730bef46bdbdd7d849a1a6ab400fa5820ff4afc418e965b994e8f9d0eca0784fd1363bfb0b2e55acdc3f072e16ebd192e58201f22377130085e58362af9d4119366b36f9bdd0189d8b14e26ce716d5ec08fe258208d32e8b5dcaecf36b2077d10b3e4ded1d55bd1f294a501fec923f645e0e8963885183200783531365569753248416d39663265667654584c54695a66454b4a33726b6731354859594b5a4a686d39515a53634e53674768746631735820468d8c184709c6c9ee1ee2653da97ed07f14e882908e51f42d50218cffbc62fa5820840932c4f0b77d402a619ae0f6edbbcf689d4feab957332832d041d70fdc269280 commitment=fe585163199b6d4f177a12180f54cd674f4a085d41fa03eb6971633a875ca5e9 go_id=374
time=2026-09-23T19:40:31.1431+0300 level=INFO source=/Users/risto/uni/agre/bft-core-d2h/shardnode/round.go:894 msg="submitting block certification request" round=50 quiet=false leader=false go_id=374
time=2026-09-23T19:40:33.0314+0300 level=INFO source=/Users/risto/uni/agre/bft-core-d2h/shardnode/bftclient.go:750 msg="accepted certificate" class=valid retryOfFailedApply=false partitionRound=50 rootRound=262 blockHash=9695fcb150da367fbb2a9962f4b49037059d36d106f36cddbed99572cd4fb84d nextRound=51 nextLeader=16Uiu2HAmGPneF9d76gQxVncGNofi156QbymsEQ5dVgwKAjYew5ne go_id=374
time=2026-09-23T19:40:33.2614+0300 level=INFO source=/Users/risto/uni/agre/bft-core-d2h/engineapi/adapter.go:349 msg="acquired certified parent registry witness" round=51 parentNumber=43 parentHash=9695fcb150da367fbb2a9962f4b49037059d36d106f36cddbed99572cd4fb84d go_id=374
time=2026-09-23T19:40:33.4120+0300 level=INFO source=/Users/risto/uni/agre/bft-core-d2h/engineapi/adapter.go:601 msg="verified execution payload" round=51 blockHash=0b5a54669e3a91ed838e41c8b86325e5ba65b1e59b4cb24721151ee92dcce293 status=VALID rootInput=8b02030841801833000058209695fcb150da367fbb2a9962f4b49037059d36d106f36cddbed99572cd4fb84d8803190106011a6ab400ff5820037a375e99c8f8eb076d2ecc2a9e012955752c3f623647bed2ee0c5d0401d8528618320058203f5d791391e97a2060bfe6ca2d76959b4191e32a6afa4730bef46bdbdd7d849a5820c30da53dcbaabacc8a3194d0b2c1286a2998f796e923a9ffdd38573b6c9215891a6ab400fd58209695fcb150da367fbb2a9962f4b49037059d36d106f36cddbed99572cd4fb84d5820783396e4f78c7cfb46392c070eb9809875f986797304b5a578717cc41636353758208d32e8b5dcaecf36b2077d10b3e4ded1d55bd1f294a501fec923f645e0e8963885183300783531365569753248416d47506e654639643736675178566e63474e6f66693135365162796d73455135645667774b416a596577356e65582019e1b0a4608fc7ad484685f5be71e9eb582dc29ebe206d6c7060c3700393401d5820840932c4f0b77d402a619ae0f6edbbcf689d4feab957332832d041d70fdc269280 commitment=f8b4c880c4e423f698e30b2b4258dd951708fd04cc9e7ed43bf4f4f54289f87d go_id=374
time=2026-09-23T19:40:33.4339+0300 level=INFO source=/Users/risto/uni/agre/bft-core-d2h/shardnode/round.go:894 msg="submitting block certification request" round=51 quiet=false leader=false go_id=374
time=2026-09-23T19:40:35.3700+0300 level=INFO source=/Users/risto/uni/agre/bft-core-d2h/shardnode/bftclient.go:750 msg="accepted certificate" class=valid retryOfFailedApply=false partitionRound=51 rootRound=265 blockHash=0b5a54669e3a91ed838e41c8b86325e5ba65b1e59b4cb24721151ee92dcce293 nextRound=52 nextLeader=16Uiu2HAmTtoDswe3yo6YqSEX5QETdW56hw3BHCs8c3a1np7hFVtR go_id=374
time=2026-09-23T19:40:35.3734+0300 level=INFO source=/Users/risto/uni/agre/bft-core-d2h/engineapi/adapter.go:349 msg="acquired certified parent registry witness" round=52 parentNumber=44 parentHash=0b5a54669e3a91ed838e41c8b86325e5ba65b1e59b4cb24721151ee92dcce293 go_id=374
time=2026-09-23T19:40:35.4816+0300 level=INFO source=/Users/risto/uni/agre/bft-core-d2h/engineapi/adapter.go:461 msg="sealed execution payload" blockHash=80c38eb75a52e11b6360ad9ff1d05faa2f7c37523c387b2401e5d592a7430a57 parentHash=0b5a54669e3a91ed838e41c8b86325e5ba65b1e59b4cb24721151ee92dcce293 userTransactions=0 rootInput=8b02030841801834000058200b5a54669e3a91ed838e41c8b86325e5ba65b1e59b4cb24721151ee92dcce2938803190109011a6ab401015820160ad092041426bd29ac034ee7910d6ec01be34f021dc5e3e204238a99b46cb8861833005820c30da53dcbaabacc8a3194d0b2c1286a2998f796e923a9ffdd38573b6c9215895820f3b6b5cf038b570878ed785691069d5ed40c25ae1e93389071174671000b78681a6ab400ff58200b5a54669e3a91ed838e41c8b86325e5ba65b1e59b4cb24721151ee92dcce2935820483939479c59a25991b2bdf8fcf2ffd2aad40caf6e8938ac0f2f41d76416c3e158208d32e8b5dcaecf36b2077d10b3e4ded1d55bd1f294a501fec923f645e0e8963885183400783531365569753248416d54746f4473776533796f36597153455835514554645735366877334248437338633361316e70376846567452582056889f95694bb322b9e3c4cd57f84373610932e53f960fda2ab39e0e3108ab985820840932c4f0b77d402a619ae0f6edbbcf689d4feab957332832d041d70fdc269280 commitment=44685bcb8fde9e81d7086ac7978dfdcd4842142d028fb76fdc4983a4ec0051d9 go_id=374
time=2026-09-23T19:40:35.5027+0300 level=INFO source=/Users/risto/uni/agre/bft-core-d2h/engineapi/adapter.go:349 msg="acquired certified parent registry witness" round=52 parentNumber=44 parentHash=0b5a54669e3a91ed838e41c8b86325e5ba65b1e59b4cb24721151ee92dcce293 go_id=374
time=2026-09-23T19:40:35.6185+0300 level=INFO source=/Users/risto/uni/agre/bft-core-d2h/engineapi/adapter.go:601 msg="verified execution payload" round=52 blockHash=80c38eb75a52e11b6360ad9ff1d05faa2f7c37523c387b2401e5d592a7430a57 status=VALID rootInput=8b02030841801834000058200b5a54669e3a91ed838e41c8b86325e5ba65b1e59b4cb24721151ee92dcce2938803190109011a6ab401015820160ad092041426bd29ac034ee7910d6ec01be34f021dc5e3e204238a99b46cb8861833005820c30da53dcbaabacc8a3194d0b2c1286a2998f796e923a9ffdd38573b6c9215895820f3b6b5cf038b570878ed785691069d5ed40c25ae1e93389071174671000b78681a6ab400ff58200b5a54669e3a91ed838e41c8b86325e5ba65b1e59b4cb24721151ee92dcce2935820483939479c59a25991b2bdf8fcf2ffd2aad40caf6e8938ac0f2f41d76416c3e158208d32e8b5dcaecf36b2077d10b3e4ded1d55bd1f294a501fec923f645e0e8963885183400783531365569753248416d54746f4473776533796f36597153455835514554645735366877334248437338633361316e70376846567452582056889f95694bb322b9e3c4cd57f84373610932e53f960fda2ab39e0e3108ab985820840932c4f0b77d402a619ae0f6edbbcf689d4feab957332832d041d70fdc269280 commitment=44685bcb8fde9e81d7086ac7978dfdcd4842142d028fb76fdc4983a4ec0051d9 go_id=374
time=2026-09-23T19:40:35.6566+0300 level=INFO source=/Users/risto/uni/agre/bft-core-d2h/shardnode/round.go:894 msg="submitting block certification request" round=52 quiet=false leader=true go_id=374
time=2026-09-23T19:40:37.5404+0300 level=INFO source=/Users/risto/uni/agre/bft-core-d2h/shardnode/bftclient.go:750 msg="accepted certificate" class=valid retryOfFailedApply=false partitionRound=52 rootRound=268 blockHash=80c38eb75a52e11b6360ad9ff1d05faa2f7c37523c387b2401e5d592a7430a57 nextRound=53 nextLeader=16Uiu2HAm9f2efvTXLTiZfEKJ3rkg15HYYKZJhm9QZScNSgGhtf1s go_id=374
time=2026-09-23T19:40:37.7174+0300 level=INFO source=/Users/risto/uni/agre/bft-core-d2h/engineapi/adapter.go:349 msg="acquired certified parent registry witness" round=53 parentNumber=45 parentHash=80c38eb75a52e11b6360ad9ff1d05faa2f7c37523c387b2401e5d592a7430a57 go_id=374
time=2026-09-23T19:40:37.8846+0300 level=INFO source=/Users/risto/uni/agre/bft-core-d2h/engineapi/adapter.go:601 msg="verified execution payload" round=53 blockHash=ccc9608f72b1ec4fb6e54003f6b53de8d0e341f5a9a9a4928fd4f13e534ca475 status=VALID rootInput=8b020308418018350000582080c38eb75a52e11b6360ad9ff1d05faa2f7c37523c387b2401e5d592a7430a57880319010c011a6ab4010458202d7268f9c1d33f4d8ca15b4f1be2a91e0e4b55d42452691dd6896a154e879ee0861834005820f3b6b5cf038b570878ed785691069d5ed40c25ae1e93389071174671000b78685820a0d24938861e76c8b4b69d229d6321c07d861068eda4eca38d953e5433cac2c11a6ab40101582080c38eb75a52e11b6360ad9ff1d05faa2f7c37523c387b2401e5d592a7430a5758209b3c8ac9ec4564c4bfd29c63b8c776519378a307e0558a893bce5b9a58afa13a58208d32e8b5dcaecf36b2077d10b3e4ded1d55bd1f294a501fec923f645e0e8963885183500783531365569753248416d39663265667654584c54695a66454b4a33726b6731354859594b5a4a686d39515a53634e53674768746631735820dd7cfc3efb61430f471826796762501b5b6746a8349e0dc1908ce850ccee7f4c5820840932c4f0b77d402a619ae0f6edbbcf689d4feab957332832d041d70fdc269280 commitment=a701c4252d2f61e311c57a10c6921544ae32dfb24563e38929b8d71fb7ff590b go_id=374
time=2026-09-23T19:40:37.9070+0300 level=INFO source=/Users/risto/uni/agre/bft-core-d2h/shardnode/round.go:894 msg="submitting block certification request" round=53 quiet=false leader=false go_id=374
time=2026-09-23T19:40:39.7251+0300 level=INFO source=/Users/risto/uni/agre/bft-core-d2h/shardnode/bftclient.go:750 msg="accepted certificate" class=valid retryOfFailedApply=false partitionRound=53 rootRound=271 blockHash=ccc9608f72b1ec4fb6e54003f6b53de8d0e341f5a9a9a4928fd4f13e534ca475 nextRound=54 nextLeader=16Uiu2HAm9f2efvTXLTiZfEKJ3rkg15HYYKZJhm9QZScNSgGhtf1s go_id=374
time=2026-09-23T19:40:39.8809+0300 level=INFO source=/Users/risto/uni/agre/bft-core-d2h/engineapi/adapter.go:349 msg="acquired certified parent registry witness" round=54 parentNumber=46 parentHash=ccc9608f72b1ec4fb6e54003f6b53de8d0e341f5a9a9a4928fd4f13e534ca475 go_id=374
time=2026-09-23T19:40:40.0478+0300 level=INFO source=/Users/risto/uni/agre/bft-core-d2h/engineapi/adapter.go:601 msg="verified execution payload" round=54 blockHash=937805f1d014b5b93c783fe6f14d2a28e1a937ca77ac8a297c3f455ea404f134 status=VALID rootInput=8b0203084180183600005820ccc9608f72b1ec4fb6e54003f6b53de8d0e341f5a9a9a4928fd4f13e534ca475880319010f011a6ab40106582072c2e154f95d489a5b259dd0b1c1cd59d6626b4068ab835c418e2a3396f2a610861835005820a0d24938861e76c8b4b69d229d6321c07d861068eda4eca38d953e5433cac2c1582057b28934fad1e672e0b1dc5c3bee89e8248e98298807b4df480aef2cdeee0ec51a6ab401045820ccc9608f72b1ec4fb6e54003f6b53de8d0e341f5a9a9a4928fd4f13e534ca4755820bae0e801b4925f224ecfdca2fc8cc9c2c93abce4f25c066fd18819ff16525d3858208d32e8b5dcaecf36b2077d10b3e4ded1d55bd1f294a501fec923f645e0e8963885183600783531365569753248416d39663265667654584c54695a66454b4a33726b6731354859594b5a4a686d39515a53634e53674768746631735820cf6ab86ff92ddcdd0bc2d09853f01ee013e7cd0832dc6fe7ef63e1e764f7fbb35820840932c4f0b77d402a619ae0f6edbbcf689d4feab957332832d041d70fdc269280 commitment=048cc833e518457604e0921ef0911d1f4f5095d6199984038708b13de030bcb5 go_id=374
time=2026-09-23T19:40:40.1116+0300 level=INFO source=/Users/risto/uni/agre/bft-core-d2h/shardnode/round.go:894 msg="submitting block certification request" round=54 quiet=false leader=false go_id=374
time=2026-09-23T19:40:42.3808+0300 level=INFO source=/Users/risto/uni/agre/bft-core-d2h/shardnode/bftclient.go:750 msg="accepted certificate" class=valid retryOfFailedApply=false partitionRound=54 rootRound=274 blockHash=937805f1d014b5b93c783fe6f14d2a28e1a937ca77ac8a297c3f455ea404f134 nextRound=55 nextLeader=16Uiu2HAm9f2efvTXLTiZfEKJ3rkg15HYYKZJhm9QZScNSgGhtf1s go_id=374
time=2026-09-23T19:40:42.5975+0300 level=INFO source=/Users/risto/uni/agre/bft-core-d2h/engineapi/adapter.go:349 msg="acquired certified parent registry witness" round=55 parentNumber=47 parentHash=937805f1d014b5b93c783fe6f14d2a28e1a937ca77ac8a297c3f455ea404f134 go_id=374
time=2026-09-23T19:40:42.7093+0300 level=INFO source=/Users/risto/uni/agre/bft-core-d2h/engineapi/adapter.go:601 msg="verified execution payload" round=55 blockHash=8beff2f30a3cbf0d56e38a9e465249f41ac60949db40a679581670cb3c3d5648 status=VALID rootInput=8b0203084180183700005820937805f1d014b5b93c783fe6f14d2a28e1a937ca77ac8a297c3f455ea404f1348803190112011a6ab4010858208052efda04a769a0354c6b45a357733b21879325706d4a0c1803da9ffdfb99f986183600582057b28934fad1e672e0b1dc5c3bee89e8248e98298807b4df480aef2cdeee0ec55820baff5686475399edfe181a0c22b8e643243a56b13833d4abaa85cb0f116cde481a6ab401065820937805f1d014b5b93c783fe6f14d2a28e1a937ca77ac8a297c3f455ea404f134582001b532b7471235e5409af8e233f081a62fc9ce874d1999dee66634cdcc22d1aa58208d32e8b5dcaecf36b2077d10b3e4ded1d55bd1f294a501fec923f645e0e8963885183700783531365569753248416d39663265667654584c54695a66454b4a33726b6731354859594b5a4a686d39515a53634e5367476874663173582050360018242779efe5a753f46e0942b1b40b75ff52431bd4fff8e8fca36432f65820840932c4f0b77d402a619ae0f6edbbcf689d4feab957332832d041d70fdc269280 commitment=581008787c060b98e0f48f01f0759ffcb2509b6606e5d203ae98e8bf77c03c3b go_id=374
time=2026-09-23T19:40:42.7308+0300 level=INFO source=/Users/risto/uni/agre/bft-core-d2h/shardnode/round.go:894 msg="submitting block certification request" round=55 quiet=false leader=false go_id=374
time=2026-09-23T19:40:44.4749+0300 level=INFO source=/Users/risto/uni/agre/bft-core-d2h/shardnode/bftclient.go:750 msg="accepted certificate" class=valid retryOfFailedApply=false partitionRound=55 rootRound=277 blockHash=8beff2f30a3cbf0d56e38a9e465249f41ac60949db40a679581670cb3c3d5648 nextRound=56 nextLeader=16Uiu2HAm3wGgeazNWFfLVUuuGdgZM2yEohbi2B78mk18i7nY5sRP go_id=374
time=2026-09-23T19:40:47.0256+0300 level=ERROR source=/Users/risto/uni/agre/bft-core-d2h/shardnode/bftclient.go:496 msg="processing certification response" err="producing round 56 block: awaiting round 56 block from leader 16Uiu2HAm3wGgeazNWFfLVUuuGdgZM2yEohbi2B78mk18i7nY5sRP: shardnode: awaiting round 56: context deadline exceeded (this validator abstains from the round; the next certificate — likely a repeat UC — will start a fresh attempt)" go_id=374
time=2026-09-23T19:40:47.0467+0300 level=INFO source=/Users/risto/uni/agre/bft-core-d2h/shardnode/bftclient.go:750 msg="accepted certificate" class=duplicate retryOfFailedApply=true partitionRound=55 rootRound=277 blockHash=8beff2f30a3cbf0d56e38a9e465249f41ac60949db40a679581670cb3c3d5648 nextRound=56 nextLeader=16Uiu2HAm3wGgeazNWFfLVUuuGdgZM2yEohbi2B78mk18i7nY5sRP go_id=374
time=2026-09-23T19:40:49.5693+0300 level=ERROR source=/Users/risto/uni/agre/bft-core-d2h/shardnode/bftclient.go:496 msg="processing certification response" err="producing round 56 block: awaiting round 56 block from leader 16Uiu2HAm3wGgeazNWFfLVUuuGdgZM2yEohbi2B78mk18i7nY5sRP: shardnode: awaiting round 56: context deadline exceeded (this validator abstains from the round; the next certificate — likely a repeat UC — will start a fresh attempt)" go_id=374
time=2026-09-23T19:40:49.5717+0300 level=INFO source=/Users/risto/uni/agre/bft-core-d2h/shardnode/bftclient.go:750 msg="accepted certificate" class=duplicate retryOfFailedApply=true partitionRound=55 rootRound=277 blockHash=8beff2f30a3cbf0d56e38a9e465249f41ac60949db40a679581670cb3c3d5648 nextRound=56 nextLeader=16Uiu2HAm3wGgeazNWFfLVUuuGdgZM2yEohbi2B78mk18i7nY5sRP go_id=374
--- reth3 ---
[2m2026-09-23T16:40:28.717544Z[0m [32m INFO[0m [2mreth_node_events::node[0m[2m:[0m Block added to canonical chain [3mnumber[0m[2m=[0m42 [3mhash[0m[2m=[0m0xff4afc418e965b994e8f9d0eca0784fd1363bfb0b2e55acdc3f072e16ebd192e [3mpeers[0m[2m=[0m0 [3mtxs[0m[2m=[0m0 [3mgas_used[0m[2m=[0m110.48Kgas [3mgas_throughput[0m[2m=[0m1.91Mgas/second [3mgas_limit[0m[2m=[0m30.00Mgas [3mfull[0m[2m=[0m0.4% [3mbase_fee[0m[2m=[0m0.00Gwei [3mblobs[0m[2m=[0m0 [3mexcess_blobs[0m[2m=[0m0 [3melapsed[0m[2m=[0m57.915201ms
[2m2026-09-23T16:40:30.790515Z[0m [32m INFO[0m [2mreth_node_events::node[0m[2m:[0m Canonical chain committed [3mnumber[0m[2m=[0m42 [3mhash[0m[2m=[0m0xff4afc418e965b994e8f9d0eca0784fd1363bfb0b2e55acdc3f072e16ebd192e [3melapsed[0m[2m=[0m25.481µs
[2m2026-09-23T16:40:30.869705Z[0m [32m INFO[0m [2mreth_node_events::node[0m[2m:[0m Forkchoice updated [3mhead_block_hash[0m[2m=[0m0xff4afc418e965b994e8f9d0eca0784fd1363bfb0b2e55acdc3f072e16ebd192e [3msafe_block_hash[0m[2m=[0m0xff4afc418e965b994e8f9d0eca0784fd1363bfb0b2e55acdc3f072e16ebd192e [3mfinalized_block_hash[0m[2m=[0m0xff4afc418e965b994e8f9d0eca0784fd1363bfb0b2e55acdc3f072e16ebd192e
[2m2026-09-23T16:40:31.045483Z[0m [32m INFO[0m [2mreth_node_events::node[0m[2m:[0m Received new payload from consensus engine [3mnumber[0m[2m=[0m43 [3mhash[0m[2m=[0m0x9695fcb150da367fbb2a9962f4b49037059d36d106f36cddbed99572cd4fb84d
[2m2026-09-23T16:40:31.045950Z[0m [32m INFO[0m [2mengine::tree::payload_validator[0m[2m:[0m State root job finished [3mstrategy[0m[2m=[0m"sparse-trie" [3mstate_root[0m[2m=[0m0xc30da53dcbaabacc8a3194d0b2c1286a2998f796e923a9ffdd38573b6c921589 [3melapsed[0m[2m=[0m2.717µs
[2m2026-09-23T16:40:31.082527Z[0m [32m INFO[0m [2mreth_node_events::node[0m[2m:[0m Block added to canonical chain [3mnumber[0m[2m=[0m43 [3mhash[0m[2m=[0m0x9695fcb150da367fbb2a9962f4b49037059d36d106f36cddbed99572cd4fb84d [3mpeers[0m[2m=[0m0 [3mtxs[0m[2m=[0m0 [3mgas_used[0m[2m=[0m110.48Kgas [3mgas_throughput[0m[2m=[0m2.99Mgas/second [3mgas_limit[0m[2m=[0m30.00Mgas [3mfull[0m[2m=[0m0.4% [3mbase_fee[0m[2m=[0m0.00Gwei [3mblobs[0m[2m=[0m0 [3mexcess_blobs[0m[2m=[0m0 [3melapsed[0m[2m=[0m37.003929ms
[2m2026-09-23T16:40:31.825819Z[0m [32m INFO[0m [2mreth::cli[0m[2m:[0m Status [3mconnected_peers[0m[2m=[0m0 [3mlatest_block[0m[2m=[0m42
[2m2026-09-23T16:40:33.032115Z[0m [32m INFO[0m [2mreth_node_events::node[0m[2m:[0m Canonical chain committed [3mnumber[0m[2m=[0m43 [3mhash[0m[2m=[0m0x9695fcb150da367fbb2a9962f4b49037059d36d106f36cddbed99572cd4fb84d [3melapsed[0m[2m=[0m19.771µs
[2m2026-09-23T16:40:33.068672Z[0m [32m INFO[0m [2mreth_node_events::node[0m[2m:[0m Forkchoice updated [3mhead_block_hash[0m[2m=[0m0x9695fcb150da367fbb2a9962f4b49037059d36d106f36cddbed99572cd4fb84d [3msafe_block_hash[0m[2m=[0m0x9695fcb150da367fbb2a9962f4b49037059d36d106f36cddbed99572cd4fb84d [3mfinalized_block_hash[0m[2m=[0m0x9695fcb150da367fbb2a9962f4b49037059d36d106f36cddbed99572cd4fb84d
[2m2026-09-23T16:40:33.316190Z[0m [32m INFO[0m [2mreth_node_events::node[0m[2m:[0m Received new payload from consensus engine [3mnumber[0m[2m=[0m44 [3mhash[0m[2m=[0m0x0b5a54669e3a91ed838e41c8b86325e5ba65b1e59b4cb24721151ee92dcce293
[2m2026-09-23T16:40:33.316691Z[0m [32m INFO[0m [2mengine::tree::payload_validator[0m[2m:[0m State root job finished [3mstrategy[0m[2m=[0m"sparse-trie" [3mstate_root[0m[2m=[0m0xf3b6b5cf038b570878ed785691069d5ed40c25ae1e93389071174671000b7868 [3melapsed[0m[2m=[0m27.51µs
[2m2026-09-23T16:40:33.375792Z[0m [32m INFO[0m [2mreth_node_events::node[0m[2m:[0m Block added to canonical chain [3mnumber[0m[2m=[0m44 [3mhash[0m[2m=[0m0x0b5a54669e3a91ed838e41c8b86325e5ba65b1e59b4cb24721151ee92dcce293 [3mpeers[0m[2m=[0m0 [3mtxs[0m[2m=[0m0 [3mgas_used[0m[2m=[0m110.48Kgas [3mgas_throughput[0m[2m=[0m1.86Mgas/second [3mgas_limit[0m[2m=[0m30.00Mgas [3mfull[0m[2m=[0m0.4% [3mbase_fee[0m[2m=[0m0.00Gwei [3mblobs[0m[2m=[0m0 [3mexcess_blobs[0m[2m=[0m0 [3melapsed[0m[2m=[0m59.539078ms
[2m2026-09-23T16:40:35.370704Z[0m [32m INFO[0m [2mreth_node_events::node[0m[2m:[0m Canonical chain committed [3mnumber[0m[2m=[0m44 [3mhash[0m[2m=[0m0x0b5a54669e3a91ed838e41c8b86325e5ba65b1e59b4cb24721151ee92dcce293 [3melapsed[0m[2m=[0m21.044µs
[2m2026-09-23T16:40:35.407127Z[0m [32m INFO[0m [2mreth_node_events::node[0m[2m:[0m Forkchoice updated [3mhead_block_hash[0m[2m=[0m0x0b5a54669e3a91ed838e41c8b86325e5ba65b1e59b4cb24721151ee92dcce293 [3msafe_block_hash[0m[2m=[0m0x0b5a54669e3a91ed838e41c8b86325e5ba65b1e59b4cb24721151ee92dcce293 [3mfinalized_block_hash[0m[2m=[0m0x0b5a54669e3a91ed838e41c8b86325e5ba65b1e59b4cb24721151ee92dcce293
[2m2026-09-23T16:40:35.408241Z[0m [32m INFO[0m [2mpayload_builder[0m[2m:[0m New payload job created [3mid[0m[2m=[0m0xef39acb46ca599c3 [3mparent[0m[2m=[0m0x0b5a54669e3a91ed838e41c8b86325e5ba65b1e59b4cb24721151ee92dcce293
[2m2026-09-23T16:40:35.525510Z[0m [32m INFO[0m [2mreth_node_events::node[0m[2m:[0m Received new payload from consensus engine [3mnumber[0m[2m=[0m45 [3mhash[0m[2m=[0m0x80c38eb75a52e11b6360ad9ff1d05faa2f7c37523c387b2401e5d592a7430a57
[2m2026-09-23T16:40:35.526060Z[0m [32m INFO[0m [2mengine::tree::payload_validator[0m[2m:[0m State root job finished [3mstrategy[0m[2m=[0m"sparse-trie" [3mstate_root[0m[2m=[0m0xa0d24938861e76c8b4b69d229d6321c07d861068eda4eca38d953e5433cac2c1 [3melapsed[0m[2m=[0m86.167µs
[2m2026-09-23T16:40:35.581618Z[0m [32m INFO[0m [2mreth_node_events::node[0m[2m:[0m Block added to canonical chain [3mnumber[0m[2m=[0m45 [3mhash[0m[2m=[0m0x80c38eb75a52e11b6360ad9ff1d05faa2f7c37523c387b2401e5d592a7430a57 [3mpeers[0m[2m=[0m0 [3mtxs[0m[2m=[0m0 [3mgas_used[0m[2m=[0m110.48Kgas [3mgas_throughput[0m[2m=[0m1.97Mgas/second [3mgas_limit[0m[2m=[0m30.00Mgas [3mfull[0m[2m=[0m0.4% [3mbase_fee[0m[2m=[0m0.00Gwei [3mblobs[0m[2m=[0m0 [3mexcess_blobs[0m[2m=[0m0 [3melapsed[0m[2m=[0m56.070574ms
[2m2026-09-23T16:40:37.541061Z[0m [32m INFO[0m [2mreth_node_events::node[0m[2m:[0m Canonical chain committed [3mnumber[0m[2m=[0m45 [3mhash[0m[2m=[0m0x80c38eb75a52e11b6360ad9ff1d05faa2f7c37523c387b2401e5d592a7430a57 [3melapsed[0m[2m=[0m29.884µs
[2m2026-09-23T16:40:37.598827Z[0m [32m INFO[0m [2mreth_node_events::node[0m[2m:[0m Forkchoice updated [3mhead_block_hash[0m[2m=[0m0x80c38eb75a52e11b6360ad9ff1d05faa2f7c37523c387b2401e5d592a7430a57 [3msafe_block_hash[0m[2m=[0m0x80c38eb75a52e11b6360ad9ff1d05faa2f7c37523c387b2401e5d592a7430a57 [3mfinalized_block_hash[0m[2m=[0m0x80c38eb75a52e11b6360ad9ff1d05faa2f7c37523c387b2401e5d592a7430a57
[2m2026-09-23T16:40:37.789142Z[0m [32m INFO[0m [2mreth_node_events::node[0m[2m:[0m Received new payload from consensus engine [3mnumber[0m[2m=[0m46 [3mhash[0m[2m=[0m0xccc9608f72b1ec4fb6e54003f6b53de8d0e341f5a9a9a4928fd4f13e534ca475
[2m2026-09-23T16:40:37.789766Z[0m [32m INFO[0m [2mengine::tree::payload_validator[0m[2m:[0m State root job finished [3mstrategy[0m[2m=[0m"sparse-trie" [3mstate_root[0m[2m=[0m0x57b28934fad1e672e0b1dc5c3bee89e8248e98298807b4df480aef2cdeee0ec5 [3melapsed[0m[2m=[0m76.163µs
[2m2026-09-23T16:40:37.847201Z[0m [32m INFO[0m [2mreth_node_events::node[0m[2m:[0m Block added to canonical chain [3mnumber[0m[2m=[0m46 [3mhash[0m[2m=[0m0xccc9608f72b1ec4fb6e54003f6b53de8d0e341f5a9a9a4928fd4f13e534ca475 [3mpeers[0m[2m=[0m0 [3mtxs[0m[2m=[0m0 [3mgas_used[0m[2m=[0m110.48Kgas [3mgas_throughput[0m[2m=[0m1.91Mgas/second [3mgas_limit[0m[2m=[0m30.00Mgas [3mfull[0m[2m=[0m0.4% [3mbase_fee[0m[2m=[0m0.00Gwei [3mblobs[0m[2m=[0m0 [3mexcess_blobs[0m[2m=[0m0 [3melapsed[0m[2m=[0m57.947363ms
[2m2026-09-23T16:40:39.725819Z[0m [32m INFO[0m [2mreth_node_events::node[0m[2m:[0m Canonical chain committed [3mnumber[0m[2m=[0m46 [3mhash[0m[2m=[0m0xccc9608f72b1ec4fb6e54003f6b53de8d0e341f5a9a9a4928fd4f13e534ca475 [3melapsed[0m[2m=[0m19.036µs
[2m2026-09-23T16:40:39.762380Z[0m [32m INFO[0m [2mreth_node_events::node[0m[2m:[0m Forkchoice updated [3mhead_block_hash[0m[2m=[0m0xccc9608f72b1ec4fb6e54003f6b53de8d0e341f5a9a9a4928fd4f13e534ca475 [3msafe_block_hash[0m[2m=[0m0xccc9608f72b1ec4fb6e54003f6b53de8d0e341f5a9a9a4928fd4f13e534ca475 [3mfinalized_block_hash[0m[2m=[0m0xccc9608f72b1ec4fb6e54003f6b53de8d0e341f5a9a9a4928fd4f13e534ca475
[2m2026-09-23T16:40:39.952869Z[0m [32m INFO[0m [2mreth_node_events::node[0m[2m:[0m Received new payload from consensus engine [3mnumber[0m[2m=[0m47 [3mhash[0m[2m=[0m0x937805f1d014b5b93c783fe6f14d2a28e1a937ca77ac8a297c3f455ea404f134
[2m2026-09-23T16:40:39.953478Z[0m [32m INFO[0m [2mengine::tree::payload_validator[0m[2m:[0m State root job finished [3mstrategy[0m[2m=[0m"sparse-trie" [3mstate_root[0m[2m=[0m0xbaff5686475399edfe181a0c22b8e643243a56b13833d4abaa85cb0f116cde48 [3melapsed[0m[2m=[0m144.581µs
[2m2026-09-23T16:40:40.010581Z[0m [32m INFO[0m [2mreth_node_events::node[0m[2m:[0m Block added to canonical chain [3mnumber[0m[2m=[0m47 [3mhash[0m[2m=[0m0x937805f1d014b5b93c783fe6f14d2a28e1a937ca77ac8a297c3f455ea404f134 [3mpeers[0m[2m=[0m0 [3mtxs[0m[2m=[0m0 [3mgas_used[0m[2m=[0m110.48Kgas [3mgas_throughput[0m[2m=[0m1.92Mgas/second [3mgas_limit[0m[2m=[0m30.00Mgas [3mfull[0m[2m=[0m0.4% [3mbase_fee[0m[2m=[0m0.00Gwei [3mblobs[0m[2m=[0m0 [3mexcess_blobs[0m[2m=[0m0 [3melapsed[0m[2m=[0m57.620608ms
[2m2026-09-23T16:40:42.401736Z[0m [32m INFO[0m [2mreth_node_events::node[0m[2m:[0m Canonical chain committed [3mnumber[0m[2m=[0m47 [3mhash[0m[2m=[0m0x937805f1d014b5b93c783fe6f14d2a28e1a937ca77ac8a297c3f455ea404f134 [3melapsed[0m[2m=[0m33.665µs
[2m2026-09-23T16:40:42.437911Z[0m [32m INFO[0m [2mreth_node_events::node[0m[2m:[0m Forkchoice updated [3mhead_block_hash[0m[2m=[0m0x937805f1d014b5b93c783fe6f14d2a28e1a937ca77ac8a297c3f455ea404f134 [3msafe_block_hash[0m[2m=[0m0x937805f1d014b5b93c783fe6f14d2a28e1a937ca77ac8a297c3f455ea404f134 [3mfinalized_block_hash[0m[2m=[0m0x937805f1d014b5b93c783fe6f14d2a28e1a937ca77ac8a297c3f455ea404f134
[2m2026-09-23T16:40:42.650044Z[0m [32m INFO[0m [2mreth_node_events::node[0m[2m:[0m Received new payload from consensus engine [3mnumber[0m[2m=[0m48 [3mhash[0m[2m=[0m0x8beff2f30a3cbf0d56e38a9e465249f41ac60949db40a679581670cb3c3d5648
[2m2026-09-23T16:40:42.650983Z[0m [32m INFO[0m [2mengine::tree::payload_validator[0m[2m:[0m State root job finished [3mstrategy[0m[2m=[0m"sparse-trie" [3mstate_root[0m[2m=[0m0x18d4591a6853cd857e1d4d5aca2f82c2dbe4e0b17f828ca01eb0b43ddd6d4980 [3melapsed[0m[2m=[0m431.278µs
[2m2026-09-23T16:40:42.671776Z[0m [32m INFO[0m [2mreth_node_events::node[0m[2m:[0m Block added to canonical chain [3mnumber[0m[2m=[0m48 [3mhash[0m[2m=[0m0x8beff2f30a3cbf0d56e38a9e465249f41ac60949db40a679581670cb3c3d5648 [3mpeers[0m[2m=[0m0 [3mtxs[0m[2m=[0m0 [3mgas_used[0m[2m=[0m110.48Kgas [3mgas_throughput[0m[2m=[0m5.08Mgas/second [3mgas_limit[0m[2m=[0m30.00Mgas [3mfull[0m[2m=[0m0.4% [3mbase_fee[0m[2m=[0m0.00Gwei [3mblobs[0m[2m=[0m0 [3mexcess_blobs[0m[2m=[0m0 [3melapsed[0m[2m=[0m21.729183ms
[2m2026-09-23T16:40:44.523375Z[0m [32m INFO[0m [2mreth_node_events::node[0m[2m:[0m Canonical chain committed [3mnumber[0m[2m=[0m48 [3mhash[0m[2m=[0m0x8beff2f30a3cbf0d56e38a9e465249f41ac60949db40a679581670cb3c3d5648 [3melapsed[0m[2m=[0m34.058µs
[2m2026-09-23T16:40:44.548369Z[0m [32m INFO[0m [2mreth_node_events::node[0m[2m:[0m Forkchoice updated [3mhead_block_hash[0m[2m=[0m0x8beff2f30a3cbf0d56e38a9e465249f41ac60949db40a679581670cb3c3d5648 [3msafe_block_hash[0m[2m=[0m0x8beff2f30a3cbf0d56e38a9e465249f41ac60949db40a679581670cb3c3d5648 [3mfinalized_block_hash[0m[2m=[0m0x8beff2f30a3cbf0d56e38a9e465249f41ac60949db40a679581670cb3c3d5648
--- evm4 ---
time=2026-09-23T19:40:30.9655+0300 level=INFO source=/Users/risto/uni/agre/bft-core-d2h/engineapi/adapter.go:461 msg="sealed execution payload" blockHash=9695fcb150da367fbb2a9962f4b49037059d36d106f36cddbed99572cd4fb84d parentHash=ff4afc418e965b994e8f9d0eca0784fd1363bfb0b2e55acdc3f072e16ebd192e userTransactions=0 rootInput=8b0203084180183200005820ff4afc418e965b994e8f9d0eca0784fd1363bfb0b2e55acdc3f072e16ebd192e8803190103011a6ab400fd5820e7623f602b4f51cf06371e5e91cf53bbfd4452c38685cf95c8ef1a555707d05c86183100582025ee667e895769fed8573d3a5100682fe9e8904db3a3e64efc8995c3ac685d8e58203f5d791391e97a2060bfe6ca2d76959b4191e32a6afa4730bef46bdbdd7d849a1a6ab400fa5820ff4afc418e965b994e8f9d0eca0784fd1363bfb0b2e55acdc3f072e16ebd192e58201f22377130085e58362af9d4119366b36f9bdd0189d8b14e26ce716d5ec08fe258208d32e8b5dcaecf36b2077d10b3e4ded1d55bd1f294a501fec923f645e0e8963885183200783531365569753248416d39663265667654584c54695a66454b4a33726b6731354859594b5a4a686d39515a53634e53674768746631735820468d8c184709c6c9ee1ee2653da97ed07f14e882908e51f42d50218cffbc62fa5820840932c4f0b77d402a619ae0f6edbbcf689d4feab957332832d041d70fdc269280 commitment=fe585163199b6d4f177a12180f54cd674f4a085d41fa03eb6971633a875ca5e9 go_id=316
time=2026-09-23T19:40:30.9867+0300 level=INFO source=/Users/risto/uni/agre/bft-core-d2h/engineapi/adapter.go:349 msg="acquired certified parent registry witness" round=50 parentNumber=42 parentHash=ff4afc418e965b994e8f9d0eca0784fd1363bfb0b2e55acdc3f072e16ebd192e go_id=316
time=2026-09-23T19:40:31.0827+0300 level=INFO source=/Users/risto/uni/agre/bft-core-d2h/engineapi/adapter.go:601 msg="verified execution payload" round=50 blockHash=9695fcb150da367fbb2a9962f4b49037059d36d106f36cddbed99572cd4fb84d status=VALID rootInput=8b0203084180183200005820ff4afc418e965b994e8f9d0eca0784fd1363bfb0b2e55acdc3f072e16ebd192e8803190103011a6ab400fd5820e7623f602b4f51cf06371e5e91cf53bbfd4452c38685cf95c8ef1a555707d05c86183100582025ee667e895769fed8573d3a5100682fe9e8904db3a3e64efc8995c3ac685d8e58203f5d791391e97a2060bfe6ca2d76959b4191e32a6afa4730bef46bdbdd7d849a1a6ab400fa5820ff4afc418e965b994e8f9d0eca0784fd1363bfb0b2e55acdc3f072e16ebd192e58201f22377130085e58362af9d4119366b36f9bdd0189d8b14e26ce716d5ec08fe258208d32e8b5dcaecf36b2077d10b3e4ded1d55bd1f294a501fec923f645e0e8963885183200783531365569753248416d39663265667654584c54695a66454b4a33726b6731354859594b5a4a686d39515a53634e53674768746631735820468d8c184709c6c9ee1ee2653da97ed07f14e882908e51f42d50218cffbc62fa5820840932c4f0b77d402a619ae0f6edbbcf689d4feab957332832d041d70fdc269280 commitment=fe585163199b6d4f177a12180f54cd674f4a085d41fa03eb6971633a875ca5e9 go_id=316
time=2026-09-23T19:40:31.1216+0300 level=INFO source=/Users/risto/uni/agre/bft-core-d2h/shardnode/round.go:894 msg="submitting block certification request" round=50 quiet=false leader=true go_id=316
time=2026-09-23T19:40:33.0312+0300 level=INFO source=/Users/risto/uni/agre/bft-core-d2h/shardnode/bftclient.go:750 msg="accepted certificate" class=valid retryOfFailedApply=false partitionRound=50 rootRound=262 blockHash=9695fcb150da367fbb2a9962f4b49037059d36d106f36cddbed99572cd4fb84d nextRound=51 nextLeader=16Uiu2HAmGPneF9d76gQxVncGNofi156QbymsEQ5dVgwKAjYew5ne go_id=316
time=2026-09-23T19:40:33.2614+0300 level=INFO source=/Users/risto/uni/agre/bft-core-d2h/engineapi/adapter.go:349 msg="acquired certified parent registry witness" round=51 parentNumber=43 parentHash=9695fcb150da367fbb2a9962f4b49037059d36d106f36cddbed99572cd4fb84d go_id=316
time=2026-09-23T19:40:33.4120+0300 level=INFO source=/Users/risto/uni/agre/bft-core-d2h/engineapi/adapter.go:601 msg="verified execution payload" round=51 blockHash=0b5a54669e3a91ed838e41c8b86325e5ba65b1e59b4cb24721151ee92dcce293 status=VALID rootInput=8b02030841801833000058209695fcb150da367fbb2a9962f4b49037059d36d106f36cddbed99572cd4fb84d8803190106011a6ab400ff5820037a375e99c8f8eb076d2ecc2a9e012955752c3f623647bed2ee0c5d0401d8528618320058203f5d791391e97a2060bfe6ca2d76959b4191e32a6afa4730bef46bdbdd7d849a5820c30da53dcbaabacc8a3194d0b2c1286a2998f796e923a9ffdd38573b6c9215891a6ab400fd58209695fcb150da367fbb2a9962f4b49037059d36d106f36cddbed99572cd4fb84d5820783396e4f78c7cfb46392c070eb9809875f986797304b5a578717cc41636353758208d32e8b5dcaecf36b2077d10b3e4ded1d55bd1f294a501fec923f645e0e8963885183300783531365569753248416d47506e654639643736675178566e63474e6f66693135365162796d73455135645667774b416a596577356e65582019e1b0a4608fc7ad484685f5be71e9eb582dc29ebe206d6c7060c3700393401d5820840932c4f0b77d402a619ae0f6edbbcf689d4feab957332832d041d70fdc269280 commitment=f8b4c880c4e423f698e30b2b4258dd951708fd04cc9e7ed43bf4f4f54289f87d go_id=316
time=2026-09-23T19:40:33.4335+0300 level=INFO source=/Users/risto/uni/agre/bft-core-d2h/shardnode/round.go:894 msg="submitting block certification request" round=51 quiet=false leader=false go_id=316
time=2026-09-23T19:40:35.3699+0300 level=INFO source=/Users/risto/uni/agre/bft-core-d2h/shardnode/bftclient.go:750 msg="accepted certificate" class=valid retryOfFailedApply=false partitionRound=51 rootRound=265 blockHash=0b5a54669e3a91ed838e41c8b86325e5ba65b1e59b4cb24721151ee92dcce293 nextRound=52 nextLeader=16Uiu2HAmTtoDswe3yo6YqSEX5QETdW56hw3BHCs8c3a1np7hFVtR go_id=316
time=2026-09-23T19:40:35.5053+0300 level=INFO source=/Users/risto/uni/agre/bft-core-d2h/engineapi/adapter.go:349 msg="acquired certified parent registry witness" round=52 parentNumber=44 parentHash=0b5a54669e3a91ed838e41c8b86325e5ba65b1e59b4cb24721151ee92dcce293 go_id=316
time=2026-09-23T19:40:35.6559+0300 level=INFO source=/Users/risto/uni/agre/bft-core-d2h/engineapi/adapter.go:601 msg="verified execution payload" round=52 blockHash=80c38eb75a52e11b6360ad9ff1d05faa2f7c37523c387b2401e5d592a7430a57 status=VALID rootInput=8b02030841801834000058200b5a54669e3a91ed838e41c8b86325e5ba65b1e59b4cb24721151ee92dcce2938803190109011a6ab401015820160ad092041426bd29ac034ee7910d6ec01be34f021dc5e3e204238a99b46cb8861833005820c30da53dcbaabacc8a3194d0b2c1286a2998f796e923a9ffdd38573b6c9215895820f3b6b5cf038b570878ed785691069d5ed40c25ae1e93389071174671000b78681a6ab400ff58200b5a54669e3a91ed838e41c8b86325e5ba65b1e59b4cb24721151ee92dcce2935820483939479c59a25991b2bdf8fcf2ffd2aad40caf6e8938ac0f2f41d76416c3e158208d32e8b5dcaecf36b2077d10b3e4ded1d55bd1f294a501fec923f645e0e8963885183400783531365569753248416d54746f4473776533796f36597153455835514554645735366877334248437338633361316e70376846567452582056889f95694bb322b9e3c4cd57f84373610932e53f960fda2ab39e0e3108ab985820840932c4f0b77d402a619ae0f6edbbcf689d4feab957332832d041d70fdc269280 commitment=44685bcb8fde9e81d7086ac7978dfdcd4842142d028fb76fdc4983a4ec0051d9 go_id=316
time=2026-09-23T19:40:35.6776+0300 level=INFO source=/Users/risto/uni/agre/bft-core-d2h/shardnode/round.go:894 msg="submitting block certification request" round=52 quiet=false leader=false go_id=316
time=2026-09-23T19:40:37.5405+0300 level=INFO source=/Users/risto/uni/agre/bft-core-d2h/shardnode/bftclient.go:750 msg="accepted certificate" class=valid retryOfFailedApply=false partitionRound=52 rootRound=268 blockHash=80c38eb75a52e11b6360ad9ff1d05faa2f7c37523c387b2401e5d592a7430a57 nextRound=53 nextLeader=16Uiu2HAm9f2efvTXLTiZfEKJ3rkg15HYYKZJhm9QZScNSgGhtf1s go_id=316
time=2026-09-23T19:40:37.5435+0300 level=INFO source=/Users/risto/uni/agre/bft-core-d2h/engineapi/adapter.go:349 msg="acquired certified parent registry witness" round=53 parentNumber=45 parentHash=80c38eb75a52e11b6360ad9ff1d05faa2f7c37523c387b2401e5d592a7430a57 go_id=316
time=2026-09-23T19:40:37.6943+0300 level=INFO source=/Users/risto/uni/agre/bft-core-d2h/engineapi/adapter.go:461 msg="sealed execution payload" blockHash=ccc9608f72b1ec4fb6e54003f6b53de8d0e341f5a9a9a4928fd4f13e534ca475 parentHash=80c38eb75a52e11b6360ad9ff1d05faa2f7c37523c387b2401e5d592a7430a57 userTransactions=0 rootInput=8b020308418018350000582080c38eb75a52e11b6360ad9ff1d05faa2f7c37523c387b2401e5d592a7430a57880319010c011a6ab4010458202d7268f9c1d33f4d8ca15b4f1be2a91e0e4b55d42452691dd6896a154e879ee0861834005820f3b6b5cf038b570878ed785691069d5ed40c25ae1e93389071174671000b78685820a0d24938861e76c8b4b69d229d6321c07d861068eda4eca38d953e5433cac2c11a6ab40101582080c38eb75a52e11b6360ad9ff1d05faa2f7c37523c387b2401e5d592a7430a5758209b3c8ac9ec4564c4bfd29c63b8c776519378a307e0558a893bce5b9a58afa13a58208d32e8b5dcaecf36b2077d10b3e4ded1d55bd1f294a501fec923f645e0e8963885183500783531365569753248416d39663265667654584c54695a66454b4a33726b6731354859594b5a4a686d39515a53634e53674768746631735820dd7cfc3efb61430f471826796762501b5b6746a8349e0dc1908ce850ccee7f4c5820840932c4f0b77d402a619ae0f6edbbcf689d4feab957332832d041d70fdc269280 commitment=a701c4252d2f61e311c57a10c6921544ae32dfb24563e38929b8d71fb7ff590b go_id=316
time=2026-09-23T19:40:37.7152+0300 level=INFO source=/Users/risto/uni/agre/bft-core-d2h/engineapi/adapter.go:349 msg="acquired certified parent registry witness" round=53 parentNumber=45 parentHash=80c38eb75a52e11b6360ad9ff1d05faa2f7c37523c387b2401e5d592a7430a57 go_id=316
time=2026-09-23T19:40:37.8475+0300 level=INFO source=/Users/risto/uni/agre/bft-core-d2h/engineapi/adapter.go:601 msg="verified execution payload" round=53 blockHash=ccc9608f72b1ec4fb6e54003f6b53de8d0e341f5a9a9a4928fd4f13e534ca475 status=VALID rootInput=8b020308418018350000582080c38eb75a52e11b6360ad9ff1d05faa2f7c37523c387b2401e5d592a7430a57880319010c011a6ab4010458202d7268f9c1d33f4d8ca15b4f1be2a91e0e4b55d42452691dd6896a154e879ee0861834005820f3b6b5cf038b570878ed785691069d5ed40c25ae1e93389071174671000b78685820a0d24938861e76c8b4b69d229d6321c07d861068eda4eca38d953e5433cac2c11a6ab40101582080c38eb75a52e11b6360ad9ff1d05faa2f7c37523c387b2401e5d592a7430a5758209b3c8ac9ec4564c4bfd29c63b8c776519378a307e0558a893bce5b9a58afa13a58208d32e8b5dcaecf36b2077d10b3e4ded1d55bd1f294a501fec923f645e0e8963885183500783531365569753248416d39663265667654584c54695a66454b4a33726b6731354859594b5a4a686d39515a53634e53674768746631735820dd7cfc3efb61430f471826796762501b5b6746a8349e0dc1908ce850ccee7f4c5820840932c4f0b77d402a619ae0f6edbbcf689d4feab957332832d041d70fdc269280 commitment=a701c4252d2f61e311c57a10c6921544ae32dfb24563e38929b8d71fb7ff590b go_id=316
time=2026-09-23T19:40:37.8853+0300 level=INFO source=/Users/risto/uni/agre/bft-core-d2h/shardnode/round.go:894 msg="submitting block certification request" round=53 quiet=false leader=true go_id=316
time=2026-09-23T19:40:39.7253+0300 level=INFO source=/Users/risto/uni/agre/bft-core-d2h/shardnode/bftclient.go:750 msg="accepted certificate" class=valid retryOfFailedApply=false partitionRound=53 rootRound=271 blockHash=ccc9608f72b1ec4fb6e54003f6b53de8d0e341f5a9a9a4928fd4f13e534ca475 nextRound=54 nextLeader=16Uiu2HAm9f2efvTXLTiZfEKJ3rkg15HYYKZJhm9QZScNSgGhtf1s go_id=316
time=2026-09-23T19:40:39.7284+0300 level=INFO source=/Users/risto/uni/agre/bft-core-d2h/engineapi/adapter.go:349 msg="acquired certified parent registry witness" round=54 parentNumber=46 parentHash=ccc9608f72b1ec4fb6e54003f6b53de8d0e341f5a9a9a4928fd4f13e534ca475 go_id=316
time=2026-09-23T19:40:39.8577+0300 level=INFO source=/Users/risto/uni/agre/bft-core-d2h/engineapi/adapter.go:461 msg="sealed execution payload" blockHash=937805f1d014b5b93c783fe6f14d2a28e1a937ca77ac8a297c3f455ea404f134 parentHash=ccc9608f72b1ec4fb6e54003f6b53de8d0e341f5a9a9a4928fd4f13e534ca475 userTransactions=0 rootInput=8b0203084180183600005820ccc9608f72b1ec4fb6e54003f6b53de8d0e341f5a9a9a4928fd4f13e534ca475880319010f011a6ab40106582072c2e154f95d489a5b259dd0b1c1cd59d6626b4068ab835c418e2a3396f2a610861835005820a0d24938861e76c8b4b69d229d6321c07d861068eda4eca38d953e5433cac2c1582057b28934fad1e672e0b1dc5c3bee89e8248e98298807b4df480aef2cdeee0ec51a6ab401045820ccc9608f72b1ec4fb6e54003f6b53de8d0e341f5a9a9a4928fd4f13e534ca4755820bae0e801b4925f224ecfdca2fc8cc9c2c93abce4f25c066fd18819ff16525d3858208d32e8b5dcaecf36b2077d10b3e4ded1d55bd1f294a501fec923f645e0e8963885183600783531365569753248416d39663265667654584c54695a66454b4a33726b6731354859594b5a4a686d39515a53634e53674768746631735820cf6ab86ff92ddcdd0bc2d09853f01ee013e7cd0832dc6fe7ef63e1e764f7fbb35820840932c4f0b77d402a619ae0f6edbbcf689d4feab957332832d041d70fdc269280 commitment=048cc833e518457604e0921ef0911d1f4f5095d6199984038708b13de030bcb5 go_id=316
time=2026-09-23T19:40:39.8787+0300 level=INFO source=/Users/risto/uni/agre/bft-core-d2h/engineapi/adapter.go:349 msg="acquired certified parent registry witness" round=54 parentNumber=46 parentHash=ccc9608f72b1ec4fb6e54003f6b53de8d0e341f5a9a9a4928fd4f13e534ca475 go_id=316
time=2026-09-23T19:40:40.0108+0300 level=INFO source=/Users/risto/uni/agre/bft-core-d2h/engineapi/adapter.go:601 msg="verified execution payload" round=54 blockHash=937805f1d014b5b93c783fe6f14d2a28e1a937ca77ac8a297c3f455ea404f134 status=VALID rootInput=8b0203084180183600005820ccc9608f72b1ec4fb6e54003f6b53de8d0e341f5a9a9a4928fd4f13e534ca475880319010f011a6ab40106582072c2e154f95d489a5b259dd0b1c1cd59d6626b4068ab835c418e2a3396f2a610861835005820a0d24938861e76c8b4b69d229d6321c07d861068eda4eca38d953e5433cac2c1582057b28934fad1e672e0b1dc5c3bee89e8248e98298807b4df480aef2cdeee0ec51a6ab401045820ccc9608f72b1ec4fb6e54003f6b53de8d0e341f5a9a9a4928fd4f13e534ca4755820bae0e801b4925f224ecfdca2fc8cc9c2c93abce4f25c066fd18819ff16525d3858208d32e8b5dcaecf36b2077d10b3e4ded1d55bd1f294a501fec923f645e0e8963885183600783531365569753248416d39663265667654584c54695a66454b4a33726b6731354859594b5a4a686d39515a53634e53674768746631735820cf6ab86ff92ddcdd0bc2d09853f01ee013e7cd0832dc6fe7ef63e1e764f7fbb35820840932c4f0b77d402a619ae0f6edbbcf689d4feab957332832d041d70fdc269280 commitment=048cc833e518457604e0921ef0911d1f4f5095d6199984038708b13de030bcb5 go_id=316
time=2026-09-23T19:40:40.0692+0300 level=INFO source=/Users/risto/uni/agre/bft-core-d2h/shardnode/round.go:894 msg="submitting block certification request" round=54 quiet=false leader=true go_id=316
time=2026-09-23T19:40:42.3811+0300 level=INFO source=/Users/risto/uni/agre/bft-core-d2h/shardnode/bftclient.go:750 msg="accepted certificate" class=valid retryOfFailedApply=false partitionRound=54 rootRound=274 blockHash=937805f1d014b5b93c783fe6f14d2a28e1a937ca77ac8a297c3f455ea404f134 nextRound=55 nextLeader=16Uiu2HAm9f2efvTXLTiZfEKJ3rkg15HYYKZJhm9QZScNSgGhtf1s go_id=316
time=2026-09-23T19:40:42.4426+0300 level=INFO source=/Users/risto/uni/agre/bft-core-d2h/engineapi/adapter.go:349 msg="acquired certified parent registry witness" round=55 parentNumber=47 parentHash=937805f1d014b5b93c783fe6f14d2a28e1a937ca77ac8a297c3f455ea404f134 go_id=316
time=2026-09-23T19:40:42.5712+0300 level=INFO source=/Users/risto/uni/agre/bft-core-d2h/engineapi/adapter.go:461 msg="sealed execution payload" blockHash=8beff2f30a3cbf0d56e38a9e465249f41ac60949db40a679581670cb3c3d5648 parentHash=937805f1d014b5b93c783fe6f14d2a28e1a937ca77ac8a297c3f455ea404f134 userTransactions=0 rootInput=8b0203084180183700005820937805f1d014b5b93c783fe6f14d2a28e1a937ca77ac8a297c3f455ea404f1348803190112011a6ab4010858208052efda04a769a0354c6b45a357733b21879325706d4a0c1803da9ffdfb99f986183600582057b28934fad1e672e0b1dc5c3bee89e8248e98298807b4df480aef2cdeee0ec55820baff5686475399edfe181a0c22b8e643243a56b13833d4abaa85cb0f116cde481a6ab401065820937805f1d014b5b93c783fe6f14d2a28e1a937ca77ac8a297c3f455ea404f134582001b532b7471235e5409af8e233f081a62fc9ce874d1999dee66634cdcc22d1aa58208d32e8b5dcaecf36b2077d10b3e4ded1d55bd1f294a501fec923f645e0e8963885183700783531365569753248416d39663265667654584c54695a66454b4a33726b6731354859594b5a4a686d39515a53634e5367476874663173582050360018242779efe5a753f46e0942b1b40b75ff52431bd4fff8e8fca36432f65820840932c4f0b77d402a619ae0f6edbbcf689d4feab957332832d041d70fdc269280 commitment=581008787c060b98e0f48f01f0759ffcb2509b6606e5d203ae98e8bf77c03c3b go_id=316
time=2026-09-23T19:40:42.5930+0300 level=INFO source=/Users/risto/uni/agre/bft-core-d2h/engineapi/adapter.go:349 msg="acquired certified parent registry witness" round=55 parentNumber=47 parentHash=937805f1d014b5b93c783fe6f14d2a28e1a937ca77ac8a297c3f455ea404f134 go_id=316
time=2026-09-23T19:40:42.6720+0300 level=INFO source=/Users/risto/uni/agre/bft-core-d2h/engineapi/adapter.go:601 msg="verified execution payload" round=55 blockHash=8beff2f30a3cbf0d56e38a9e465249f41ac60949db40a679581670cb3c3d5648 status=VALID rootInput=8b0203084180183700005820937805f1d014b5b93c783fe6f14d2a28e1a937ca77ac8a297c3f455ea404f1348803190112011a6ab4010858208052efda04a769a0354c6b45a357733b21879325706d4a0c1803da9ffdfb99f986183600582057b28934fad1e672e0b1dc5c3bee89e8248e98298807b4df480aef2cdeee0ec55820baff5686475399edfe181a0c22b8e643243a56b13833d4abaa85cb0f116cde481a6ab401065820937805f1d014b5b93c783fe6f14d2a28e1a937ca77ac8a297c3f455ea404f134582001b532b7471235e5409af8e233f081a62fc9ce874d1999dee66634cdcc22d1aa58208d32e8b5dcaecf36b2077d10b3e4ded1d55bd1f294a501fec923f645e0e8963885183700783531365569753248416d39663265667654584c54695a66454b4a33726b6731354859594b5a4a686d39515a53634e5367476874663173582050360018242779efe5a753f46e0942b1b40b75ff52431bd4fff8e8fca36432f65820840932c4f0b77d402a619ae0f6edbbcf689d4feab957332832d041d70fdc269280 commitment=581008787c060b98e0f48f01f0759ffcb2509b6606e5d203ae98e8bf77c03c3b go_id=316
time=2026-09-23T19:40:42.7308+0300 level=INFO source=/Users/risto/uni/agre/bft-core-d2h/shardnode/round.go:894 msg="submitting block certification request" round=55 quiet=false leader=true go_id=316
time=2026-09-23T19:40:44.4747+0300 level=INFO source=/Users/risto/uni/agre/bft-core-d2h/shardnode/bftclient.go:750 msg="accepted certificate" class=valid retryOfFailedApply=false partitionRound=55 rootRound=277 blockHash=8beff2f30a3cbf0d56e38a9e465249f41ac60949db40a679581670cb3c3d5648 nextRound=56 nextLeader=16Uiu2HAm3wGgeazNWFfLVUuuGdgZM2yEohbi2B78mk18i7nY5sRP go_id=316
time=2026-09-23T19:40:47.0256+0300 level=ERROR source=/Users/risto/uni/agre/bft-core-d2h/shardnode/bftclient.go:496 msg="processing certification response" err="producing round 56 block: awaiting round 56 block from leader 16Uiu2HAm3wGgeazNWFfLVUuuGdgZM2yEohbi2B78mk18i7nY5sRP: shardnode: awaiting round 56: context deadline exceeded (this validator abstains from the round; the next certificate — likely a repeat UC — will start a fresh attempt)" go_id=316
time=2026-09-23T19:40:47.0466+0300 level=INFO source=/Users/risto/uni/agre/bft-core-d2h/shardnode/bftclient.go:750 msg="accepted certificate" class=duplicate retryOfFailedApply=true partitionRound=55 rootRound=277 blockHash=8beff2f30a3cbf0d56e38a9e465249f41ac60949db40a679581670cb3c3d5648 nextRound=56 nextLeader=16Uiu2HAm3wGgeazNWFfLVUuuGdgZM2yEohbi2B78mk18i7nY5sRP go_id=316
time=2026-09-23T19:40:49.5693+0300 level=ERROR source=/Users/risto/uni/agre/bft-core-d2h/shardnode/bftclient.go:496 msg="processing certification response" err="producing round 56 block: awaiting round 56 block from leader 16Uiu2HAm3wGgeazNWFfLVUuuGdgZM2yEohbi2B78mk18i7nY5sRP: shardnode: awaiting round 56: context deadline exceeded (this validator abstains from the round; the next certificate — likely a repeat UC — will start a fresh attempt)" go_id=316
time=2026-09-23T19:40:49.5717+0300 level=INFO source=/Users/risto/uni/agre/bft-core-d2h/shardnode/bftclient.go:750 msg="accepted certificate" class=duplicate retryOfFailedApply=true partitionRound=55 rootRound=277 blockHash=8beff2f30a3cbf0d56e38a9e465249f41ac60949db40a679581670cb3c3d5648 nextRound=56 nextLeader=16Uiu2HAm3wGgeazNWFfLVUuuGdgZM2yEohbi2B78mk18i7nY5sRP go_id=316
--- reth4 ---
[2m2026-09-23T16:40:30.870787Z[0m [32m INFO[0m [2mpayload_builder[0m[2m:[0m New payload job created [3mid[0m[2m=[0m0x748565fd177a73d7 [3mparent[0m[2m=[0m0xff4afc418e965b994e8f9d0eca0784fd1363bfb0b2e55acdc3f072e16ebd192e
[2m2026-09-23T16:40:31.009345Z[0m [32m INFO[0m [2mreth_node_events::node[0m[2m:[0m Received new payload from consensus engine [3mnumber[0m[2m=[0m43 [3mhash[0m[2m=[0m0x9695fcb150da367fbb2a9962f4b49037059d36d106f36cddbed99572cd4fb84d
[2m2026-09-23T16:40:31.009854Z[0m [32m INFO[0m [2mengine::tree::payload_validator[0m[2m:[0m State root job finished [3mstrategy[0m[2m=[0m"sparse-trie" [3mstate_root[0m[2m=[0m0xc30da53dcbaabacc8a3194d0b2c1286a2998f796e923a9ffdd38573b6c921589 [3melapsed[0m[2m=[0m107.541µs
[2m2026-09-23T16:40:31.045222Z[0m [32m INFO[0m [2mreth_node_events::node[0m[2m:[0m Block added to canonical chain [3mnumber[0m[2m=[0m43 [3mhash[0m[2m=[0m0x9695fcb150da367fbb2a9962f4b49037059d36d106f36cddbed99572cd4fb84d [3mpeers[0m[2m=[0m0 [3mtxs[0m[2m=[0m0 [3mgas_used[0m[2m=[0m110.48Kgas [3mgas_throughput[0m[2m=[0m3.09Mgas/second [3mgas_limit[0m[2m=[0m30.00Mgas [3mfull[0m[2m=[0m0.4% [3mbase_fee[0m[2m=[0m0.00Gwei [3mblobs[0m[2m=[0m0 [3mexcess_blobs[0m[2m=[0m0 [3melapsed[0m[2m=[0m35.794857ms
[2m2026-09-23T16:40:32.047790Z[0m [32m INFO[0m [2mreth::cli[0m[2m:[0m Status [3mconnected_peers[0m[2m=[0m0 [3mlatest_block[0m[2m=[0m42
[2m2026-09-23T16:40:33.032023Z[0m [32m INFO[0m [2mreth_node_events::node[0m[2m:[0m Canonical chain committed [3mnumber[0m[2m=[0m43 [3mhash[0m[2m=[0m0x9695fcb150da367fbb2a9962f4b49037059d36d106f36cddbed99572cd4fb84d [3melapsed[0m[2m=[0m19.581µs
[2m2026-09-23T16:40:33.068661Z[0m [32m INFO[0m [2mreth_node_events::node[0m[2m:[0m Forkchoice updated [3mhead_block_hash[0m[2m=[0m0x9695fcb150da367fbb2a9962f4b49037059d36d106f36cddbed99572cd4fb84d [3msafe_block_hash[0m[2m=[0m0x9695fcb150da367fbb2a9962f4b49037059d36d106f36cddbed99572cd4fb84d [3mfinalized_block_hash[0m[2m=[0m0x9695fcb150da367fbb2a9962f4b49037059d36d106f36cddbed99572cd4fb84d
[2m2026-09-23T16:40:33.316252Z[0m [32m INFO[0m [2mreth_node_events::node[0m[2m:[0m Received new payload from consensus engine [3mnumber[0m[2m=[0m44 [3mhash[0m[2m=[0m0x0b5a54669e3a91ed838e41c8b86325e5ba65b1e59b4cb24721151ee92dcce293
[2m2026-09-23T16:40:33.317145Z[0m [32m INFO[0m [2mengine::tree::payload_validator[0m[2m:[0m State root job finished [3mstrategy[0m[2m=[0m"sparse-trie" [3mstate_root[0m[2m=[0m0xf3b6b5cf038b570878ed785691069d5ed40c25ae1e93389071174671000b7868 [3melapsed[0m[2m=[0m483.839µs
[2m2026-09-23T16:40:33.375807Z[0m [32m INFO[0m [2mreth_node_events::node[0m[2m:[0m Block added to canonical chain [3mnumber[0m[2m=[0m44 [3mhash[0m[2m=[0m0x0b5a54669e3a91ed838e41c8b86325e5ba65b1e59b4cb24721151ee92dcce293 [3mpeers[0m[2m=[0m0 [3mtxs[0m[2m=[0m0 [3mgas_used[0m[2m=[0m110.48Kgas [3mgas_throughput[0m[2m=[0m1.86Mgas/second [3mgas_limit[0m[2m=[0m30.00Mgas [3mfull[0m[2m=[0m0.4% [3mbase_fee[0m[2m=[0m0.00Gwei [3mblobs[0m[2m=[0m0 [3mexcess_blobs[0m[2m=[0m0 [3melapsed[0m[2m=[0m59.54469ms
[2m2026-09-23T16:40:35.370632Z[0m [32m INFO[0m [2mreth_node_events::node[0m[2m:[0m Canonical chain committed [3mnumber[0m[2m=[0m44 [3mhash[0m[2m=[0m0x0b5a54669e3a91ed838e41c8b86325e5ba65b1e59b4cb24721151ee92dcce293 [3melapsed[0m[2m=[0m27.811µs
[2m2026-09-23T16:40:35.407093Z[0m [32m INFO[0m [2mreth_node_events::node[0m[2m:[0m Forkchoice updated [3mhead_block_hash[0m[2m=[0m0x0b5a54669e3a91ed838e41c8b86325e5ba65b1e59b4cb24721151ee92dcce293 [3msafe_block_hash[0m[2m=[0m0x0b5a54669e3a91ed838e41c8b86325e5ba65b1e59b4cb24721151ee92dcce293 [3mfinalized_block_hash[0m[2m=[0m0x0b5a54669e3a91ed838e41c8b86325e5ba65b1e59b4cb24721151ee92dcce293
[2m2026-09-23T16:40:35.560677Z[0m [32m INFO[0m [2mreth_node_events::node[0m[2m:[0m Received new payload from consensus engine [3mnumber[0m[2m=[0m45 [3mhash[0m[2m=[0m0x80c38eb75a52e11b6360ad9ff1d05faa2f7c37523c387b2401e5d592a7430a57
[2m2026-09-23T16:40:35.561302Z[0m [32m INFO[0m [2mengine::tree::payload_validator[0m[2m:[0m State root job finished [3mstrategy[0m[2m=[0m"sparse-trie" [3mstate_root[0m[2m=[0m0xa0d24938861e76c8b4b69d229d6321c07d861068eda4eca38d953e5433cac2c1 [3melapsed[0m[2m=[0m215.039µs
[2m2026-09-23T16:40:35.618363Z[0m [32m INFO[0m [2mreth_node_events::node[0m[2m:[0m Block added to canonical chain [3mnumber[0m[2m=[0m45 [3mhash[0m[2m=[0m0x80c38eb75a52e11b6360ad9ff1d05faa2f7c37523c387b2401e5d592a7430a57 [3mpeers[0m[2m=[0m0 [3mtxs[0m[2m=[0m0 [3mgas_used[0m[2m=[0m110.48Kgas [3mgas_throughput[0m[2m=[0m1.92Mgas/second [3mgas_limit[0m[2m=[0m30.00Mgas [3mfull[0m[2m=[0m0.4% [3mbase_fee[0m[2m=[0m0.00Gwei [3mblobs[0m[2m=[0m0 [3mexcess_blobs[0m[2m=[0m0 [3melapsed[0m[2m=[0m57.535597ms
[2m2026-09-23T16:40:37.541082Z[0m [32m INFO[0m [2mreth_node_events::node[0m[2m:[0m Canonical chain committed [3mnumber[0m[2m=[0m45 [3mhash[0m[2m=[0m0x80c38eb75a52e11b6360ad9ff1d05faa2f7c37523c387b2401e5d592a7430a57 [3melapsed[0m[2m=[0m21.06µs
[2m2026-09-23T16:40:37.598813Z[0m [32m INFO[0m [2mreth_node_events::node[0m[2m:[0m Forkchoice updated [3mhead_block_hash[0m[2m=[0m0x80c38eb75a52e11b6360ad9ff1d05faa2f7c37523c387b2401e5d592a7430a57 [3msafe_block_hash[0m[2m=[0m0x80c38eb75a52e11b6360ad9ff1d05faa2f7c37523c387b2401e5d592a7430a57 [3mfinalized_block_hash[0m[2m=[0m0x80c38eb75a52e11b6360ad9ff1d05faa2f7c37523c387b2401e5d592a7430a57
[2m2026-09-23T16:40:37.600395Z[0m [32m INFO[0m [2mpayload_builder[0m[2m:[0m New payload job created [3mid[0m[2m=[0m0x39443f9652c7c928 [3mparent[0m[2m=[0m0x80c38eb75a52e11b6360ad9ff1d05faa2f7c37523c387b2401e5d592a7430a57
[2m2026-09-23T16:40:37.753349Z[0m [32m INFO[0m [2mreth_node_events::node[0m[2m:[0m Received new payload from consensus engine [3mnumber[0m[2m=[0m46 [3mhash[0m[2m=[0m0xccc9608f72b1ec4fb6e54003f6b53de8d0e341f5a9a9a4928fd4f13e534ca475
[2m2026-09-23T16:40:37.753833Z[0m [32m INFO[0m [2mengine::tree::payload_validator[0m[2m:[0m State root job finished [3mstrategy[0m[2m=[0m"sparse-trie" [3mstate_root[0m[2m=[0m0x57b28934fad1e672e0b1dc5c3bee89e8248e98298807b4df480aef2cdeee0ec5 [3melapsed[0m[2m=[0m82.661µs
[2m2026-09-23T16:40:37.809938Z[0m [32m INFO[0m [2mreth_node_events::node[0m[2m:[0m Block added to canonical chain [3mnumber[0m[2m=[0m46 [3mhash[0m[2m=[0m0xccc9608f72b1ec4fb6e54003f6b53de8d0e341f5a9a9a4928fd4f13e534ca475 [3mpeers[0m[2m=[0m0 [3mtxs[0m[2m=[0m0 [3mgas_used[0m[2m=[0m110.48Kgas [3mgas_throughput[0m[2m=[0m1.95Mgas/second [3mgas_limit[0m[2m=[0m30.00Mgas [3mfull[0m[2m=[0m0.4% [3mbase_fee[0m[2m=[0m0.00Gwei [3mblobs[0m[2m=[0m0 [3mexcess_blobs[0m[2m=[0m0 [3melapsed[0m[2m=[0m56.52384ms
[2m2026-09-23T16:40:39.725933Z[0m [32m INFO[0m [2mreth_node_events::node[0m[2m:[0m Canonical chain committed [3mnumber[0m[2m=[0m46 [3mhash[0m[2m=[0m0xccc9608f72b1ec4fb6e54003f6b53de8d0e341f5a9a9a4928fd4f13e534ca475 [3melapsed[0m[2m=[0m19.252µs
[2m2026-09-23T16:40:39.762392Z[0m [32m INFO[0m [2mreth_node_events::node[0m[2m:[0m Forkchoice updated [3mhead_block_hash[0m[2m=[0m0xccc9608f72b1ec4fb6e54003f6b53de8d0e341f5a9a9a4928fd4f13e534ca475 [3msafe_block_hash[0m[2m=[0m0xccc9608f72b1ec4fb6e54003f6b53de8d0e341f5a9a9a4928fd4f13e534ca475 [3mfinalized_block_hash[0m[2m=[0m0xccc9608f72b1ec4fb6e54003f6b53de8d0e341f5a9a9a4928fd4f13e534ca475
[2m2026-09-23T16:40:39.763378Z[0m [32m INFO[0m [2mpayload_builder[0m[2m:[0m New payload job created [3mid[0m[2m=[0m0x66ecd51b971a9b92 [3mparent[0m[2m=[0m0xccc9608f72b1ec4fb6e54003f6b53de8d0e341f5a9a9a4928fd4f13e534ca475
[2m2026-09-23T16:40:39.917466Z[0m [32m INFO[0m [2mreth_node_events::node[0m[2m:[0m Received new payload from consensus engine [3mnumber[0m[2m=[0m47 [3mhash[0m[2m=[0m0x937805f1d014b5b93c783fe6f14d2a28e1a937ca77ac8a297c3f455ea404f134
[2m2026-09-23T16:40:39.917875Z[0m [32m INFO[0m [2mengine::tree::payload_validator[0m[2m:[0m State root job finished [3mstrategy[0m[2m=[0m"sparse-trie" [3mstate_root[0m[2m=[0m0xbaff5686475399edfe181a0c22b8e643243a56b13833d4abaa85cb0f116cde48 [3melapsed[0m[2m=[0m64.83µs
[2m2026-09-23T16:40:39.952705Z[0m [32m INFO[0m [2mreth_node_events::node[0m[2m:[0m Block added to canonical chain [3mnumber[0m[2m=[0m47 [3mhash[0m[2m=[0m0x937805f1d014b5b93c783fe6f14d2a28e1a937ca77ac8a297c3f455ea404f134 [3mpeers[0m[2m=[0m0 [3mtxs[0m[2m=[0m0 [3mgas_used[0m[2m=[0m110.48Kgas [3mgas_throughput[0m[2m=[0m3.14Mgas/second [3mgas_limit[0m[2m=[0m30.00Mgas [3mfull[0m[2m=[0m0.4% [3mbase_fee[0m[2m=[0m0.00Gwei [3mblobs[0m[2m=[0m0 [3mexcess_blobs[0m[2m=[0m0 [3melapsed[0m[2m=[0m35.189531ms
[2m2026-09-23T16:40:42.438985Z[0m [32m INFO[0m [2mreth_node_events::node[0m[2m:[0m Canonical chain committed [3mnumber[0m[2m=[0m47 [3mhash[0m[2m=[0m0x937805f1d014b5b93c783fe6f14d2a28e1a937ca77ac8a297c3f455ea404f134 [3melapsed[0m[2m=[0m28.565µs
[2m2026-09-23T16:40:42.475045Z[0m [32m INFO[0m [2mreth_node_events::node[0m[2m:[0m Forkchoice updated [3mhead_block_hash[0m[2m=[0m0x937805f1d014b5b93c783fe6f14d2a28e1a937ca77ac8a297c3f455ea404f134 [3msafe_block_hash[0m[2m=[0m0x937805f1d014b5b93c783fe6f14d2a28e1a937ca77ac8a297c3f455ea404f134 [3mfinalized_block_hash[0m[2m=[0m0x937805f1d014b5b93c783fe6f14d2a28e1a937ca77ac8a297c3f455ea404f134
[2m2026-09-23T16:40:42.476405Z[0m [32m INFO[0m [2mpayload_builder[0m[2m:[0m New payload job created [3mid[0m[2m=[0m0x0429d54ee319f982 [3mparent[0m[2m=[0m0x937805f1d014b5b93c783fe6f14d2a28e1a937ca77ac8a297c3f455ea404f134
[2m2026-09-23T16:40:42.616166Z[0m [32m INFO[0m [2mreth_node_events::node[0m[2m:[0m Received new payload from consensus engine [3mnumber[0m[2m=[0m48 [3mhash[0m[2m=[0m0x8beff2f30a3cbf0d56e38a9e465249f41ac60949db40a679581670cb3c3d5648
[2m2026-09-23T16:40:42.617436Z[0m [32m INFO[0m [2mengine::tree::payload_validator[0m[2m:[0m State root job finished [3mstrategy[0m[2m=[0m"sparse-trie" [3mstate_root[0m[2m=[0m0x18d4591a6853cd857e1d4d5aca2f82c2dbe4e0b17f828ca01eb0b43ddd6d4980 [3melapsed[0m[2m=[0m2.729µs
[2m2026-09-23T16:40:42.649894Z[0m [32m INFO[0m [2mreth_node_events::node[0m[2m:[0m Block added to canonical chain [3mnumber[0m[2m=[0m48 [3mhash[0m[2m=[0m0x8beff2f30a3cbf0d56e38a9e465249f41ac60949db40a679581670cb3c3d5648 [3mpeers[0m[2m=[0m0 [3mtxs[0m[2m=[0m0 [3mgas_used[0m[2m=[0m110.48Kgas [3mgas_throughput[0m[2m=[0m3.29Mgas/second [3mgas_limit[0m[2m=[0m30.00Mgas [3mfull[0m[2m=[0m0.4% [3mbase_fee[0m[2m=[0m0.00Gwei [3mblobs[0m[2m=[0m0 [3mexcess_blobs[0m[2m=[0m0 [3melapsed[0m[2m=[0m33.619535ms
[2m2026-09-23T16:40:44.523350Z[0m [32m INFO[0m [2mreth_node_events::node[0m[2m:[0m Canonical chain committed [3mnumber[0m[2m=[0m48 [3mhash[0m[2m=[0m0x8beff2f30a3cbf0d56e38a9e465249f41ac60949db40a679581670cb3c3d5648 [3melapsed[0m[2m=[0m21.76µs
[2m2026-09-23T16:40:44.548368Z[0m [32m INFO[0m [2mreth_node_events::node[0m[2m:[0m Forkchoice updated [3mhead_block_hash[0m[2m=[0m0x8beff2f30a3cbf0d56e38a9e465249f41ac60949db40a679581670cb3c3d5648 [3msafe_block_hash[0m[2m=[0m0x8beff2f30a3cbf0d56e38a9e465249f41ac60949db40a679581670cb3c3d5648 [3mfinalized_block_hash[0m[2m=[0m0x8beff2f30a3cbf0d56e38a9e465249f41ac60949db40a679581670cb3c3d5648
  FAIL: D1 continuous block observation failed
--- evm1 at stall ---
time=2026-09-23T19:40:40.2788+0300 level=ERROR source=/Users/risto/uni/agre/bft-core-d2h/shardnode/bftclient.go:496 msg="processing certification response" err="shardnode: certified block ccc9608f72b1ec4fb6e54003f6b53de8d0e341f5a9a9a4928fd4f13e534ca475 is unavailable in the executor (status syncing) — cannot build round 54 yet; retaining the anchor and retrying on the next certificate" go_id=348
time=2026-09-23T19:40:40.2998+0300 level=INFO source=/Users/risto/uni/agre/bft-core-d2h/shardnode/bftclient.go:750 msg="accepted certificate" class=duplicate retryOfFailedApply=true partitionRound=53 rootRound=271 blockHash=ccc9608f72b1ec4fb6e54003f6b53de8d0e341f5a9a9a4928fd4f13e534ca475 nextRound=54 nextLeader=16Uiu2HAm9f2efvTXLTiZfEKJ3rkg15HYYKZJhm9QZScNSgGhtf1s go_id=348
time=2026-09-23T19:40:40.3216+0300 level=WARN source=/Users/risto/uni/agre/bft-core-d2h/shardnode/round.go:1394 msg="executor head diverges from certified state — attempting recovery via Commit before giving up" executorHead=2a78d4ef47dda68e399eee7716025d778db6bcfd4adb8bddb20a1dc38904c56a certifiedStateRoot=57b28934fad1e672e0b1dc5c3bee89e8248e98298807b4df480aef2cdeee0ec5 recoveryBlockHash=ccc9608f72b1ec4fb6e54003f6b53de8d0e341f5a9a9a4928fd4f13e534ca475 anchorRound=53 targetFromQuietInterval=false go_id=348
time=2026-09-23T19:40:40.3418+0300 level=ERROR source=/Users/risto/uni/agre/bft-core-d2h/shardnode/bftclient.go:496 msg="processing certification response" err="shardnode: certified block ccc9608f72b1ec4fb6e54003f6b53de8d0e341f5a9a9a4928fd4f13e534ca475 is unavailable in the executor (status syncing) — cannot build round 54 yet; retaining the anchor and retrying on the next certificate" go_id=348
time=2026-09-23T19:40:42.1692+0300 level=INFO source=/Users/risto/uni/agre/bft-core-d2h/shardnode/bftclient.go:750 msg="accepted certificate" class=valid retryOfFailedApply=false partitionRound=54 rootRound=274 blockHash=937805f1d014b5b93c783fe6f14d2a28e1a937ca77ac8a297c3f455ea404f134 nextRound=55 nextLeader=16Uiu2HAm9f2efvTXLTiZfEKJ3rkg15HYYKZJhm9QZScNSgGhtf1s go_id=348
time=2026-09-23T19:40:42.1706+0300 level=WARN source=/Users/risto/uni/agre/bft-core-d2h/shardnode/round.go:1394 msg="executor head diverges from certified state — attempting recovery via Commit before giving up" executorHead=2a78d4ef47dda68e399eee7716025d778db6bcfd4adb8bddb20a1dc38904c56a certifiedStateRoot=baff5686475399edfe181a0c22b8e643243a56b13833d4abaa85cb0f116cde48 recoveryBlockHash=937805f1d014b5b93c783fe6f14d2a28e1a937ca77ac8a297c3f455ea404f134 anchorRound=54 targetFromQuietInterval=false go_id=348
time=2026-09-23T19:40:42.1910+0300 level=ERROR source=/Users/risto/uni/agre/bft-core-d2h/shardnode/bftclient.go:496 msg="processing certification response" err="shardnode: certified block 937805f1d014b5b93c783fe6f14d2a28e1a937ca77ac8a297c3f455ea404f134 is unavailable in the executor (status syncing) — cannot build round 55 yet; retaining the anchor and retrying on the next certificate" go_id=348
time=2026-09-23T19:40:42.2330+0300 level=INFO source=/Users/risto/uni/agre/bft-core-d2h/shardnode/bftclient.go:750 msg="accepted certificate" class=duplicate retryOfFailedApply=true partitionRound=54 rootRound=274 blockHash=937805f1d014b5b93c783fe6f14d2a28e1a937ca77ac8a297c3f455ea404f134 nextRound=55 nextLeader=16Uiu2HAm9f2efvTXLTiZfEKJ3rkg15HYYKZJhm9QZScNSgGhtf1s go_id=348
time=2026-09-23T19:40:42.2759+0300 level=WARN source=/Users/risto/uni/agre/bft-core-d2h/shardnode/round.go:1394 msg="executor head diverges from certified state — attempting recovery via Commit before giving up" executorHead=2a78d4ef47dda68e399eee7716025d778db6bcfd4adb8bddb20a1dc38904c56a certifiedStateRoot=baff5686475399edfe181a0c22b8e643243a56b13833d4abaa85cb0f116cde48 recoveryBlockHash=937805f1d014b5b93c783fe6f14d2a28e1a937ca77ac8a297c3f455ea404f134 anchorRound=54 targetFromQuietInterval=false go_id=348
time=2026-09-23T19:40:42.2962+0300 level=ERROR source=/Users/risto/uni/agre/bft-core-d2h/shardnode/bftclient.go:496 msg="processing certification response" err="shardnode: certified block 937805f1d014b5b93c783fe6f14d2a28e1a937ca77ac8a297c3f455ea404f134 is unavailable in the executor (status syncing) — cannot build round 55 yet; retaining the anchor and retrying on the next certificate" go_id=348
time=2026-09-23T19:40:42.3806+0300 level=INFO source=/Users/risto/uni/agre/bft-core-d2h/shardnode/bftclient.go:750 msg="accepted certificate" class=duplicate retryOfFailedApply=true partitionRound=54 rootRound=274 blockHash=937805f1d014b5b93c783fe6f14d2a28e1a937ca77ac8a297c3f455ea404f134 nextRound=55 nextLeader=16Uiu2HAm9f2efvTXLTiZfEKJ3rkg15HYYKZJhm9QZScNSgGhtf1s go_id=348
time=2026-09-23T19:40:42.4035+0300 level=WARN source=/Users/risto/uni/agre/bft-core-d2h/shardnode/round.go:1394 msg="executor head diverges from certified state — attempting recovery via Commit before giving up" executorHead=2a78d4ef47dda68e399eee7716025d778db6bcfd4adb8bddb20a1dc38904c56a certifiedStateRoot=baff5686475399edfe181a0c22b8e643243a56b13833d4abaa85cb0f116cde48 recoveryBlockHash=937805f1d014b5b93c783fe6f14d2a28e1a937ca77ac8a297c3f455ea404f134 anchorRound=54 targetFromQuietInterval=false go_id=348
time=2026-09-23T19:40:42.4386+0300 level=ERROR source=/Users/risto/uni/agre/bft-core-d2h/shardnode/bftclient.go:496 msg="processing certification response" err="shardnode: certified block 937805f1d014b5b93c783fe6f14d2a28e1a937ca77ac8a297c3f455ea404f134 is unavailable in the executor (status syncing) — cannot build round 55 yet; retaining the anchor and retrying on the next certificate" go_id=348
time=2026-09-23T19:40:42.4754+0300 level=INFO source=/Users/risto/uni/agre/bft-core-d2h/shardnode/bftclient.go:750 msg="accepted certificate" class=duplicate retryOfFailedApply=true partitionRound=54 rootRound=274 blockHash=937805f1d014b5b93c783fe6f14d2a28e1a937ca77ac8a297c3f455ea404f134 nextRound=55 nextLeader=16Uiu2HAm9f2efvTXLTiZfEKJ3rkg15HYYKZJhm9QZScNSgGhtf1s go_id=348
time=2026-09-23T19:40:42.5150+0300 level=WARN source=/Users/risto/uni/agre/bft-core-d2h/shardnode/round.go:1394 msg="executor head diverges from certified state — attempting recovery via Commit before giving up" executorHead=2a78d4ef47dda68e399eee7716025d778db6bcfd4adb8bddb20a1dc38904c56a certifiedStateRoot=baff5686475399edfe181a0c22b8e643243a56b13833d4abaa85cb0f116cde48 recoveryBlockHash=937805f1d014b5b93c783fe6f14d2a28e1a937ca77ac8a297c3f455ea404f134 anchorRound=54 targetFromQuietInterval=false go_id=348
time=2026-09-23T19:40:42.5344+0300 level=ERROR source=/Users/risto/uni/agre/bft-core-d2h/shardnode/bftclient.go:496 msg="processing certification response" err="shardnode: certified block 937805f1d014b5b93c783fe6f14d2a28e1a937ca77ac8a297c3f455ea404f134 is unavailable in the executor (status syncing) — cannot build round 55 yet; retaining the anchor and retrying on the next certificate" go_id=348
time=2026-09-23T19:40:42.5711+0300 level=INFO source=/Users/risto/uni/agre/bft-core-d2h/shardnode/bftclient.go:750 msg="accepted certificate" class=duplicate retryOfFailedApply=true partitionRound=54 rootRound=274 blockHash=937805f1d014b5b93c783fe6f14d2a28e1a937ca77ac8a297c3f455ea404f134 nextRound=55 nextLeader=16Uiu2HAm9f2efvTXLTiZfEKJ3rkg15HYYKZJhm9QZScNSgGhtf1s go_id=348
time=2026-09-23T19:40:42.5951+0300 level=WARN source=/Users/risto/uni/agre/bft-core-d2h/shardnode/round.go:1394 msg="executor head diverges from certified state — attempting recovery via Commit before giving up" executorHead=2a78d4ef47dda68e399eee7716025d778db6bcfd4adb8bddb20a1dc38904c56a certifiedStateRoot=baff5686475399edfe181a0c22b8e643243a56b13833d4abaa85cb0f116cde48 recoveryBlockHash=937805f1d014b5b93c783fe6f14d2a28e1a937ca77ac8a297c3f455ea404f134 anchorRound=54 targetFromQuietInterval=false go_id=348
time=2026-09-23T19:40:42.6144+0300 level=ERROR source=/Users/risto/uni/agre/bft-core-d2h/shardnode/bftclient.go:496 msg="processing certification response" err="shardnode: certified block 937805f1d014b5b93c783fe6f14d2a28e1a937ca77ac8a297c3f455ea404f134 is unavailable in the executor (status syncing) — cannot build round 55 yet; retaining the anchor and retrying on the next certificate" go_id=348
time=2026-09-23T19:40:42.6502+0300 level=INFO source=/Users/risto/uni/agre/bft-core-d2h/shardnode/bftclient.go:750 msg="accepted certificate" class=duplicate retryOfFailedApply=true partitionRound=54 rootRound=274 blockHash=937805f1d014b5b93c783fe6f14d2a28e1a937ca77ac8a297c3f455ea404f134 nextRound=55 nextLeader=16Uiu2HAm9f2efvTXLTiZfEKJ3rkg15HYYKZJhm9QZScNSgGhtf1s go_id=348
time=2026-09-23T19:40:42.6732+0300 level=WARN source=/Users/risto/uni/agre/bft-core-d2h/shardnode/round.go:1394 msg="executor head diverges from certified state — attempting recovery via Commit before giving up" executorHead=2a78d4ef47dda68e399eee7716025d778db6bcfd4adb8bddb20a1dc38904c56a certifiedStateRoot=baff5686475399edfe181a0c22b8e643243a56b13833d4abaa85cb0f116cde48 recoveryBlockHash=937805f1d014b5b93c783fe6f14d2a28e1a937ca77ac8a297c3f455ea404f134 anchorRound=54 targetFromQuietInterval=false go_id=348
time=2026-09-23T19:40:42.7303+0300 level=ERROR source=/Users/risto/uni/agre/bft-core-d2h/shardnode/bftclient.go:496 msg="processing certification response" err="shardnode: certified block 937805f1d014b5b93c783fe6f14d2a28e1a937ca77ac8a297c3f455ea404f134 is unavailable in the executor (status syncing) — cannot build round 55 yet; retaining the anchor and retrying on the next certificate" go_id=348
time=2026-09-23T19:40:44.4749+0300 level=INFO source=/Users/risto/uni/agre/bft-core-d2h/shardnode/bftclient.go:750 msg="accepted certificate" class=valid retryOfFailedApply=false partitionRound=55 rootRound=277 blockHash=8beff2f30a3cbf0d56e38a9e465249f41ac60949db40a679581670cb3c3d5648 nextRound=56 nextLeader=16Uiu2HAm3wGgeazNWFfLVUuuGdgZM2yEohbi2B78mk18i7nY5sRP go_id=348
time=2026-09-23T19:40:44.5253+0300 level=WARN source=/Users/risto/uni/agre/bft-core-d2h/shardnode/round.go:1394 msg="executor head diverges from certified state — attempting recovery via Commit before giving up" executorHead=2a78d4ef47dda68e399eee7716025d778db6bcfd4adb8bddb20a1dc38904c56a certifiedStateRoot=18d4591a6853cd857e1d4d5aca2f82c2dbe4e0b17f828ca01eb0b43ddd6d4980 recoveryBlockHash=8beff2f30a3cbf0d56e38a9e465249f41ac60949db40a679581670cb3c3d5648 anchorRound=55 targetFromQuietInterval=false go_id=348
time=2026-09-23T19:40:44.5491+0300 level=ERROR source=/Users/risto/uni/agre/bft-core-d2h/shardnode/bftclient.go:496 msg="processing certification response" err="shardnode: certified block 8beff2f30a3cbf0d56e38a9e465249f41ac60949db40a679581670cb3c3d5648 is unavailable in the executor (status syncing) — cannot build round 56 yet; retaining the anchor and retrying on the next certificate" go_id=348
time=2026-09-23T19:40:44.5785+0300 level=INFO source=/Users/risto/uni/agre/bft-core-d2h/shardnode/bftclient.go:750 msg="accepted certificate" class=duplicate retryOfFailedApply=true partitionRound=55 rootRound=277 blockHash=8beff2f30a3cbf0d56e38a9e465249f41ac60949db40a679581670cb3c3d5648 nextRound=56 nextLeader=16Uiu2HAm3wGgeazNWFfLVUuuGdgZM2yEohbi2B78mk18i7nY5sRP go_id=348
time=2026-09-23T19:40:44.6168+0300 level=WARN source=/Users/risto/uni/agre/bft-core-d2h/shardnode/round.go:1394 msg="executor head diverges from certified state — attempting recovery via Commit before giving up" executorHead=2a78d4ef47dda68e399eee7716025d778db6bcfd4adb8bddb20a1dc38904c56a certifiedStateRoot=18d4591a6853cd857e1d4d5aca2f82c2dbe4e0b17f828ca01eb0b43ddd6d4980 recoveryBlockHash=8beff2f30a3cbf0d56e38a9e465249f41ac60949db40a679581670cb3c3d5648 anchorRound=55 targetFromQuietInterval=false go_id=348
time=2026-09-23T19:40:44.6367+0300 level=ERROR source=/Users/risto/uni/agre/bft-core-d2h/shardnode/bftclient.go:496 msg="processing certification response" err="shardnode: certified block 8beff2f30a3cbf0d56e38a9e465249f41ac60949db40a679581670cb3c3d5648 is unavailable in the executor (status syncing) — cannot build round 56 yet; retaining the anchor and retrying on the next certificate" go_id=348
time=2026-09-23T19:40:44.6954+0300 level=INFO source=/Users/risto/uni/agre/bft-core-d2h/shardnode/bftclient.go:750 msg="accepted certificate" class=duplicate retryOfFailedApply=true partitionRound=55 rootRound=277 blockHash=8beff2f30a3cbf0d56e38a9e465249f41ac60949db40a679581670cb3c3d5648 nextRound=56 nextLeader=16Uiu2HAm3wGgeazNWFfLVUuuGdgZM2yEohbi2B78mk18i7nY5sRP go_id=348
time=2026-09-23T19:40:44.7006+0300 level=WARN source=/Users/risto/uni/agre/bft-core-d2h/shardnode/round.go:1394 msg="executor head diverges from certified state — attempting recovery via Commit before giving up" executorHead=2a78d4ef47dda68e399eee7716025d778db6bcfd4adb8bddb20a1dc38904c56a certifiedStateRoot=18d4591a6853cd857e1d4d5aca2f82c2dbe4e0b17f828ca01eb0b43ddd6d4980 recoveryBlockHash=8beff2f30a3cbf0d56e38a9e465249f41ac60949db40a679581670cb3c3d5648 anchorRound=55 targetFromQuietInterval=false go_id=348
time=2026-09-23T19:40:44.7253+0300 level=ERROR source=/Users/risto/uni/agre/bft-core-d2h/shardnode/bftclient.go:496 msg="processing certification response" err="shardnode: certified block 8beff2f30a3cbf0d56e38a9e465249f41ac60949db40a679581670cb3c3d5648 is unavailable in the executor (status syncing) — cannot build round 56 yet; retaining the anchor and retrying on the next certificate" go_id=348
time=2026-09-23T19:40:44.7505+0300 level=INFO source=/Users/risto/uni/agre/bft-core-d2h/shardnode/bftclient.go:750 msg="accepted certificate" class=duplicate retryOfFailedApply=true partitionRound=55 rootRound=277 blockHash=8beff2f30a3cbf0d56e38a9e465249f41ac60949db40a679581670cb3c3d5648 nextRound=56 nextLeader=16Uiu2HAm3wGgeazNWFfLVUuuGdgZM2yEohbi2B78mk18i7nY5sRP go_id=348
time=2026-09-23T19:40:44.7752+0300 level=WARN source=/Users/risto/uni/agre/bft-core-d2h/shardnode/round.go:1394 msg="executor head diverges from certified state — attempting recovery via Commit before giving up" executorHead=2a78d4ef47dda68e399eee7716025d778db6bcfd4adb8bddb20a1dc38904c56a certifiedStateRoot=18d4591a6853cd857e1d4d5aca2f82c2dbe4e0b17f828ca01eb0b43ddd6d4980 recoveryBlockHash=8beff2f30a3cbf0d56e38a9e465249f41ac60949db40a679581670cb3c3d5648 anchorRound=55 targetFromQuietInterval=false go_id=348
time=2026-09-23T19:40:44.7965+0300 level=ERROR source=/Users/risto/uni/agre/bft-core-d2h/shardnode/bftclient.go:496 msg="processing certification response" err="shardnode: certified block 8beff2f30a3cbf0d56e38a9e465249f41ac60949db40a679581670cb3c3d5648 is unavailable in the executor (status syncing) — cannot build round 56 yet; retaining the anchor and retrying on the next certificate" go_id=348
time=2026-09-23T19:40:44.8310+0300 level=INFO source=/Users/risto/uni/agre/bft-core-d2h/shardnode/bftclient.go:750 msg="accepted certificate" class=duplicate retryOfFailedApply=true partitionRound=55 rootRound=277 blockHash=8beff2f30a3cbf0d56e38a9e465249f41ac60949db40a679581670cb3c3d5648 nextRound=56 nextLeader=16Uiu2HAm3wGgeazNWFfLVUuuGdgZM2yEohbi2B78mk18i7nY5sRP go_id=348
time=2026-09-23T19:40:44.8537+0300 level=WARN source=/Users/risto/uni/agre/bft-core-d2h/shardnode/round.go:1394 msg="executor head diverges from certified state — attempting recovery via Commit before giving up" executorHead=2a78d4ef47dda68e399eee7716025d778db6bcfd4adb8bddb20a1dc38904c56a certifiedStateRoot=18d4591a6853cd857e1d4d5aca2f82c2dbe4e0b17f828ca01eb0b43ddd6d4980 recoveryBlockHash=8beff2f30a3cbf0d56e38a9e465249f41ac60949db40a679581670cb3c3d5648 anchorRound=55 targetFromQuietInterval=false go_id=348
time=2026-09-23T19:40:44.8747+0300 level=ERROR source=/Users/risto/uni/agre/bft-core-d2h/shardnode/bftclient.go:496 msg="processing certification response" err="shardnode: certified block 8beff2f30a3cbf0d56e38a9e465249f41ac60949db40a679581670cb3c3d5648 is unavailable in the executor (status syncing) — cannot build round 56 yet; retaining the anchor and retrying on the next certificate" go_id=348
time=2026-09-23T19:40:44.8960+0300 level=INFO source=/Users/risto/uni/agre/bft-core-d2h/shardnode/bftclient.go:750 msg="accepted certificate" class=duplicate retryOfFailedApply=true partitionRound=55 rootRound=277 blockHash=8beff2f30a3cbf0d56e38a9e465249f41ac60949db40a679581670cb3c3d5648 nextRound=56 nextLeader=16Uiu2HAm3wGgeazNWFfLVUuuGdgZM2yEohbi2B78mk18i7nY5sRP go_id=348
time=2026-09-23T19:40:44.9196+0300 level=WARN source=/Users/risto/uni/agre/bft-core-d2h/shardnode/round.go:1394 msg="executor head diverges from certified state — attempting recovery via Commit before giving up" executorHead=2a78d4ef47dda68e399eee7716025d778db6bcfd4adb8bddb20a1dc38904c56a certifiedStateRoot=18d4591a6853cd857e1d4d5aca2f82c2dbe4e0b17f828ca01eb0b43ddd6d4980 recoveryBlockHash=8beff2f30a3cbf0d56e38a9e465249f41ac60949db40a679581670cb3c3d5648 anchorRound=55 targetFromQuietInterval=false go_id=348
time=2026-09-23T19:40:44.9406+0300 level=ERROR source=/Users/risto/uni/agre/bft-core-d2h/shardnode/bftclient.go:496 msg="processing certification response" err="shardnode: certified block 8beff2f30a3cbf0d56e38a9e465249f41ac60949db40a679581670cb3c3d5648 is unavailable in the executor (status syncing) — cannot build round 56 yet; retaining the anchor and retrying on the next certificate" go_id=348
--- reth1 at stall ---
[2m2026-09-23T16:38:07.166303Z[0m [32m INFO[0m [2mreth_node_events::node[0m[2m:[0m Received forkchoice updated message when syncing [3mhead_block_hash[0m[2m=[0m0x578b8e9b3ce1cf617c0a2814845f38b41f1d85cf13efd7c76056ceb249c60900 [3msafe_block_hash[0m[2m=[0m0x578b8e9b3ce1cf617c0a2814845f38b41f1d85cf13efd7c76056ceb249c60900 [3mfinalized_block_hash[0m[2m=[0m0x578b8e9b3ce1cf617c0a2814845f38b41f1d85cf13efd7c76056ceb249c60900
[2m2026-09-23T16:38:24.350458Z[0m [32m INFO[0m [2mreth_node_events::node[0m[2m:[0m Received forkchoice updated message when syncing [3mhead_block_hash[0m[2m=[0m0x691ceb71acae6df7d15b39b5f99fff537c7a42061ad6a20e8784406082430935 [3msafe_block_hash[0m[2m=[0m0x691ceb71acae6df7d15b39b5f99fff537c7a42061ad6a20e8784406082430935 [3mfinalized_block_hash[0m[2m=[0m0x691ceb71acae6df7d15b39b5f99fff537c7a42061ad6a20e8784406082430935
[2m2026-09-23T16:38:26.253217Z[0m [32m INFO[0m [2mreth_node_events::node[0m[2m:[0m Received forkchoice updated message when syncing [3mhead_block_hash[0m[2m=[0m0xb58b2003dc93f79402959ea2c3b1039317f339885fe6e84e0f7ca6a692636271 [3msafe_block_hash[0m[2m=[0m0xb58b2003dc93f79402959ea2c3b1039317f339885fe6e84e0f7ca6a692636271 [3mfinalized_block_hash[0m[2m=[0m0xb58b2003dc93f79402959ea2c3b1039317f339885fe6e84e0f7ca6a692636271
[2m2026-09-23T16:38:28.649114Z[0m [32m INFO[0m [2mreth_node_events::node[0m[2m:[0m Received forkchoice updated message when syncing [3mhead_block_hash[0m[2m=[0m0x335526b92bce0bbb46e7759dc3043005e42645010ee5e06ba3596687a71b7fe0 [3msafe_block_hash[0m[2m=[0m0x335526b92bce0bbb46e7759dc3043005e42645010ee5e06ba3596687a71b7fe0 [3mfinalized_block_hash[0m[2m=[0m0x335526b92bce0bbb46e7759dc3043005e42645010ee5e06ba3596687a71b7fe0
[2m2026-09-23T16:38:30.810857Z[0m [32m INFO[0m [2mreth_node_events::node[0m[2m:[0m Received forkchoice updated message when syncing [3mhead_block_hash[0m[2m=[0m0x94aebc471f651eb7bceea0985c1a845a9f9c42f8e7f5ed6f513a9b8a5758262b [3msafe_block_hash[0m[2m=[0m0x94aebc471f651eb7bceea0985c1a845a9f9c42f8e7f5ed6f513a9b8a5758262b [3mfinalized_block_hash[0m[2m=[0m0x94aebc471f651eb7bceea0985c1a845a9f9c42f8e7f5ed6f513a9b8a5758262b
[2m2026-09-23T16:38:32.815415Z[0m [32m INFO[0m [2mreth_node_events::node[0m[2m:[0m Received forkchoice updated message when syncing [3mhead_block_hash[0m[2m=[0m0xd935520bd85723986ea69bc1c1cab58ce7841fe56c7b835f218a14038fa070a4 [3msafe_block_hash[0m[2m=[0m0xd935520bd85723986ea69bc1c1cab58ce7841fe56c7b835f218a14038fa070a4 [3mfinalized_block_hash[0m[2m=[0m0xd935520bd85723986ea69bc1c1cab58ce7841fe56c7b835f218a14038fa070a4
[2m2026-09-23T16:38:35.668513Z[0m [32m INFO[0m [2mreth_node_events::node[0m[2m:[0m Received forkchoice updated message when syncing [3mhead_block_hash[0m[2m=[0m0x712c7bf5942a2945345f22e55a7cd0dcf7454fa7af83f0bae17f100495666e78 [3msafe_block_hash[0m[2m=[0m0x712c7bf5942a2945345f22e55a7cd0dcf7454fa7af83f0bae17f100495666e78 [3mfinalized_block_hash[0m[2m=[0m0x712c7bf5942a2945345f22e55a7cd0dcf7454fa7af83f0bae17f100495666e78
[2m2026-09-23T16:38:52.812740Z[0m [32m INFO[0m [2mreth_node_events::node[0m[2m:[0m Received forkchoice updated message when syncing [3mhead_block_hash[0m[2m=[0m0x4138a7433324edbb3835c74103b468f1a8a24a0de2d603b319c848ac08df0a7e [3msafe_block_hash[0m[2m=[0m0x4138a7433324edbb3835c74103b468f1a8a24a0de2d603b319c848ac08df0a7e [3mfinalized_block_hash[0m[2m=[0m0x4138a7433324edbb3835c74103b468f1a8a24a0de2d603b319c848ac08df0a7e
[2m2026-09-23T16:38:55.194693Z[0m [32m INFO[0m [2mreth_node_events::node[0m[2m:[0m Received forkchoice updated message when syncing [3mhead_block_hash[0m[2m=[0m0x6cd184883863e0628f9b2bb3e5bd98750c9e9c4bcba7afae9cfacae841fb6e90 [3msafe_block_hash[0m[2m=[0m0x6cd184883863e0628f9b2bb3e5bd98750c9e9c4bcba7afae9cfacae841fb6e90 [3mfinalized_block_hash[0m[2m=[0m0x6cd184883863e0628f9b2bb3e5bd98750c9e9c4bcba7afae9cfacae841fb6e90
[2m2026-09-23T16:38:57.573054Z[0m [32m INFO[0m [2mreth_node_events::node[0m[2m:[0m Received forkchoice updated message when syncing [3mhead_block_hash[0m[2m=[0m0x2ba851b6c1343c45919e49c1f08e5193d34bd952065e69a7fba5d5a49fd21c09 [3msafe_block_hash[0m[2m=[0m0x2ba851b6c1343c45919e49c1f08e5193d34bd952065e69a7fba5d5a49fd21c09 [3mfinalized_block_hash[0m[2m=[0m0x2ba851b6c1343c45919e49c1f08e5193d34bd952065e69a7fba5d5a49fd21c09
[2m2026-09-23T16:38:59.628050Z[0m [32m INFO[0m [2mreth_node_events::node[0m[2m:[0m Received forkchoice updated message when syncing [3mhead_block_hash[0m[2m=[0m0xa6b945b0294bfc789f99a6f73009bff7b20d9722f29e161364a4df3e26e2c6ce [3msafe_block_hash[0m[2m=[0m0xa6b945b0294bfc789f99a6f73009bff7b20d9722f29e161364a4df3e26e2c6ce [3mfinalized_block_hash[0m[2m=[0m0xa6b945b0294bfc789f99a6f73009bff7b20d9722f29e161364a4df3e26e2c6ce
[2m2026-09-23T16:39:01.665686Z[0m [32m INFO[0m [2mreth_node_events::node[0m[2m:[0m Received forkchoice updated message when syncing [3mhead_block_hash[0m[2m=[0m0x32dbd02da6e8e57883fa423d13a7d4f588ae62d02b180e6bd7bd129700181161 [3msafe_block_hash[0m[2m=[0m0x32dbd02da6e8e57883fa423d13a7d4f588ae62d02b180e6bd7bd129700181161 [3mfinalized_block_hash[0m[2m=[0m0x32dbd02da6e8e57883fa423d13a7d4f588ae62d02b180e6bd7bd129700181161
[2m2026-09-23T16:39:16.736230Z[0m [32m INFO[0m [2mreth::cli[0m[2m:[0m Status [3mconnected_peers[0m[2m=[0m0 [3mlatest_block[0m[2m=[0m6
[2m2026-09-23T16:39:20.716308Z[0m [32m INFO[0m [2mreth_node_events::node[0m[2m:[0m Received forkchoice updated message when syncing [3mhead_block_hash[0m[2m=[0m0x1b75ec3bd810546ec75e96222eabf3be27af08c17065b57ccc14850c532c2a9c [3msafe_block_hash[0m[2m=[0m0x1b75ec3bd810546ec75e96222eabf3be27af08c17065b57ccc14850c532c2a9c [3mfinalized_block_hash[0m[2m=[0m0x1b75ec3bd810546ec75e96222eabf3be27af08c17065b57ccc14850c532c2a9c
[2m2026-09-23T16:39:22.972450Z[0m [32m INFO[0m [2mreth_node_events::node[0m[2m:[0m Received forkchoice updated message when syncing [3mhead_block_hash[0m[2m=[0m0xeaa8e3fff01fc3ec89d6bd9b99731c2807a4ff24bbf4b26934253920bf3c085f [3msafe_block_hash[0m[2m=[0m0xeaa8e3fff01fc3ec89d6bd9b99731c2807a4ff24bbf4b26934253920bf3c085f [3mfinalized_block_hash[0m[2m=[0m0xeaa8e3fff01fc3ec89d6bd9b99731c2807a4ff24bbf4b26934253920bf3c085f
[2m2026-09-23T16:39:39.974862Z[0m [32m INFO[0m [2mreth_node_events::node[0m[2m:[0m Received forkchoice updated message when syncing [3mhead_block_hash[0m[2m=[0m0xb0cc118fb22fe4c3f248952a4fd0f8490e07305d8ea385a00abce2cdf5d2cec2 [3msafe_block_hash[0m[2m=[0m0xb0cc118fb22fe4c3f248952a4fd0f8490e07305d8ea385a00abce2cdf5d2cec2 [3mfinalized_block_hash[0m[2m=[0m0xb0cc118fb22fe4c3f248952a4fd0f8490e07305d8ea385a00abce2cdf5d2cec2
[2m2026-09-23T16:39:42.267781Z[0m [32m INFO[0m [2mreth_node_events::node[0m[2m:[0m Received forkchoice updated message when syncing [3mhead_block_hash[0m[2m=[0m0xa22997f518694ad9fff5352d6549827997ad0306631ee9dd6ec7bc0531fcb0c3 [3msafe_block_hash[0m[2m=[0m0xa22997f518694ad9fff5352d6549827997ad0306631ee9dd6ec7bc0531fcb0c3 [3mfinalized_block_hash[0m[2m=[0m0xa22997f518694ad9fff5352d6549827997ad0306631ee9dd6ec7bc0531fcb0c3
[2m2026-09-23T16:39:44.323760Z[0m [32m INFO[0m [2mreth_node_events::node[0m[2m:[0m Received forkchoice updated message when syncing [3mhead_block_hash[0m[2m=[0m0x32295c2619448cbe295aa2c7dad06789f9637c6673e95811ecd8b55a74acf595 [3msafe_block_hash[0m[2m=[0m0x32295c2619448cbe295aa2c7dad06789f9637c6673e95811ecd8b55a74acf595 [3mfinalized_block_hash[0m[2m=[0m0x32295c2619448cbe295aa2c7dad06789f9637c6673e95811ecd8b55a74acf595
[2m2026-09-23T16:39:46.614688Z[0m [32m INFO[0m [2mreth_node_events::node[0m[2m:[0m Received forkchoice updated message when syncing [3mhead_block_hash[0m[2m=[0m0x7152c9e070659b32180d8468d60427ddb62e21fba8253e3368cb6ea7f39eec99 [3msafe_block_hash[0m[2m=[0m0x7152c9e070659b32180d8468d60427ddb62e21fba8253e3368cb6ea7f39eec99 [3mfinalized_block_hash[0m[2m=[0m0x7152c9e070659b32180d8468d60427ddb62e21fba8253e3368cb6ea7f39eec99
[2m2026-09-23T16:39:48.726409Z[0m [32m INFO[0m [2mreth_node_events::node[0m[2m:[0m Received forkchoice updated message when syncing [3mhead_block_hash[0m[2m=[0m0x3c7f497fb17938ab5855944ea5b9e4efb729420d67f5504a40a35509dba148e7 [3msafe_block_hash[0m[2m=[0m0x3c7f497fb17938ab5855944ea5b9e4efb729420d67f5504a40a35509dba148e7 [3mfinalized_block_hash[0m[2m=[0m0x3c7f497fb17938ab5855944ea5b9e4efb729420d67f5504a40a35509dba148e7
[2m2026-09-23T16:39:50.894138Z[0m [32m INFO[0m [2mreth_node_events::node[0m[2m:[0m Received forkchoice updated message when syncing [3mhead_block_hash[0m[2m=[0m0x885a2d223a23a06bd307875ea3283d1ff58dcbc9f87bc0af615ee99e9c480ce0 [3msafe_block_hash[0m[2m=[0m0x885a2d223a23a06bd307875ea3283d1ff58dcbc9f87bc0af615ee99e9c480ce0 [3mfinalized_block_hash[0m[2m=[0m0x885a2d223a23a06bd307875ea3283d1ff58dcbc9f87bc0af615ee99e9c480ce0
[2m2026-09-23T16:39:53.285002Z[0m [32m INFO[0m [2mreth_node_events::node[0m[2m:[0m Received forkchoice updated message when syncing [3mhead_block_hash[0m[2m=[0m0xcb10158ed75a87f49fb6ed02d220ca6c6ea158aff8e9ef19d613b8b60570c75e [3msafe_block_hash[0m[2m=[0m0xcb10158ed75a87f49fb6ed02d220ca6c6ea158aff8e9ef19d613b8b60570c75e [3mfinalized_block_hash[0m[2m=[0m0xcb10158ed75a87f49fb6ed02d220ca6c6ea158aff8e9ef19d613b8b60570c75e
[2m2026-09-23T16:39:55.213092Z[0m [32m INFO[0m [2mreth_node_events::node[0m[2m:[0m Received forkchoice updated message when syncing [3mhead_block_hash[0m[2m=[0m0xf10729d33e2db2420235de83fedd5a14e072d42e84e1ae9b26fd2449a4dd39f4 [3msafe_block_hash[0m[2m=[0m0xf10729d33e2db2420235de83fedd5a14e072d42e84e1ae9b26fd2449a4dd39f4 [3mfinalized_block_hash[0m[2m=[0m0xf10729d33e2db2420235de83fedd5a14e072d42e84e1ae9b26fd2449a4dd39f4
[2m2026-09-23T16:40:09.887927Z[0m [32m INFO[0m [2mreth_node_events::node[0m[2m:[0m Received forkchoice updated message when syncing [3mhead_block_hash[0m[2m=[0m0x8adbb3b4f9b5850a3e96df930f270fb79d8a5bef16e08aad254dcbe24fe5387e [3msafe_block_hash[0m[2m=[0m0x8adbb3b4f9b5850a3e96df930f270fb79d8a5bef16e08aad254dcbe24fe5387e [3mfinalized_block_hash[0m[2m=[0m0x8adbb3b4f9b5850a3e96df930f270fb79d8a5bef16e08aad254dcbe24fe5387e
[2m2026-09-23T16:40:12.367559Z[0m [32m INFO[0m [2mreth_node_events::node[0m[2m:[0m Received forkchoice updated message when syncing [3mhead_block_hash[0m[2m=[0m0xa2d56302c54ac92965602572187222b00d7284df7a75b9ac3ab0bc072c72919c [3msafe_block_hash[0m[2m=[0m0xa2d56302c54ac92965602572187222b00d7284df7a75b9ac3ab0bc072c72919c [3mfinalized_block_hash[0m[2m=[0m0xa2d56302c54ac92965602572187222b00d7284df7a75b9ac3ab0bc072c72919c
[2m2026-09-23T16:40:14.710129Z[0m [32m INFO[0m [2mreth_node_events::node[0m[2m:[0m Received forkchoice updated message when syncing [3mhead_block_hash[0m[2m=[0m0x8ebb6f0e80df053bd8c15f43f5e1639cbf36d27ec0dc7e14b924de5b5b32c4ab [3msafe_block_hash[0m[2m=[0m0x8ebb6f0e80df053bd8c15f43f5e1639cbf36d27ec0dc7e14b924de5b5b32c4ab [3mfinalized_block_hash[0m[2m=[0m0x8ebb6f0e80df053bd8c15f43f5e1639cbf36d27ec0dc7e14b924de5b5b32c4ab
[2m2026-09-23T16:40:17.144954Z[0m [32m INFO[0m [2mreth_node_events::node[0m[2m:[0m Received forkchoice updated message when syncing [3mhead_block_hash[0m[2m=[0m0x333925936727943bc9a016a76eb66f2cdd81425f38e3e0360341ef658c4ecc01 [3msafe_block_hash[0m[2m=[0m0x333925936727943bc9a016a76eb66f2cdd81425f38e3e0360341ef658c4ecc01 [3mfinalized_block_hash[0m[2m=[0m0x333925936727943bc9a016a76eb66f2cdd81425f38e3e0360341ef658c4ecc01
[2m2026-09-23T16:40:19.268939Z[0m [32m INFO[0m [2mreth_node_events::node[0m[2m:[0m Received forkchoice updated message when syncing [3mhead_block_hash[0m[2m=[0m0xc8a4fad05ae3717b017c76822c4551bbfe8fd0ef8d0b8801a00297a1f387d974 [3msafe_block_hash[0m[2m=[0m0xc8a4fad05ae3717b017c76822c4551bbfe8fd0ef8d0b8801a00297a1f387d974 [3mfinalized_block_hash[0m[2m=[0m0xc8a4fad05ae3717b017c76822c4551bbfe8fd0ef8d0b8801a00297a1f387d974
[2m2026-09-23T16:40:21.522046Z[0m [32m INFO[0m [2mreth_node_events::node[0m[2m:[0m Received forkchoice updated message when syncing [3mhead_block_hash[0m[2m=[0m0xddeff12f26e5689675b98a44c6acf6ca33885007de765e1295539358f90d103e [3msafe_block_hash[0m[2m=[0m0xddeff12f26e5689675b98a44c6acf6ca33885007de765e1295539358f90d103e [3mfinalized_block_hash[0m[2m=[0m0xddeff12f26e5689675b98a44c6acf6ca33885007de765e1295539358f90d103e
[2m2026-09-23T16:40:23.694703Z[0m [32m INFO[0m [2mreth_node_events::node[0m[2m:[0m Received forkchoice updated message when syncing [3mhead_block_hash[0m[2m=[0m0xa39fcdcd43ed2bbee021aff8d43a5132523bffe9d2044a288c809f2f9c14762a [3msafe_block_hash[0m[2m=[0m0xa39fcdcd43ed2bbee021aff8d43a5132523bffe9d2044a288c809f2f9c14762a [3mfinalized_block_hash[0m[2m=[0m0xa39fcdcd43ed2bbee021aff8d43a5132523bffe9d2044a288c809f2f9c14762a
[2m2026-09-23T16:40:26.086100Z[0m [32m INFO[0m [2mreth_node_events::node[0m[2m:[0m Received forkchoice updated message when syncing [3mhead_block_hash[0m[2m=[0m0x63c239b2d5c087615b3474445a7cd9b20d6ec5e636d64cda64819bf5a677cb44 [3msafe_block_hash[0m[2m=[0m0x63c239b2d5c087615b3474445a7cd9b20d6ec5e636d64cda64819bf5a677cb44 [3mfinalized_block_hash[0m[2m=[0m0x63c239b2d5c087615b3474445a7cd9b20d6ec5e636d64cda64819bf5a677cb44
[2m2026-09-23T16:40:28.485641Z[0m [32m INFO[0m [2mreth_node_events::node[0m[2m:[0m Received forkchoice updated message when syncing [3mhead_block_hash[0m[2m=[0m0x705134efc97815f7577baaf35f255c4edeafa98210ea0e4c6369e3d12d5c81c9 [3msafe_block_hash[0m[2m=[0m0x705134efc97815f7577baaf35f255c4edeafa98210ea0e4c6369e3d12d5c81c9 [3mfinalized_block_hash[0m[2m=[0m0x705134efc97815f7577baaf35f255c4edeafa98210ea0e4c6369e3d12d5c81c9
[2m2026-09-23T16:40:30.907251Z[0m [32m INFO[0m [2mreth_node_events::node[0m[2m:[0m Received forkchoice updated message when syncing [3mhead_block_hash[0m[2m=[0m0xff4afc418e965b994e8f9d0eca0784fd1363bfb0b2e55acdc3f072e16ebd192e [3msafe_block_hash[0m[2m=[0m0xff4afc418e965b994e8f9d0eca0784fd1363bfb0b2e55acdc3f072e16ebd192e [3mfinalized_block_hash[0m[2m=[0m0xff4afc418e965b994e8f9d0eca0784fd1363bfb0b2e55acdc3f072e16ebd192e
[2m2026-09-23T16:40:31.737254Z[0m [32m INFO[0m [2mreth::cli[0m[2m:[0m Status [3mconnected_peers[0m[2m=[0m0 [3mlatest_block[0m[2m=[0m6
[2m2026-09-23T16:40:33.127131Z[0m [32m INFO[0m [2mreth_node_events::node[0m[2m:[0m Received forkchoice updated message when syncing [3mhead_block_hash[0m[2m=[0m0x9695fcb150da367fbb2a9962f4b49037059d36d106f36cddbed99572cd4fb84d [3msafe_block_hash[0m[2m=[0m0x9695fcb150da367fbb2a9962f4b49037059d36d106f36cddbed99572cd4fb84d [3mfinalized_block_hash[0m[2m=[0m0x9695fcb150da367fbb2a9962f4b49037059d36d106f36cddbed99572cd4fb84d
[2m2026-09-23T16:40:35.407456Z[0m [32m INFO[0m [2mreth_node_events::node[0m[2m:[0m Received forkchoice updated message when syncing [3mhead_block_hash[0m[2m=[0m0x0b5a54669e3a91ed838e41c8b86325e5ba65b1e59b4cb24721151ee92dcce293 [3msafe_block_hash[0m[2m=[0m0x0b5a54669e3a91ed838e41c8b86325e5ba65b1e59b4cb24721151ee92dcce293 [3mfinalized_block_hash[0m[2m=[0m0x0b5a54669e3a91ed838e41c8b86325e5ba65b1e59b4cb24721151ee92dcce293
[2m2026-09-23T16:40:37.599367Z[0m [32m INFO[0m [2mreth_node_events::node[0m[2m:[0m Received forkchoice updated message when syncing [3mhead_block_hash[0m[2m=[0m0x80c38eb75a52e11b6360ad9ff1d05faa2f7c37523c387b2401e5d592a7430a57 [3msafe_block_hash[0m[2m=[0m0x80c38eb75a52e11b6360ad9ff1d05faa2f7c37523c387b2401e5d592a7430a57 [3mfinalized_block_hash[0m[2m=[0m0x80c38eb75a52e11b6360ad9ff1d05faa2f7c37523c387b2401e5d592a7430a57
[2m2026-09-23T16:40:39.762814Z[0m [32m INFO[0m [2mreth_node_events::node[0m[2m:[0m Received forkchoice updated message when syncing [3mhead_block_hash[0m[2m=[0m0xccc9608f72b1ec4fb6e54003f6b53de8d0e341f5a9a9a4928fd4f13e534ca475 [3msafe_block_hash[0m[2m=[0m0xccc9608f72b1ec4fb6e54003f6b53de8d0e341f5a9a9a4928fd4f13e534ca475 [3mfinalized_block_hash[0m[2m=[0m0xccc9608f72b1ec4fb6e54003f6b53de8d0e341f5a9a9a4928fd4f13e534ca475
[2m2026-09-23T16:40:42.190876Z[0m [32m INFO[0m [2mreth_node_events::node[0m[2m:[0m Received forkchoice updated message when syncing [3mhead_block_hash[0m[2m=[0m0x937805f1d014b5b93c783fe6f14d2a28e1a937ca77ac8a297c3f455ea404f134 [3msafe_block_hash[0m[2m=[0m0x937805f1d014b5b93c783fe6f14d2a28e1a937ca77ac8a297c3f455ea404f134 [3mfinalized_block_hash[0m[2m=[0m0x937805f1d014b5b93c783fe6f14d2a28e1a937ca77ac8a297c3f455ea404f134
[2m2026-09-23T16:40:44.548998Z[0m [32m INFO[0m [2mreth_node_events::node[0m[2m:[0m Received forkchoice updated message when syncing [3mhead_block_hash[0m[2m=[0m0x8beff2f30a3cbf0d56e38a9e465249f41ac60949db40a679581670cb3c3d5648 [3msafe_block_hash[0m[2m=[0m0x8beff2f30a3cbf0d56e38a9e465249f41ac60949db40a679581670cb3c3d5648 [3mfinalized_block_hash[0m[2m=[0m0x8beff2f30a3cbf0d56e38a9e465249f41ac60949db40a679581670cb3c3d5648
--- evm2 at stall ---
time=2026-09-23T19:40:26.1655+0300 level=INFO source=/Users/risto/uni/agre/bft-core-d2h/engineapi/adapter.go:349 msg="acquired certified parent registry witness" round=48 parentNumber=40 parentHash=63c239b2d5c087615b3474445a7cd9b20d6ec5e636d64cda64819bf5a677cb44 go_id=434
time=2026-09-23T19:40:26.2821+0300 level=INFO source=/Users/risto/uni/agre/bft-core-d2h/engineapi/adapter.go:601 msg="verified execution payload" round=48 blockHash=705134efc97815f7577baaf35f255c4edeafa98210ea0e4c6369e3d12d5c81c9 status=VALID rootInput=8b020308418018300000582063c239b2d5c087615b3474445a7cd9b20d6ec5e636d64cda64819bf5a677cb44880318fd011a6ab400f85820779eef99ecdaf1bf4c1ddd8a3dcc00aa160834524e2a969cbbc7e21e2f8f801c86182f005820b2e2b893130fce85ee462d57f25bfbf0ca61b994ad88194ba3b96c6d514088a55820864e936a5ffb8fa55d879d94bd5d0476b809496075dd8e8e907b8860e16961f51a6ab400f6582063c239b2d5c087615b3474445a7cd9b20d6ec5e636d64cda64819bf5a677cb4458209f984380ea43a8122595e56f84b9e76ffe62d84a55137103bc4781b7cc5f8e5858208d32e8b5dcaecf36b2077d10b3e4ded1d55bd1f294a501fec923f645e0e8963885183000783531365569753248416d47506e654639643736675178566e63474e6f66693135365162796d73455135645667774b416a596577356e65582009683988b6308caee0c82766cba93dc582200996918ab6c6771e4c78b2d4c3f25820840932c4f0b77d402a619ae0f6edbbcf689d4feab957332832d041d70fdc269280 commitment=33950a483ce4e212ab329c192b145a5e1d615c0a9cae0277f75819d84c8f19f8 go_id=434
time=2026-09-23T19:40:26.3034+0300 level=INFO source=/Users/risto/uni/agre/bft-core-d2h/shardnode/round.go:894 msg="submitting block certification request" round=48 quiet=false leader=true go_id=434
time=2026-09-23T19:40:28.4109+0300 level=INFO source=/Users/risto/uni/agre/bft-core-d2h/shardnode/bftclient.go:750 msg="accepted certificate" class=valid retryOfFailedApply=false partitionRound=48 rootRound=256 blockHash=705134efc97815f7577baaf35f255c4edeafa98210ea0e4c6369e3d12d5c81c9 nextRound=49 nextLeader=16Uiu2HAmGPneF9d76gQxVncGNofi156QbymsEQ5dVgwKAjYew5ne go_id=434
time=2026-09-23T19:40:28.4513+0300 level=INFO source=/Users/risto/uni/agre/bft-core-d2h/engineapi/adapter.go:349 msg="acquired certified parent registry witness" round=49 parentNumber=41 parentHash=705134efc97815f7577baaf35f255c4edeafa98210ea0e4c6369e3d12d5c81c9 go_id=434
time=2026-09-23T19:40:28.5806+0300 level=INFO source=/Users/risto/uni/agre/bft-core-d2h/engineapi/adapter.go:461 msg="sealed execution payload" blockHash=ff4afc418e965b994e8f9d0eca0784fd1363bfb0b2e55acdc3f072e16ebd192e parentHash=705134efc97815f7577baaf35f255c4edeafa98210ea0e4c6369e3d12d5c81c9 userTransactions=0 rootInput=8b0203084180183100005820705134efc97815f7577baaf35f255c4edeafa98210ea0e4c6369e3d12d5c81c98803190100011a6ab400fa5820b2a148add4547616bb624d8eda56ed15dd028c999a77bcefb3720820b919d294861830005820864e936a5ffb8fa55d879d94bd5d0476b809496075dd8e8e907b8860e16961f5582025ee667e895769fed8573d3a5100682fe9e8904db3a3e64efc8995c3ac685d8e1a6ab400f85820705134efc97815f7577baaf35f255c4edeafa98210ea0e4c6369e3d12d5c81c958200b8315beee34792bcf7f83aba65a7c8741952400f37c2b70aae7c5107979b95758208d32e8b5dcaecf36b2077d10b3e4ded1d55bd1f294a501fec923f645e0e8963885183100783531365569753248416d47506e654639643736675178566e63474e6f66693135365162796d73455135645667774b416a596577356e6558209b210edea4d2790600d1ecdce2520cfb87c2b0c9ba7c6d7969b86dacb389ad795820840932c4f0b77d402a619ae0f6edbbcf689d4feab957332832d041d70fdc269280 commitment=925815edb7e01d8d87abe705865bc7e6a05039e87f8022c1cbc5de470dd307de go_id=434
time=2026-09-23T19:40:28.6015+0300 level=INFO source=/Users/risto/uni/agre/bft-core-d2h/engineapi/adapter.go:349 msg="acquired certified parent registry witness" round=49 parentNumber=41 parentHash=705134efc97815f7577baaf35f255c4edeafa98210ea0e4c6369e3d12d5c81c9 go_id=434
time=2026-09-23T19:40:28.7178+0300 level=INFO source=/Users/risto/uni/agre/bft-core-d2h/engineapi/adapter.go:601 msg="verified execution payload" round=49 blockHash=ff4afc418e965b994e8f9d0eca0784fd1363bfb0b2e55acdc3f072e16ebd192e status=VALID rootInput=8b0203084180183100005820705134efc97815f7577baaf35f255c4edeafa98210ea0e4c6369e3d12d5c81c98803190100011a6ab400fa5820b2a148add4547616bb624d8eda56ed15dd028c999a77bcefb3720820b919d294861830005820864e936a5ffb8fa55d879d94bd5d0476b809496075dd8e8e907b8860e16961f5582025ee667e895769fed8573d3a5100682fe9e8904db3a3e64efc8995c3ac685d8e1a6ab400f85820705134efc97815f7577baaf35f255c4edeafa98210ea0e4c6369e3d12d5c81c958200b8315beee34792bcf7f83aba65a7c8741952400f37c2b70aae7c5107979b95758208d32e8b5dcaecf36b2077d10b3e4ded1d55bd1f294a501fec923f645e0e8963885183100783531365569753248416d47506e654639643736675178566e63474e6f66693135365162796d73455135645667774b416a596577356e6558209b210edea4d2790600d1ecdce2520cfb87c2b0c9ba7c6d7969b86dacb389ad795820840932c4f0b77d402a619ae0f6edbbcf689d4feab957332832d041d70fdc269280 commitment=925815edb7e01d8d87abe705865bc7e6a05039e87f8022c1cbc5de470dd307de go_id=434
time=2026-09-23T19:40:28.7616+0300 level=INFO source=/Users/risto/uni/agre/bft-core-d2h/shardnode/round.go:894 msg="submitting block certification request" round=49 quiet=false leader=true go_id=434
time=2026-09-23T19:40:30.7899+0300 level=INFO source=/Users/risto/uni/agre/bft-core-d2h/shardnode/bftclient.go:750 msg="accepted certificate" class=valid retryOfFailedApply=false partitionRound=49 rootRound=259 blockHash=ff4afc418e965b994e8f9d0eca0784fd1363bfb0b2e55acdc3f072e16ebd192e nextRound=50 nextLeader=16Uiu2HAm9f2efvTXLTiZfEKJ3rkg15HYYKZJhm9QZScNSgGhtf1s go_id=434
time=2026-09-23T19:40:30.9893+0300 level=INFO source=/Users/risto/uni/agre/bft-core-d2h/engineapi/adapter.go:349 msg="acquired certified parent registry witness" round=50 parentNumber=42 parentHash=ff4afc418e965b994e8f9d0eca0784fd1363bfb0b2e55acdc3f072e16ebd192e go_id=434
time=2026-09-23T19:40:31.1209+0300 level=INFO source=/Users/risto/uni/agre/bft-core-d2h/engineapi/adapter.go:601 msg="verified execution payload" round=50 blockHash=9695fcb150da367fbb2a9962f4b49037059d36d106f36cddbed99572cd4fb84d status=VALID rootInput=8b0203084180183200005820ff4afc418e965b994e8f9d0eca0784fd1363bfb0b2e55acdc3f072e16ebd192e8803190103011a6ab400fd5820e7623f602b4f51cf06371e5e91cf53bbfd4452c38685cf95c8ef1a555707d05c86183100582025ee667e895769fed8573d3a5100682fe9e8904db3a3e64efc8995c3ac685d8e58203f5d791391e97a2060bfe6ca2d76959b4191e32a6afa4730bef46bdbdd7d849a1a6ab400fa5820ff4afc418e965b994e8f9d0eca0784fd1363bfb0b2e55acdc3f072e16ebd192e58201f22377130085e58362af9d4119366b36f9bdd0189d8b14e26ce716d5ec08fe258208d32e8b5dcaecf36b2077d10b3e4ded1d55bd1f294a501fec923f645e0e8963885183200783531365569753248416d39663265667654584c54695a66454b4a33726b6731354859594b5a4a686d39515a53634e53674768746631735820468d8c184709c6c9ee1ee2653da97ed07f14e882908e51f42d50218cffbc62fa5820840932c4f0b77d402a619ae0f6edbbcf689d4feab957332832d041d70fdc269280 commitment=fe585163199b6d4f177a12180f54cd674f4a085d41fa03eb6971633a875ca5e9 go_id=434
time=2026-09-23T19:40:31.1432+0300 level=INFO source=/Users/risto/uni/agre/bft-core-d2h/shardnode/round.go:894 msg="submitting block certification request" round=50 quiet=false leader=false go_id=434
time=2026-09-23T19:40:33.0315+0300 level=INFO source=/Users/risto/uni/agre/bft-core-d2h/shardnode/bftclient.go:750 msg="accepted certificate" class=valid retryOfFailedApply=false partitionRound=50 rootRound=262 blockHash=9695fcb150da367fbb2a9962f4b49037059d36d106f36cddbed99572cd4fb84d nextRound=51 nextLeader=16Uiu2HAmGPneF9d76gQxVncGNofi156QbymsEQ5dVgwKAjYew5ne go_id=434
time=2026-09-23T19:40:33.0716+0300 level=INFO source=/Users/risto/uni/agre/bft-core-d2h/engineapi/adapter.go:349 msg="acquired certified parent registry witness" round=51 parentNumber=43 parentHash=9695fcb150da367fbb2a9962f4b49037059d36d106f36cddbed99572cd4fb84d go_id=434
time=2026-09-23T19:40:33.2223+0300 level=INFO source=/Users/risto/uni/agre/bft-core-d2h/engineapi/adapter.go:461 msg="sealed execution payload" blockHash=0b5a54669e3a91ed838e41c8b86325e5ba65b1e59b4cb24721151ee92dcce293 parentHash=9695fcb150da367fbb2a9962f4b49037059d36d106f36cddbed99572cd4fb84d userTransactions=0 rootInput=8b02030841801833000058209695fcb150da367fbb2a9962f4b49037059d36d106f36cddbed99572cd4fb84d8803190106011a6ab400ff5820037a375e99c8f8eb076d2ecc2a9e012955752c3f623647bed2ee0c5d0401d8528618320058203f5d791391e97a2060bfe6ca2d76959b4191e32a6afa4730bef46bdbdd7d849a5820c30da53dcbaabacc8a3194d0b2c1286a2998f796e923a9ffdd38573b6c9215891a6ab400fd58209695fcb150da367fbb2a9962f4b49037059d36d106f36cddbed99572cd4fb84d5820783396e4f78c7cfb46392c070eb9809875f986797304b5a578717cc41636353758208d32e8b5dcaecf36b2077d10b3e4ded1d55bd1f294a501fec923f645e0e8963885183300783531365569753248416d47506e654639643736675178566e63474e6f66693135365162796d73455135645667774b416a596577356e65582019e1b0a4608fc7ad484685f5be71e9eb582dc29ebe206d6c7060c3700393401d5820840932c4f0b77d402a619ae0f6edbbcf689d4feab957332832d041d70fdc269280 commitment=f8b4c880c4e423f698e30b2b4258dd951708fd04cc9e7ed43bf4f4f54289f87d go_id=434
time=2026-09-23T19:40:33.2592+0300 level=INFO source=/Users/risto/uni/agre/bft-core-d2h/engineapi/adapter.go:349 msg="acquired certified parent registry witness" round=51 parentNumber=43 parentHash=9695fcb150da367fbb2a9962f4b49037059d36d106f36cddbed99572cd4fb84d go_id=434
time=2026-09-23T19:40:33.3530+0300 level=INFO source=/Users/risto/uni/agre/bft-core-d2h/engineapi/adapter.go:601 msg="verified execution payload" round=51 blockHash=0b5a54669e3a91ed838e41c8b86325e5ba65b1e59b4cb24721151ee92dcce293 status=VALID rootInput=8b02030841801833000058209695fcb150da367fbb2a9962f4b49037059d36d106f36cddbed99572cd4fb84d8803190106011a6ab400ff5820037a375e99c8f8eb076d2ecc2a9e012955752c3f623647bed2ee0c5d0401d8528618320058203f5d791391e97a2060bfe6ca2d76959b4191e32a6afa4730bef46bdbdd7d849a5820c30da53dcbaabacc8a3194d0b2c1286a2998f796e923a9ffdd38573b6c9215891a6ab400fd58209695fcb150da367fbb2a9962f4b49037059d36d106f36cddbed99572cd4fb84d5820783396e4f78c7cfb46392c070eb9809875f986797304b5a578717cc41636353758208d32e8b5dcaecf36b2077d10b3e4ded1d55bd1f294a501fec923f645e0e8963885183300783531365569753248416d47506e654639643736675178566e63474e6f66693135365162796d73455135645667774b416a596577356e65582019e1b0a4608fc7ad484685f5be71e9eb582dc29ebe206d6c7060c3700393401d5820840932c4f0b77d402a619ae0f6edbbcf689d4feab957332832d041d70fdc269280 commitment=f8b4c880c4e423f698e30b2b4258dd951708fd04cc9e7ed43bf4f4f54289f87d go_id=434
time=2026-09-23T19:40:33.3767+0300 level=INFO source=/Users/risto/uni/agre/bft-core-d2h/shardnode/round.go:894 msg="submitting block certification request" round=51 quiet=false leader=true go_id=434
time=2026-09-23T19:40:35.3699+0300 level=INFO source=/Users/risto/uni/agre/bft-core-d2h/shardnode/bftclient.go:750 msg="accepted certificate" class=valid retryOfFailedApply=false partitionRound=51 rootRound=265 blockHash=0b5a54669e3a91ed838e41c8b86325e5ba65b1e59b4cb24721151ee92dcce293 nextRound=52 nextLeader=16Uiu2HAmTtoDswe3yo6YqSEX5QETdW56hw3BHCs8c3a1np7hFVtR go_id=434
time=2026-09-23T19:40:35.5055+0300 level=INFO source=/Users/risto/uni/agre/bft-core-d2h/engineapi/adapter.go:349 msg="acquired certified parent registry witness" round=52 parentNumber=44 parentHash=0b5a54669e3a91ed838e41c8b86325e5ba65b1e59b4cb24721151ee92dcce293 go_id=434
time=2026-09-23T19:40:35.6559+0300 level=INFO source=/Users/risto/uni/agre/bft-core-d2h/engineapi/adapter.go:601 msg="verified execution payload" round=52 blockHash=80c38eb75a52e11b6360ad9ff1d05faa2f7c37523c387b2401e5d592a7430a57 status=VALID rootInput=8b02030841801834000058200b5a54669e3a91ed838e41c8b86325e5ba65b1e59b4cb24721151ee92dcce2938803190109011a6ab401015820160ad092041426bd29ac034ee7910d6ec01be34f021dc5e3e204238a99b46cb8861833005820c30da53dcbaabacc8a3194d0b2c1286a2998f796e923a9ffdd38573b6c9215895820f3b6b5cf038b570878ed785691069d5ed40c25ae1e93389071174671000b78681a6ab400ff58200b5a54669e3a91ed838e41c8b86325e5ba65b1e59b4cb24721151ee92dcce2935820483939479c59a25991b2bdf8fcf2ffd2aad40caf6e8938ac0f2f41d76416c3e158208d32e8b5dcaecf36b2077d10b3e4ded1d55bd1f294a501fec923f645e0e8963885183400783531365569753248416d54746f4473776533796f36597153455835514554645735366877334248437338633361316e70376846567452582056889f95694bb322b9e3c4cd57f84373610932e53f960fda2ab39e0e3108ab985820840932c4f0b77d402a619ae0f6edbbcf689d4feab957332832d041d70fdc269280 commitment=44685bcb8fde9e81d7086ac7978dfdcd4842142d028fb76fdc4983a4ec0051d9 go_id=434
time=2026-09-23T19:40:35.6776+0300 level=INFO source=/Users/risto/uni/agre/bft-core-d2h/shardnode/round.go:894 msg="submitting block certification request" round=52 quiet=false leader=false go_id=434
time=2026-09-23T19:40:37.5404+0300 level=INFO source=/Users/risto/uni/agre/bft-core-d2h/shardnode/bftclient.go:750 msg="accepted certificate" class=valid retryOfFailedApply=false partitionRound=52 rootRound=268 blockHash=80c38eb75a52e11b6360ad9ff1d05faa2f7c37523c387b2401e5d592a7430a57 nextRound=53 nextLeader=16Uiu2HAm9f2efvTXLTiZfEKJ3rkg15HYYKZJhm9QZScNSgGhtf1s go_id=434
time=2026-09-23T19:40:37.7174+0300 level=INFO source=/Users/risto/uni/agre/bft-core-d2h/engineapi/adapter.go:349 msg="acquired certified parent registry witness" round=53 parentNumber=45 parentHash=80c38eb75a52e11b6360ad9ff1d05faa2f7c37523c387b2401e5d592a7430a57 go_id=434
time=2026-09-23T19:40:37.8845+0300 level=INFO source=/Users/risto/uni/agre/bft-core-d2h/engineapi/adapter.go:601 msg="verified execution payload" round=53 blockHash=ccc9608f72b1ec4fb6e54003f6b53de8d0e341f5a9a9a4928fd4f13e534ca475 status=VALID rootInput=8b020308418018350000582080c38eb75a52e11b6360ad9ff1d05faa2f7c37523c387b2401e5d592a7430a57880319010c011a6ab4010458202d7268f9c1d33f4d8ca15b4f1be2a91e0e4b55d42452691dd6896a154e879ee0861834005820f3b6b5cf038b570878ed785691069d5ed40c25ae1e93389071174671000b78685820a0d24938861e76c8b4b69d229d6321c07d861068eda4eca38d953e5433cac2c11a6ab40101582080c38eb75a52e11b6360ad9ff1d05faa2f7c37523c387b2401e5d592a7430a5758209b3c8ac9ec4564c4bfd29c63b8c776519378a307e0558a893bce5b9a58afa13a58208d32e8b5dcaecf36b2077d10b3e4ded1d55bd1f294a501fec923f645e0e8963885183500783531365569753248416d39663265667654584c54695a66454b4a33726b6731354859594b5a4a686d39515a53634e53674768746631735820dd7cfc3efb61430f471826796762501b5b6746a8349e0dc1908ce850ccee7f4c5820840932c4f0b77d402a619ae0f6edbbcf689d4feab957332832d041d70fdc269280 commitment=a701c4252d2f61e311c57a10c6921544ae32dfb24563e38929b8d71fb7ff590b go_id=434
time=2026-09-23T19:40:37.9070+0300 level=INFO source=/Users/risto/uni/agre/bft-core-d2h/shardnode/round.go:894 msg="submitting block certification request" round=53 quiet=false leader=false go_id=434
time=2026-09-23T19:40:39.7253+0300 level=INFO source=/Users/risto/uni/agre/bft-core-d2h/shardnode/bftclient.go:750 msg="accepted certificate" class=valid retryOfFailedApply=false partitionRound=53 rootRound=271 blockHash=ccc9608f72b1ec4fb6e54003f6b53de8d0e341f5a9a9a4928fd4f13e534ca475 nextRound=54 nextLeader=16Uiu2HAm9f2efvTXLTiZfEKJ3rkg15HYYKZJhm9QZScNSgGhtf1s go_id=434
time=2026-09-23T19:40:39.8809+0300 level=INFO source=/Users/risto/uni/agre/bft-core-d2h/engineapi/adapter.go:349 msg="acquired certified parent registry witness" round=54 parentNumber=46 parentHash=ccc9608f72b1ec4fb6e54003f6b53de8d0e341f5a9a9a4928fd4f13e534ca475 go_id=434
time=2026-09-23T19:40:40.0478+0300 level=INFO source=/Users/risto/uni/agre/bft-core-d2h/engineapi/adapter.go:601 msg="verified execution payload" round=54 blockHash=937805f1d014b5b93c783fe6f14d2a28e1a937ca77ac8a297c3f455ea404f134 status=VALID rootInput=8b0203084180183600005820ccc9608f72b1ec4fb6e54003f6b53de8d0e341f5a9a9a4928fd4f13e534ca475880319010f011a6ab40106582072c2e154f95d489a5b259dd0b1c1cd59d6626b4068ab835c418e2a3396f2a610861835005820a0d24938861e76c8b4b69d229d6321c07d861068eda4eca38d953e5433cac2c1582057b28934fad1e672e0b1dc5c3bee89e8248e98298807b4df480aef2cdeee0ec51a6ab401045820ccc9608f72b1ec4fb6e54003f6b53de8d0e341f5a9a9a4928fd4f13e534ca4755820bae0e801b4925f224ecfdca2fc8cc9c2c93abce4f25c066fd18819ff16525d3858208d32e8b5dcaecf36b2077d10b3e4ded1d55bd1f294a501fec923f645e0e8963885183600783531365569753248416d39663265667654584c54695a66454b4a33726b6731354859594b5a4a686d39515a53634e53674768746631735820cf6ab86ff92ddcdd0bc2d09853f01ee013e7cd0832dc6fe7ef63e1e764f7fbb35820840932c4f0b77d402a619ae0f6edbbcf689d4feab957332832d041d70fdc269280 commitment=048cc833e518457604e0921ef0911d1f4f5095d6199984038708b13de030bcb5 go_id=434
time=2026-09-23T19:40:40.0903+0300 level=INFO source=/Users/risto/uni/agre/bft-core-d2h/shardnode/round.go:894 msg="submitting block certification request" round=54 quiet=false leader=false go_id=434
time=2026-09-23T19:40:42.3809+0300 level=INFO source=/Users/risto/uni/agre/bft-core-d2h/shardnode/bftclient.go:750 msg="accepted certificate" class=valid retryOfFailedApply=false partitionRound=54 rootRound=274 blockHash=937805f1d014b5b93c783fe6f14d2a28e1a937ca77ac8a297c3f455ea404f134 nextRound=55 nextLeader=16Uiu2HAm9f2efvTXLTiZfEKJ3rkg15HYYKZJhm9QZScNSgGhtf1s go_id=434
time=2026-09-23T19:40:42.5974+0300 level=INFO source=/Users/risto/uni/agre/bft-core-d2h/engineapi/adapter.go:349 msg="acquired certified parent registry witness" round=55 parentNumber=47 parentHash=937805f1d014b5b93c783fe6f14d2a28e1a937ca77ac8a297c3f455ea404f134 go_id=434
time=2026-09-23T19:40:42.7093+0300 level=INFO source=/Users/risto/uni/agre/bft-core-d2h/engineapi/adapter.go:601 msg="verified execution payload" round=55 blockHash=8beff2f30a3cbf0d56e38a9e465249f41ac60949db40a679581670cb3c3d5648 status=VALID rootInput=8b0203084180183700005820937805f1d014b5b93c783fe6f14d2a28e1a937ca77ac8a297c3f455ea404f1348803190112011a6ab4010858208052efda04a769a0354c6b45a357733b21879325706d4a0c1803da9ffdfb99f986183600582057b28934fad1e672e0b1dc5c3bee89e8248e98298807b4df480aef2cdeee0ec55820baff5686475399edfe181a0c22b8e643243a56b13833d4abaa85cb0f116cde481a6ab401065820937805f1d014b5b93c783fe6f14d2a28e1a937ca77ac8a297c3f455ea404f134582001b532b7471235e5409af8e233f081a62fc9ce874d1999dee66634cdcc22d1aa58208d32e8b5dcaecf36b2077d10b3e4ded1d55bd1f294a501fec923f645e0e8963885183700783531365569753248416d39663265667654584c54695a66454b4a33726b6731354859594b5a4a686d39515a53634e5367476874663173582050360018242779efe5a753f46e0942b1b40b75ff52431bd4fff8e8fca36432f65820840932c4f0b77d402a619ae0f6edbbcf689d4feab957332832d041d70fdc269280 commitment=581008787c060b98e0f48f01f0759ffcb2509b6606e5d203ae98e8bf77c03c3b go_id=434
time=2026-09-23T19:40:42.7309+0300 level=INFO source=/Users/risto/uni/agre/bft-core-d2h/shardnode/round.go:894 msg="submitting block certification request" round=55 quiet=false leader=false go_id=434
time=2026-09-23T19:40:44.4749+0300 level=INFO source=/Users/risto/uni/agre/bft-core-d2h/shardnode/bftclient.go:750 msg="accepted certificate" class=valid retryOfFailedApply=false partitionRound=55 rootRound=277 blockHash=8beff2f30a3cbf0d56e38a9e465249f41ac60949db40a679581670cb3c3d5648 nextRound=56 nextLeader=16Uiu2HAm3wGgeazNWFfLVUuuGdgZM2yEohbi2B78mk18i7nY5sRP go_id=434
time=2026-09-23T19:40:47.0264+0300 level=ERROR source=/Users/risto/uni/agre/bft-core-d2h/shardnode/bftclient.go:496 msg="processing certification response" err="producing round 56 block: awaiting round 56 block from leader 16Uiu2HAm3wGgeazNWFfLVUuuGdgZM2yEohbi2B78mk18i7nY5sRP: shardnode: awaiting round 56: context deadline exceeded (this validator abstains from the round; the next certificate — likely a repeat UC — will start a fresh attempt)" go_id=434
time=2026-09-23T19:40:47.0466+0300 level=INFO source=/Users/risto/uni/agre/bft-core-d2h/shardnode/bftclient.go:750 msg="accepted certificate" class=duplicate retryOfFailedApply=true partitionRound=55 rootRound=277 blockHash=8beff2f30a3cbf0d56e38a9e465249f41ac60949db40a679581670cb3c3d5648 nextRound=56 nextLeader=16Uiu2HAm3wGgeazNWFfLVUuuGdgZM2yEohbi2B78mk18i7nY5sRP go_id=434
time=2026-09-23T19:40:49.5693+0300 level=ERROR source=/Users/risto/uni/agre/bft-core-d2h/shardnode/bftclient.go:496 msg="processing certification response" err="producing round 56 block: awaiting round 56 block from leader 16Uiu2HAm3wGgeazNWFfLVUuuGdgZM2yEohbi2B78mk18i7nY5sRP: shardnode: awaiting round 56: context deadline exceeded (this validator abstains from the round; the next certificate — likely a repeat UC — will start a fresh attempt)" go_id=434
time=2026-09-23T19:40:49.5716+0300 level=INFO source=/Users/risto/uni/agre/bft-core-d2h/shardnode/bftclient.go:750 msg="accepted certificate" class=duplicate retryOfFailedApply=true partitionRound=55 rootRound=277 blockHash=8beff2f30a3cbf0d56e38a9e465249f41ac60949db40a679581670cb3c3d5648 nextRound=56 nextLeader=16Uiu2HAm3wGgeazNWFfLVUuuGdgZM2yEohbi2B78mk18i7nY5sRP go_id=434
--- reth2 at stall ---
[2m2026-09-23T16:40:28.448745Z[0m [32m INFO[0m [2mreth_node_events::node[0m[2m:[0m Canonical chain committed [3mnumber[0m[2m=[0m41 [3mhash[0m[2m=[0m0x705134efc97815f7577baaf35f255c4edeafa98210ea0e4c6369e3d12d5c81c9 [3melapsed[0m[2m=[0m17.124µs
[2m2026-09-23T16:40:28.485270Z[0m [32m INFO[0m [2mreth_node_events::node[0m[2m:[0m Forkchoice updated [3mhead_block_hash[0m[2m=[0m0x705134efc97815f7577baaf35f255c4edeafa98210ea0e4c6369e3d12d5c81c9 [3msafe_block_hash[0m[2m=[0m0x705134efc97815f7577baaf35f255c4edeafa98210ea0e4c6369e3d12d5c81c9 [3mfinalized_block_hash[0m[2m=[0m0x705134efc97815f7577baaf35f255c4edeafa98210ea0e4c6369e3d12d5c81c9
[2m2026-09-23T16:40:28.486371Z[0m [32m INFO[0m [2mpayload_builder[0m[2m:[0m New payload job created [3mid[0m[2m=[0m0xddd90cf09c00740a [3mparent[0m[2m=[0m0x705134efc97815f7577baaf35f255c4edeafa98210ea0e4c6369e3d12d5c81c9
[2m2026-09-23T16:40:28.623639Z[0m [32m INFO[0m [2mreth_node_events::node[0m[2m:[0m Received new payload from consensus engine [3mnumber[0m[2m=[0m42 [3mhash[0m[2m=[0m0xff4afc418e965b994e8f9d0eca0784fd1363bfb0b2e55acdc3f072e16ebd192e
[2m2026-09-23T16:40:28.624107Z[0m [32m INFO[0m [2mengine::tree::payload_validator[0m[2m:[0m State root job finished [3mstrategy[0m[2m=[0m"sparse-trie" [3mstate_root[0m[2m=[0m0x3f5d791391e97a2060bfe6ca2d76959b4191e32a6afa4730bef46bdbdd7d849a [3melapsed[0m[2m=[0m73.926µs
[2m2026-09-23T16:40:28.680202Z[0m [32m INFO[0m [2mreth_node_events::node[0m[2m:[0m Block added to canonical chain [3mnumber[0m[2m=[0m42 [3mhash[0m[2m=[0m0xff4afc418e965b994e8f9d0eca0784fd1363bfb0b2e55acdc3f072e16ebd192e [3mpeers[0m[2m=[0m0 [3mtxs[0m[2m=[0m0 [3mgas_used[0m[2m=[0m110.48Kgas [3mgas_throughput[0m[2m=[0m1.95Mgas/second [3mgas_limit[0m[2m=[0m30.00Mgas [3mfull[0m[2m=[0m0.4% [3mbase_fee[0m[2m=[0m0.00Gwei [3mblobs[0m[2m=[0m0 [3mexcess_blobs[0m[2m=[0m0 [3melapsed[0m[2m=[0m56.553574ms
[2m2026-09-23T16:40:30.870251Z[0m [32m INFO[0m [2mreth_node_events::node[0m[2m:[0m Canonical chain committed [3mnumber[0m[2m=[0m42 [3mhash[0m[2m=[0m0xff4afc418e965b994e8f9d0eca0784fd1363bfb0b2e55acdc3f072e16ebd192e [3melapsed[0m[2m=[0m18.206µs
[2m2026-09-23T16:40:30.906856Z[0m [32m INFO[0m [2mreth_node_events::node[0m[2m:[0m Forkchoice updated [3mhead_block_hash[0m[2m=[0m0xff4afc418e965b994e8f9d0eca0784fd1363bfb0b2e55acdc3f072e16ebd192e [3msafe_block_hash[0m[2m=[0m0xff4afc418e965b994e8f9d0eca0784fd1363bfb0b2e55acdc3f072e16ebd192e [3mfinalized_block_hash[0m[2m=[0m0xff4afc418e965b994e8f9d0eca0784fd1363bfb0b2e55acdc3f072e16ebd192e
[2m2026-09-23T16:40:31.045411Z[0m [32m INFO[0m [2mreth_node_events::node[0m[2m:[0m Received new payload from consensus engine [3mnumber[0m[2m=[0m43 [3mhash[0m[2m=[0m0x9695fcb150da367fbb2a9962f4b49037059d36d106f36cddbed99572cd4fb84d
[2m2026-09-23T16:40:31.046367Z[0m [32m INFO[0m [2mengine::tree::payload_validator[0m[2m:[0m State root job finished [3mstrategy[0m[2m=[0m"sparse-trie" [3mstate_root[0m[2m=[0m0xc30da53dcbaabacc8a3194d0b2c1286a2998f796e923a9ffdd38573b6c921589 [3melapsed[0m[2m=[0m462.501µs
[2m2026-09-23T16:40:31.082480Z[0m [32m INFO[0m [2mreth_node_events::node[0m[2m:[0m Block added to canonical chain [3mnumber[0m[2m=[0m43 [3mhash[0m[2m=[0m0x9695fcb150da367fbb2a9962f4b49037059d36d106f36cddbed99572cd4fb84d [3mpeers[0m[2m=[0m0 [3mtxs[0m[2m=[0m0 [3mgas_used[0m[2m=[0m110.48Kgas [3mgas_throughput[0m[2m=[0m2.98Mgas/second [3mgas_limit[0m[2m=[0m30.00Mgas [3mfull[0m[2m=[0m0.4% [3mbase_fee[0m[2m=[0m0.00Gwei [3mblobs[0m[2m=[0m0 [3mexcess_blobs[0m[2m=[0m0 [3melapsed[0m[2m=[0m37.059211ms
[2m2026-09-23T16:40:31.760104Z[0m [32m INFO[0m [2mreth::cli[0m[2m:[0m Status [3mconnected_peers[0m[2m=[0m0 [3mlatest_block[0m[2m=[0m42
[2m2026-09-23T16:40:33.069165Z[0m [32m INFO[0m [2mreth_node_events::node[0m[2m:[0m Canonical chain committed [3mnumber[0m[2m=[0m43 [3mhash[0m[2m=[0m0x9695fcb150da367fbb2a9962f4b49037059d36d106f36cddbed99572cd4fb84d [3melapsed[0m[2m=[0m24.502µs
[2m2026-09-23T16:40:33.126800Z[0m [32m INFO[0m [2mreth_node_events::node[0m[2m:[0m Forkchoice updated [3mhead_block_hash[0m[2m=[0m0x9695fcb150da367fbb2a9962f4b49037059d36d106f36cddbed99572cd4fb84d [3msafe_block_hash[0m[2m=[0m0x9695fcb150da367fbb2a9962f4b49037059d36d106f36cddbed99572cd4fb84d [3mfinalized_block_hash[0m[2m=[0m0x9695fcb150da367fbb2a9962f4b49037059d36d106f36cddbed99572cd4fb84d
[2m2026-09-23T16:40:33.127750Z[0m [32m INFO[0m [2mpayload_builder[0m[2m:[0m New payload job created [3mid[0m[2m=[0m0xa3ec074fe6ee33e1 [3mparent[0m[2m=[0m0x9695fcb150da367fbb2a9962f4b49037059d36d106f36cddbed99572cd4fb84d
[2m2026-09-23T16:40:33.281053Z[0m [32m INFO[0m [2mreth_node_events::node[0m[2m:[0m Received new payload from consensus engine [3mnumber[0m[2m=[0m44 [3mhash[0m[2m=[0m0x0b5a54669e3a91ed838e41c8b86325e5ba65b1e59b4cb24721151ee92dcce293
[2m2026-09-23T16:40:33.281464Z[0m [32m INFO[0m [2mengine::tree::payload_validator[0m[2m:[0m State root job finished [3mstrategy[0m[2m=[0m"sparse-trie" [3mstate_root[0m[2m=[0m0xf3b6b5cf038b570878ed785691069d5ed40c25ae1e93389071174671000b7868 [3melapsed[0m[2m=[0m64.224µs
[2m2026-09-23T16:40:33.315988Z[0m [32m INFO[0m [2mreth_node_events::node[0m[2m:[0m Block added to canonical chain [3mnumber[0m[2m=[0m44 [3mhash[0m[2m=[0m0x0b5a54669e3a91ed838e41c8b86325e5ba65b1e59b4cb24721151ee92dcce293 [3mpeers[0m[2m=[0m0 [3mtxs[0m[2m=[0m0 [3mgas_used[0m[2m=[0m110.48Kgas [3mgas_throughput[0m[2m=[0m3.17Mgas/second [3mgas_limit[0m[2m=[0m30.00Mgas [3mfull[0m[2m=[0m0.4% [3mbase_fee[0m[2m=[0m0.00Gwei [3mblobs[0m[2m=[0m0 [3mexcess_blobs[0m[2m=[0m0 [3melapsed[0m[2m=[0m34.854402ms
[2m2026-09-23T16:40:35.370639Z[0m [32m INFO[0m [2mreth_node_events::node[0m[2m:[0m Canonical chain committed [3mnumber[0m[2m=[0m44 [3mhash[0m[2m=[0m0x0b5a54669e3a91ed838e41c8b86325e5ba65b1e59b4cb24721151ee92dcce293 [3melapsed[0m[2m=[0m21.461µs
[2m2026-09-23T16:40:35.407119Z[0m [32m INFO[0m [2mreth_node_events::node[0m[2m:[0m Forkchoice updated [3mhead_block_hash[0m[2m=[0m0x0b5a54669e3a91ed838e41c8b86325e5ba65b1e59b4cb24721151ee92dcce293 [3msafe_block_hash[0m[2m=[0m0x0b5a54669e3a91ed838e41c8b86325e5ba65b1e59b4cb24721151ee92dcce293 [3mfinalized_block_hash[0m[2m=[0m0x0b5a54669e3a91ed838e41c8b86325e5ba65b1e59b4cb24721151ee92dcce293
[2m2026-09-23T16:40:35.560677Z[0m [32m INFO[0m [2mreth_node_events::node[0m[2m:[0m Received new payload from consensus engine [3mnumber[0m[2m=[0m45 [3mhash[0m[2m=[0m0x80c38eb75a52e11b6360ad9ff1d05faa2f7c37523c387b2401e5d592a7430a57
[2m2026-09-23T16:40:35.561301Z[0m [32m INFO[0m [2mengine::tree::payload_validator[0m[2m:[0m State root job finished [3mstrategy[0m[2m=[0m"sparse-trie" [3mstate_root[0m[2m=[0m0xa0d24938861e76c8b4b69d229d6321c07d861068eda4eca38d953e5433cac2c1 [3melapsed[0m[2m=[0m193.564µs
[2m2026-09-23T16:40:35.618322Z[0m [32m INFO[0m [2mreth_node_events::node[0m[2m:[0m Block added to canonical chain [3mnumber[0m[2m=[0m45 [3mhash[0m[2m=[0m0x80c38eb75a52e11b6360ad9ff1d05faa2f7c37523c387b2401e5d592a7430a57 [3mpeers[0m[2m=[0m0 [3mtxs[0m[2m=[0m0 [3mgas_used[0m[2m=[0m110.48Kgas [3mgas_throughput[0m[2m=[0m1.92Mgas/second [3mgas_limit[0m[2m=[0m30.00Mgas [3mfull[0m[2m=[0m0.4% [3mbase_fee[0m[2m=[0m0.00Gwei [3mblobs[0m[2m=[0m0 [3mexcess_blobs[0m[2m=[0m0 [3melapsed[0m[2m=[0m57.543098ms
[2m2026-09-23T16:40:37.541036Z[0m [32m INFO[0m [2mreth_node_events::node[0m[2m:[0m Canonical chain committed [3mnumber[0m[2m=[0m45 [3mhash[0m[2m=[0m0x80c38eb75a52e11b6360ad9ff1d05faa2f7c37523c387b2401e5d592a7430a57 [3melapsed[0m[2m=[0m21.624µs
[2m2026-09-23T16:40:37.598813Z[0m [32m INFO[0m [2mreth_node_events::node[0m[2m:[0m Forkchoice updated [3mhead_block_hash[0m[2m=[0m0x80c38eb75a52e11b6360ad9ff1d05faa2f7c37523c387b2401e5d592a7430a57 [3msafe_block_hash[0m[2m=[0m0x80c38eb75a52e11b6360ad9ff1d05faa2f7c37523c387b2401e5d592a7430a57 [3mfinalized_block_hash[0m[2m=[0m0x80c38eb75a52e11b6360ad9ff1d05faa2f7c37523c387b2401e5d592a7430a57
[2m2026-09-23T16:40:37.789256Z[0m [32m INFO[0m [2mreth_node_events::node[0m[2m:[0m Received new payload from consensus engine [3mnumber[0m[2m=[0m46 [3mhash[0m[2m=[0m0xccc9608f72b1ec4fb6e54003f6b53de8d0e341f5a9a9a4928fd4f13e534ca475
[2m2026-09-23T16:40:37.789776Z[0m [32m INFO[0m [2mengine::tree::payload_validator[0m[2m:[0m State root job finished [3mstrategy[0m[2m=[0m"sparse-trie" [3mstate_root[0m[2m=[0m0x57b28934fad1e672e0b1dc5c3bee89e8248e98298807b4df480aef2cdeee0ec5 [3melapsed[0m[2m=[0m55.295µs
[2m2026-09-23T16:40:37.847228Z[0m [32m INFO[0m [2mreth_node_events::node[0m[2m:[0m Block added to canonical chain [3mnumber[0m[2m=[0m46 [3mhash[0m[2m=[0m0xccc9608f72b1ec4fb6e54003f6b53de8d0e341f5a9a9a4928fd4f13e534ca475 [3mpeers[0m[2m=[0m0 [3mtxs[0m[2m=[0m0 [3mgas_used[0m[2m=[0m110.48Kgas [3mgas_throughput[0m[2m=[0m1.91Mgas/second [3mgas_limit[0m[2m=[0m30.00Mgas [3mfull[0m[2m=[0m0.4% [3mbase_fee[0m[2m=[0m0.00Gwei [3mblobs[0m[2m=[0m0 [3mexcess_blobs[0m[2m=[0m0 [3melapsed[0m[2m=[0m57.880179ms
[2m2026-09-23T16:40:39.725884Z[0m [32m INFO[0m [2mreth_node_events::node[0m[2m:[0m Canonical chain committed [3mnumber[0m[2m=[0m46 [3mhash[0m[2m=[0m0xccc9608f72b1ec4fb6e54003f6b53de8d0e341f5a9a9a4928fd4f13e534ca475 [3melapsed[0m[2m=[0m19.131µs
[2m2026-09-23T16:40:39.762402Z[0m [32m INFO[0m [2mreth_node_events::node[0m[2m:[0m Forkchoice updated [3mhead_block_hash[0m[2m=[0m0xccc9608f72b1ec4fb6e54003f6b53de8d0e341f5a9a9a4928fd4f13e534ca475 [3msafe_block_hash[0m[2m=[0m0xccc9608f72b1ec4fb6e54003f6b53de8d0e341f5a9a9a4928fd4f13e534ca475 [3mfinalized_block_hash[0m[2m=[0m0xccc9608f72b1ec4fb6e54003f6b53de8d0e341f5a9a9a4928fd4f13e534ca475
[2m2026-09-23T16:40:39.952859Z[0m [32m INFO[0m [2mreth_node_events::node[0m[2m:[0m Received new payload from consensus engine [3mnumber[0m[2m=[0m47 [3mhash[0m[2m=[0m0x937805f1d014b5b93c783fe6f14d2a28e1a937ca77ac8a297c3f455ea404f134
[2m2026-09-23T16:40:39.953462Z[0m [32m INFO[0m [2mengine::tree::payload_validator[0m[2m:[0m State root job finished [3mstrategy[0m[2m=[0m"sparse-trie" [3mstate_root[0m[2m=[0m0xbaff5686475399edfe181a0c22b8e643243a56b13833d4abaa85cb0f116cde48 [3melapsed[0m[2m=[0m136.879µs
[2m2026-09-23T16:40:40.010615Z[0m [32m INFO[0m [2mreth_node_events::node[0m[2m:[0m Block added to canonical chain [3mnumber[0m[2m=[0m47 [3mhash[0m[2m=[0m0x937805f1d014b5b93c783fe6f14d2a28e1a937ca77ac8a297c3f455ea404f134 [3mpeers[0m[2m=[0m0 [3mtxs[0m[2m=[0m0 [3mgas_used[0m[2m=[0m110.48Kgas [3mgas_throughput[0m[2m=[0m1.92Mgas/second [3mgas_limit[0m[2m=[0m30.00Mgas [3mfull[0m[2m=[0m0.4% [3mbase_fee[0m[2m=[0m0.00Gwei [3mblobs[0m[2m=[0m0 [3mexcess_blobs[0m[2m=[0m0 [3melapsed[0m[2m=[0m57.621802ms
[2m2026-09-23T16:40:42.401857Z[0m [32m INFO[0m [2mreth_node_events::node[0m[2m:[0m Canonical chain committed [3mnumber[0m[2m=[0m47 [3mhash[0m[2m=[0m0x937805f1d014b5b93c783fe6f14d2a28e1a937ca77ac8a297c3f455ea404f134 [3melapsed[0m[2m=[0m24.651µs
[2m2026-09-23T16:40:42.437913Z[0m [32m INFO[0m [2mreth_node_events::node[0m[2m:[0m Forkchoice updated [3mhead_block_hash[0m[2m=[0m0x937805f1d014b5b93c783fe6f14d2a28e1a937ca77ac8a297c3f455ea404f134 [3msafe_block_hash[0m[2m=[0m0x937805f1d014b5b93c783fe6f14d2a28e1a937ca77ac8a297c3f455ea404f134 [3mfinalized_block_hash[0m[2m=[0m0x937805f1d014b5b93c783fe6f14d2a28e1a937ca77ac8a297c3f455ea404f134
[2m2026-09-23T16:40:42.650126Z[0m [32m INFO[0m [2mreth_node_events::node[0m[2m:[0m Received new payload from consensus engine [3mnumber[0m[2m=[0m48 [3mhash[0m[2m=[0m0x8beff2f30a3cbf0d56e38a9e465249f41ac60949db40a679581670cb3c3d5648
[2m2026-09-23T16:40:42.650681Z[0m [32m INFO[0m [2mengine::tree::payload_validator[0m[2m:[0m State root job finished [3mstrategy[0m[2m=[0m"sparse-trie" [3mstate_root[0m[2m=[0m0x18d4591a6853cd857e1d4d5aca2f82c2dbe4e0b17f828ca01eb0b43ddd6d4980 [3melapsed[0m[2m=[0m48.568µs
[2m2026-09-23T16:40:42.671802Z[0m [32m INFO[0m [2mreth_node_events::node[0m[2m:[0m Block added to canonical chain [3mnumber[0m[2m=[0m48 [3mhash[0m[2m=[0m0x8beff2f30a3cbf0d56e38a9e465249f41ac60949db40a679581670cb3c3d5648 [3mpeers[0m[2m=[0m0 [3mtxs[0m[2m=[0m0 [3mgas_used[0m[2m=[0m110.48Kgas [3mgas_throughput[0m[2m=[0m5.11Mgas/second [3mgas_limit[0m[2m=[0m30.00Mgas [3mfull[0m[2m=[0m0.4% [3mbase_fee[0m[2m=[0m0.00Gwei [3mblobs[0m[2m=[0m0 [3mexcess_blobs[0m[2m=[0m0 [3melapsed[0m[2m=[0m21.619553ms
[2m2026-09-23T16:40:44.522190Z[0m [32m INFO[0m [2mreth_node_events::node[0m[2m:[0m Canonical chain committed [3mnumber[0m[2m=[0m48 [3mhash[0m[2m=[0m0x8beff2f30a3cbf0d56e38a9e465249f41ac60949db40a679581670cb3c3d5648 [3melapsed[0m[2m=[0m27.624µs
[2m2026-09-23T16:40:44.548458Z[0m [32m INFO[0m [2mreth_node_events::node[0m[2m:[0m Forkchoice updated [3mhead_block_hash[0m[2m=[0m0x8beff2f30a3cbf0d56e38a9e465249f41ac60949db40a679581670cb3c3d5648 [3msafe_block_hash[0m[2m=[0m0x8beff2f30a3cbf0d56e38a9e465249f41ac60949db40a679581670cb3c3d5648 [3mfinalized_block_hash[0m[2m=[0m0x8beff2f30a3cbf0d56e38a9e465249f41ac60949db40a679581670cb3c3d5648
--- evm3 at stall ---
time=2026-09-23T19:40:24.2440+0300 level=INFO source=/Users/risto/uni/agre/bft-core-d2h/shardnode/round.go:894 msg="submitting block certification request" round=47 quiet=false leader=false go_id=374
time=2026-09-23T19:40:26.0105+0300 level=INFO source=/Users/risto/uni/agre/bft-core-d2h/shardnode/bftclient.go:750 msg="accepted certificate" class=valid retryOfFailedApply=false partitionRound=47 rootRound=253 blockHash=63c239b2d5c087615b3474445a7cd9b20d6ec5e636d64cda64819bf5a677cb44 nextRound=48 nextLeader=16Uiu2HAmGPneF9d76gQxVncGNofi156QbymsEQ5dVgwKAjYew5ne go_id=374
time=2026-09-23T19:40:26.1683+0300 level=INFO source=/Users/risto/uni/agre/bft-core-d2h/engineapi/adapter.go:349 msg="acquired certified parent registry witness" round=48 parentNumber=40 parentHash=63c239b2d5c087615b3474445a7cd9b20d6ec5e636d64cda64819bf5a677cb44 go_id=374
time=2026-09-23T19:40:26.3783+0300 level=INFO source=/Users/risto/uni/agre/bft-core-d2h/engineapi/adapter.go:601 msg="verified execution payload" round=48 blockHash=705134efc97815f7577baaf35f255c4edeafa98210ea0e4c6369e3d12d5c81c9 status=VALID rootInput=8b020308418018300000582063c239b2d5c087615b3474445a7cd9b20d6ec5e636d64cda64819bf5a677cb44880318fd011a6ab400f85820779eef99ecdaf1bf4c1ddd8a3dcc00aa160834524e2a969cbbc7e21e2f8f801c86182f005820b2e2b893130fce85ee462d57f25bfbf0ca61b994ad88194ba3b96c6d514088a55820864e936a5ffb8fa55d879d94bd5d0476b809496075dd8e8e907b8860e16961f51a6ab400f6582063c239b2d5c087615b3474445a7cd9b20d6ec5e636d64cda64819bf5a677cb4458209f984380ea43a8122595e56f84b9e76ffe62d84a55137103bc4781b7cc5f8e5858208d32e8b5dcaecf36b2077d10b3e4ded1d55bd1f294a501fec923f645e0e8963885183000783531365569753248416d47506e654639643736675178566e63474e6f66693135365162796d73455135645667774b416a596577356e65582009683988b6308caee0c82766cba93dc582200996918ab6c6771e4c78b2d4c3f25820840932c4f0b77d402a619ae0f6edbbcf689d4feab957332832d041d70fdc269280 commitment=33950a483ce4e212ab329c192b145a5e1d615c0a9cae0277f75819d84c8f19f8 go_id=374
time=2026-09-23T19:40:26.4001+0300 level=INFO source=/Users/risto/uni/agre/bft-core-d2h/shardnode/round.go:894 msg="submitting block certification request" round=48 quiet=false leader=false go_id=374
time=2026-09-23T19:40:28.4109+0300 level=INFO source=/Users/risto/uni/agre/bft-core-d2h/shardnode/bftclient.go:750 msg="accepted certificate" class=valid retryOfFailedApply=false partitionRound=48 rootRound=256 blockHash=705134efc97815f7577baaf35f255c4edeafa98210ea0e4c6369e3d12d5c81c9 nextRound=49 nextLeader=16Uiu2HAmGPneF9d76gQxVncGNofi156QbymsEQ5dVgwKAjYew5ne go_id=374
time=2026-09-23T19:40:28.6043+0300 level=INFO source=/Users/risto/uni/agre/bft-core-d2h/engineapi/adapter.go:349 msg="acquired certified parent registry witness" round=49 parentNumber=41 parentHash=705134efc97815f7577baaf35f255c4edeafa98210ea0e4c6369e3d12d5c81c9 go_id=374
time=2026-09-23T19:40:28.7603+0300 level=INFO source=/Users/risto/uni/agre/bft-core-d2h/engineapi/adapter.go:601 msg="verified execution payload" round=49 blockHash=ff4afc418e965b994e8f9d0eca0784fd1363bfb0b2e55acdc3f072e16ebd192e status=VALID rootInput=8b0203084180183100005820705134efc97815f7577baaf35f255c4edeafa98210ea0e4c6369e3d12d5c81c98803190100011a6ab400fa5820b2a148add4547616bb624d8eda56ed15dd028c999a77bcefb3720820b919d294861830005820864e936a5ffb8fa55d879d94bd5d0476b809496075dd8e8e907b8860e16961f5582025ee667e895769fed8573d3a5100682fe9e8904db3a3e64efc8995c3ac685d8e1a6ab400f85820705134efc97815f7577baaf35f255c4edeafa98210ea0e4c6369e3d12d5c81c958200b8315beee34792bcf7f83aba65a7c8741952400f37c2b70aae7c5107979b95758208d32e8b5dcaecf36b2077d10b3e4ded1d55bd1f294a501fec923f645e0e8963885183100783531365569753248416d47506e654639643736675178566e63474e6f66693135365162796d73455135645667774b416a596577356e6558209b210edea4d2790600d1ecdce2520cfb87c2b0c9ba7c6d7969b86dacb389ad795820840932c4f0b77d402a619ae0f6edbbcf689d4feab957332832d041d70fdc269280 commitment=925815edb7e01d8d87abe705865bc7e6a05039e87f8022c1cbc5de470dd307de go_id=374
time=2026-09-23T19:40:28.7819+0300 level=INFO source=/Users/risto/uni/agre/bft-core-d2h/shardnode/round.go:894 msg="submitting block certification request" round=49 quiet=false leader=false go_id=374
time=2026-09-23T19:40:30.7896+0300 level=INFO source=/Users/risto/uni/agre/bft-core-d2h/shardnode/bftclient.go:750 msg="accepted certificate" class=valid retryOfFailedApply=false partitionRound=49 rootRound=259 blockHash=ff4afc418e965b994e8f9d0eca0784fd1363bfb0b2e55acdc3f072e16ebd192e nextRound=50 nextLeader=16Uiu2HAm9f2efvTXLTiZfEKJ3rkg15HYYKZJhm9QZScNSgGhtf1s go_id=374
time=2026-09-23T19:40:30.9892+0300 level=INFO source=/Users/risto/uni/agre/bft-core-d2h/engineapi/adapter.go:349 msg="acquired certified parent registry witness" round=50 parentNumber=42 parentHash=ff4afc418e965b994e8f9d0eca0784fd1363bfb0b2e55acdc3f072e16ebd192e go_id=374
time=2026-09-23T19:40:31.1209+0300 level=INFO source=/Users/risto/uni/agre/bft-core-d2h/engineapi/adapter.go:601 msg="verified execution payload" round=50 blockHash=9695fcb150da367fbb2a9962f4b49037059d36d106f36cddbed99572cd4fb84d status=VALID rootInput=8b0203084180183200005820ff4afc418e965b994e8f9d0eca0784fd1363bfb0b2e55acdc3f072e16ebd192e8803190103011a6ab400fd5820e7623f602b4f51cf06371e5e91cf53bbfd4452c38685cf95c8ef1a555707d05c86183100582025ee667e895769fed8573d3a5100682fe9e8904db3a3e64efc8995c3ac685d8e58203f5d791391e97a2060bfe6ca2d76959b4191e32a6afa4730bef46bdbdd7d849a1a6ab400fa5820ff4afc418e965b994e8f9d0eca0784fd1363bfb0b2e55acdc3f072e16ebd192e58201f22377130085e58362af9d4119366b36f9bdd0189d8b14e26ce716d5ec08fe258208d32e8b5dcaecf36b2077d10b3e4ded1d55bd1f294a501fec923f645e0e8963885183200783531365569753248416d39663265667654584c54695a66454b4a33726b6731354859594b5a4a686d39515a53634e53674768746631735820468d8c184709c6c9ee1ee2653da97ed07f14e882908e51f42d50218cffbc62fa5820840932c4f0b77d402a619ae0f6edbbcf689d4feab957332832d041d70fdc269280 commitment=fe585163199b6d4f177a12180f54cd674f4a085d41fa03eb6971633a875ca5e9 go_id=374
time=2026-09-23T19:40:31.1431+0300 level=INFO source=/Users/risto/uni/agre/bft-core-d2h/shardnode/round.go:894 msg="submitting block certification request" round=50 quiet=false leader=false go_id=374
time=2026-09-23T19:40:33.0314+0300 level=INFO source=/Users/risto/uni/agre/bft-core-d2h/shardnode/bftclient.go:750 msg="accepted certificate" class=valid retryOfFailedApply=false partitionRound=50 rootRound=262 blockHash=9695fcb150da367fbb2a9962f4b49037059d36d106f36cddbed99572cd4fb84d nextRound=51 nextLeader=16Uiu2HAmGPneF9d76gQxVncGNofi156QbymsEQ5dVgwKAjYew5ne go_id=374
time=2026-09-23T19:40:33.2614+0300 level=INFO source=/Users/risto/uni/agre/bft-core-d2h/engineapi/adapter.go:349 msg="acquired certified parent registry witness" round=51 parentNumber=43 parentHash=9695fcb150da367fbb2a9962f4b49037059d36d106f36cddbed99572cd4fb84d go_id=374
time=2026-09-23T19:40:33.4120+0300 level=INFO source=/Users/risto/uni/agre/bft-core-d2h/engineapi/adapter.go:601 msg="verified execution payload" round=51 blockHash=0b5a54669e3a91ed838e41c8b86325e5ba65b1e59b4cb24721151ee92dcce293 status=VALID rootInput=8b02030841801833000058209695fcb150da367fbb2a9962f4b49037059d36d106f36cddbed99572cd4fb84d8803190106011a6ab400ff5820037a375e99c8f8eb076d2ecc2a9e012955752c3f623647bed2ee0c5d0401d8528618320058203f5d791391e97a2060bfe6ca2d76959b4191e32a6afa4730bef46bdbdd7d849a5820c30da53dcbaabacc8a3194d0b2c1286a2998f796e923a9ffdd38573b6c9215891a6ab400fd58209695fcb150da367fbb2a9962f4b49037059d36d106f36cddbed99572cd4fb84d5820783396e4f78c7cfb46392c070eb9809875f986797304b5a578717cc41636353758208d32e8b5dcaecf36b2077d10b3e4ded1d55bd1f294a501fec923f645e0e8963885183300783531365569753248416d47506e654639643736675178566e63474e6f66693135365162796d73455135645667774b416a596577356e65582019e1b0a4608fc7ad484685f5be71e9eb582dc29ebe206d6c7060c3700393401d5820840932c4f0b77d402a619ae0f6edbbcf689d4feab957332832d041d70fdc269280 commitment=f8b4c880c4e423f698e30b2b4258dd951708fd04cc9e7ed43bf4f4f54289f87d go_id=374
time=2026-09-23T19:40:33.4339+0300 level=INFO source=/Users/risto/uni/agre/bft-core-d2h/shardnode/round.go:894 msg="submitting block certification request" round=51 quiet=false leader=false go_id=374
time=2026-09-23T19:40:35.3700+0300 level=INFO source=/Users/risto/uni/agre/bft-core-d2h/shardnode/bftclient.go:750 msg="accepted certificate" class=valid retryOfFailedApply=false partitionRound=51 rootRound=265 blockHash=0b5a54669e3a91ed838e41c8b86325e5ba65b1e59b4cb24721151ee92dcce293 nextRound=52 nextLeader=16Uiu2HAmTtoDswe3yo6YqSEX5QETdW56hw3BHCs8c3a1np7hFVtR go_id=374
time=2026-09-23T19:40:35.3734+0300 level=INFO source=/Users/risto/uni/agre/bft-core-d2h/engineapi/adapter.go:349 msg="acquired certified parent registry witness" round=52 parentNumber=44 parentHash=0b5a54669e3a91ed838e41c8b86325e5ba65b1e59b4cb24721151ee92dcce293 go_id=374
time=2026-09-23T19:40:35.4816+0300 level=INFO source=/Users/risto/uni/agre/bft-core-d2h/engineapi/adapter.go:461 msg="sealed execution payload" blockHash=80c38eb75a52e11b6360ad9ff1d05faa2f7c37523c387b2401e5d592a7430a57 parentHash=0b5a54669e3a91ed838e41c8b86325e5ba65b1e59b4cb24721151ee92dcce293 userTransactions=0 rootInput=8b02030841801834000058200b5a54669e3a91ed838e41c8b86325e5ba65b1e59b4cb24721151ee92dcce2938803190109011a6ab401015820160ad092041426bd29ac034ee7910d6ec01be34f021dc5e3e204238a99b46cb8861833005820c30da53dcbaabacc8a3194d0b2c1286a2998f796e923a9ffdd38573b6c9215895820f3b6b5cf038b570878ed785691069d5ed40c25ae1e93389071174671000b78681a6ab400ff58200b5a54669e3a91ed838e41c8b86325e5ba65b1e59b4cb24721151ee92dcce2935820483939479c59a25991b2bdf8fcf2ffd2aad40caf6e8938ac0f2f41d76416c3e158208d32e8b5dcaecf36b2077d10b3e4ded1d55bd1f294a501fec923f645e0e8963885183400783531365569753248416d54746f4473776533796f36597153455835514554645735366877334248437338633361316e70376846567452582056889f95694bb322b9e3c4cd57f84373610932e53f960fda2ab39e0e3108ab985820840932c4f0b77d402a619ae0f6edbbcf689d4feab957332832d041d70fdc269280 commitment=44685bcb8fde9e81d7086ac7978dfdcd4842142d028fb76fdc4983a4ec0051d9 go_id=374
time=2026-09-23T19:40:35.5027+0300 level=INFO source=/Users/risto/uni/agre/bft-core-d2h/engineapi/adapter.go:349 msg="acquired certified parent registry witness" round=52 parentNumber=44 parentHash=0b5a54669e3a91ed838e41c8b86325e5ba65b1e59b4cb24721151ee92dcce293 go_id=374
time=2026-09-23T19:40:35.6185+0300 level=INFO source=/Users/risto/uni/agre/bft-core-d2h/engineapi/adapter.go:601 msg="verified execution payload" round=52 blockHash=80c38eb75a52e11b6360ad9ff1d05faa2f7c37523c387b2401e5d592a7430a57 status=VALID rootInput=8b02030841801834000058200b5a54669e3a91ed838e41c8b86325e5ba65b1e59b4cb24721151ee92dcce2938803190109011a6ab401015820160ad092041426bd29ac034ee7910d6ec01be34f021dc5e3e204238a99b46cb8861833005820c30da53dcbaabacc8a3194d0b2c1286a2998f796e923a9ffdd38573b6c9215895820f3b6b5cf038b570878ed785691069d5ed40c25ae1e93389071174671000b78681a6ab400ff58200b5a54669e3a91ed838e41c8b86325e5ba65b1e59b4cb24721151ee92dcce2935820483939479c59a25991b2bdf8fcf2ffd2aad40caf6e8938ac0f2f41d76416c3e158208d32e8b5dcaecf36b2077d10b3e4ded1d55bd1f294a501fec923f645e0e8963885183400783531365569753248416d54746f4473776533796f36597153455835514554645735366877334248437338633361316e70376846567452582056889f95694bb322b9e3c4cd57f84373610932e53f960fda2ab39e0e3108ab985820840932c4f0b77d402a619ae0f6edbbcf689d4feab957332832d041d70fdc269280 commitment=44685bcb8fde9e81d7086ac7978dfdcd4842142d028fb76fdc4983a4ec0051d9 go_id=374
time=2026-09-23T19:40:35.6566+0300 level=INFO source=/Users/risto/uni/agre/bft-core-d2h/shardnode/round.go:894 msg="submitting block certification request" round=52 quiet=false leader=true go_id=374
time=2026-09-23T19:40:37.5404+0300 level=INFO source=/Users/risto/uni/agre/bft-core-d2h/shardnode/bftclient.go:750 msg="accepted certificate" class=valid retryOfFailedApply=false partitionRound=52 rootRound=268 blockHash=80c38eb75a52e11b6360ad9ff1d05faa2f7c37523c387b2401e5d592a7430a57 nextRound=53 nextLeader=16Uiu2HAm9f2efvTXLTiZfEKJ3rkg15HYYKZJhm9QZScNSgGhtf1s go_id=374
time=2026-09-23T19:40:37.7174+0300 level=INFO source=/Users/risto/uni/agre/bft-core-d2h/engineapi/adapter.go:349 msg="acquired certified parent registry witness" round=53 parentNumber=45 parentHash=80c38eb75a52e11b6360ad9ff1d05faa2f7c37523c387b2401e5d592a7430a57 go_id=374
time=2026-09-23T19:40:37.8846+0300 level=INFO source=/Users/risto/uni/agre/bft-core-d2h/engineapi/adapter.go:601 msg="verified execution payload" round=53 blockHash=ccc9608f72b1ec4fb6e54003f6b53de8d0e341f5a9a9a4928fd4f13e534ca475 status=VALID rootInput=8b020308418018350000582080c38eb75a52e11b6360ad9ff1d05faa2f7c37523c387b2401e5d592a7430a57880319010c011a6ab4010458202d7268f9c1d33f4d8ca15b4f1be2a91e0e4b55d42452691dd6896a154e879ee0861834005820f3b6b5cf038b570878ed785691069d5ed40c25ae1e93389071174671000b78685820a0d24938861e76c8b4b69d229d6321c07d861068eda4eca38d953e5433cac2c11a6ab40101582080c38eb75a52e11b6360ad9ff1d05faa2f7c37523c387b2401e5d592a7430a5758209b3c8ac9ec4564c4bfd29c63b8c776519378a307e0558a893bce5b9a58afa13a58208d32e8b5dcaecf36b2077d10b3e4ded1d55bd1f294a501fec923f645e0e8963885183500783531365569753248416d39663265667654584c54695a66454b4a33726b6731354859594b5a4a686d39515a53634e53674768746631735820dd7cfc3efb61430f471826796762501b5b6746a8349e0dc1908ce850ccee7f4c5820840932c4f0b77d402a619ae0f6edbbcf689d4feab957332832d041d70fdc269280 commitment=a701c4252d2f61e311c57a10c6921544ae32dfb24563e38929b8d71fb7ff590b go_id=374
time=2026-09-23T19:40:37.9070+0300 level=INFO source=/Users/risto/uni/agre/bft-core-d2h/shardnode/round.go:894 msg="submitting block certification request" round=53 quiet=false leader=false go_id=374
time=2026-09-23T19:40:39.7251+0300 level=INFO source=/Users/risto/uni/agre/bft-core-d2h/shardnode/bftclient.go:750 msg="accepted certificate" class=valid retryOfFailedApply=false partitionRound=53 rootRound=271 blockHash=ccc9608f72b1ec4fb6e54003f6b53de8d0e341f5a9a9a4928fd4f13e534ca475 nextRound=54 nextLeader=16Uiu2HAm9f2efvTXLTiZfEKJ3rkg15HYYKZJhm9QZScNSgGhtf1s go_id=374
time=2026-09-23T19:40:39.8809+0300 level=INFO source=/Users/risto/uni/agre/bft-core-d2h/engineapi/adapter.go:349 msg="acquired certified parent registry witness" round=54 parentNumber=46 parentHash=ccc9608f72b1ec4fb6e54003f6b53de8d0e341f5a9a9a4928fd4f13e534ca475 go_id=374
time=2026-09-23T19:40:40.0478+0300 level=INFO source=/Users/risto/uni/agre/bft-core-d2h/engineapi/adapter.go:601 msg="verified execution payload" round=54 blockHash=937805f1d014b5b93c783fe6f14d2a28e1a937ca77ac8a297c3f455ea404f134 status=VALID rootInput=8b0203084180183600005820ccc9608f72b1ec4fb6e54003f6b53de8d0e341f5a9a9a4928fd4f13e534ca475880319010f011a6ab40106582072c2e154f95d489a5b259dd0b1c1cd59d6626b4068ab835c418e2a3396f2a610861835005820a0d24938861e76c8b4b69d229d6321c07d861068eda4eca38d953e5433cac2c1582057b28934fad1e672e0b1dc5c3bee89e8248e98298807b4df480aef2cdeee0ec51a6ab401045820ccc9608f72b1ec4fb6e54003f6b53de8d0e341f5a9a9a4928fd4f13e534ca4755820bae0e801b4925f224ecfdca2fc8cc9c2c93abce4f25c066fd18819ff16525d3858208d32e8b5dcaecf36b2077d10b3e4ded1d55bd1f294a501fec923f645e0e8963885183600783531365569753248416d39663265667654584c54695a66454b4a33726b6731354859594b5a4a686d39515a53634e53674768746631735820cf6ab86ff92ddcdd0bc2d09853f01ee013e7cd0832dc6fe7ef63e1e764f7fbb35820840932c4f0b77d402a619ae0f6edbbcf689d4feab957332832d041d70fdc269280 commitment=048cc833e518457604e0921ef0911d1f4f5095d6199984038708b13de030bcb5 go_id=374
time=2026-09-23T19:40:40.1116+0300 level=INFO source=/Users/risto/uni/agre/bft-core-d2h/shardnode/round.go:894 msg="submitting block certification request" round=54 quiet=false leader=false go_id=374
time=2026-09-23T19:40:42.3808+0300 level=INFO source=/Users/risto/uni/agre/bft-core-d2h/shardnode/bftclient.go:750 msg="accepted certificate" class=valid retryOfFailedApply=false partitionRound=54 rootRound=274 blockHash=937805f1d014b5b93c783fe6f14d2a28e1a937ca77ac8a297c3f455ea404f134 nextRound=55 nextLeader=16Uiu2HAm9f2efvTXLTiZfEKJ3rkg15HYYKZJhm9QZScNSgGhtf1s go_id=374
time=2026-09-23T19:40:42.5975+0300 level=INFO source=/Users/risto/uni/agre/bft-core-d2h/engineapi/adapter.go:349 msg="acquired certified parent registry witness" round=55 parentNumber=47 parentHash=937805f1d014b5b93c783fe6f14d2a28e1a937ca77ac8a297c3f455ea404f134 go_id=374
time=2026-09-23T19:40:42.7093+0300 level=INFO source=/Users/risto/uni/agre/bft-core-d2h/engineapi/adapter.go:601 msg="verified execution payload" round=55 blockHash=8beff2f30a3cbf0d56e38a9e465249f41ac60949db40a679581670cb3c3d5648 status=VALID rootInput=8b0203084180183700005820937805f1d014b5b93c783fe6f14d2a28e1a937ca77ac8a297c3f455ea404f1348803190112011a6ab4010858208052efda04a769a0354c6b45a357733b21879325706d4a0c1803da9ffdfb99f986183600582057b28934fad1e672e0b1dc5c3bee89e8248e98298807b4df480aef2cdeee0ec55820baff5686475399edfe181a0c22b8e643243a56b13833d4abaa85cb0f116cde481a6ab401065820937805f1d014b5b93c783fe6f14d2a28e1a937ca77ac8a297c3f455ea404f134582001b532b7471235e5409af8e233f081a62fc9ce874d1999dee66634cdcc22d1aa58208d32e8b5dcaecf36b2077d10b3e4ded1d55bd1f294a501fec923f645e0e8963885183700783531365569753248416d39663265667654584c54695a66454b4a33726b6731354859594b5a4a686d39515a53634e5367476874663173582050360018242779efe5a753f46e0942b1b40b75ff52431bd4fff8e8fca36432f65820840932c4f0b77d402a619ae0f6edbbcf689d4feab957332832d041d70fdc269280 commitment=581008787c060b98e0f48f01f0759ffcb2509b6606e5d203ae98e8bf77c03c3b go_id=374
time=2026-09-23T19:40:42.7308+0300 level=INFO source=/Users/risto/uni/agre/bft-core-d2h/shardnode/round.go:894 msg="submitting block certification request" round=55 quiet=false leader=false go_id=374
time=2026-09-23T19:40:44.4749+0300 level=INFO source=/Users/risto/uni/agre/bft-core-d2h/shardnode/bftclient.go:750 msg="accepted certificate" class=valid retryOfFailedApply=false partitionRound=55 rootRound=277 blockHash=8beff2f30a3cbf0d56e38a9e465249f41ac60949db40a679581670cb3c3d5648 nextRound=56 nextLeader=16Uiu2HAm3wGgeazNWFfLVUuuGdgZM2yEohbi2B78mk18i7nY5sRP go_id=374
time=2026-09-23T19:40:47.0256+0300 level=ERROR source=/Users/risto/uni/agre/bft-core-d2h/shardnode/bftclient.go:496 msg="processing certification response" err="producing round 56 block: awaiting round 56 block from leader 16Uiu2HAm3wGgeazNWFfLVUuuGdgZM2yEohbi2B78mk18i7nY5sRP: shardnode: awaiting round 56: context deadline exceeded (this validator abstains from the round; the next certificate — likely a repeat UC — will start a fresh attempt)" go_id=374
time=2026-09-23T19:40:47.0467+0300 level=INFO source=/Users/risto/uni/agre/bft-core-d2h/shardnode/bftclient.go:750 msg="accepted certificate" class=duplicate retryOfFailedApply=true partitionRound=55 rootRound=277 blockHash=8beff2f30a3cbf0d56e38a9e465249f41ac60949db40a679581670cb3c3d5648 nextRound=56 nextLeader=16Uiu2HAm3wGgeazNWFfLVUuuGdgZM2yEohbi2B78mk18i7nY5sRP go_id=374
time=2026-09-23T19:40:49.5693+0300 level=ERROR source=/Users/risto/uni/agre/bft-core-d2h/shardnode/bftclient.go:496 msg="processing certification response" err="producing round 56 block: awaiting round 56 block from leader 16Uiu2HAm3wGgeazNWFfLVUuuGdgZM2yEohbi2B78mk18i7nY5sRP: shardnode: awaiting round 56: context deadline exceeded (this validator abstains from the round; the next certificate — likely a repeat UC — will start a fresh attempt)" go_id=374
time=2026-09-23T19:40:49.5717+0300 level=INFO source=/Users/risto/uni/agre/bft-core-d2h/shardnode/bftclient.go:750 msg="accepted certificate" class=duplicate retryOfFailedApply=true partitionRound=55 rootRound=277 blockHash=8beff2f30a3cbf0d56e38a9e465249f41ac60949db40a679581670cb3c3d5648 nextRound=56 nextLeader=16Uiu2HAm3wGgeazNWFfLVUuuGdgZM2yEohbi2B78mk18i7nY5sRP go_id=374
--- reth3 at stall ---
[2m2026-09-23T16:40:26.340361Z[0m [32m INFO[0m [2mreth_node_events::node[0m[2m:[0m Block added to canonical chain [3mnumber[0m[2m=[0m41 [3mhash[0m[2m=[0m0x705134efc97815f7577baaf35f255c4edeafa98210ea0e4c6369e3d12d5c81c9 [3mpeers[0m[2m=[0m0 [3mtxs[0m[2m=[0m0 [3mgas_used[0m[2m=[0m110.48Kgas [3mgas_throughput[0m[2m=[0m1.90Mgas/second [3mgas_limit[0m[2m=[0m30.00Mgas [3mfull[0m[2m=[0m0.4% [3mbase_fee[0m[2m=[0m0.00Gwei [3mblobs[0m[2m=[0m0 [3mexcess_blobs[0m[2m=[0m0 [3melapsed[0m[2m=[0m58.003582ms
[2m2026-09-23T16:40:28.448767Z[0m [32m INFO[0m [2mreth_node_events::node[0m[2m:[0m Canonical chain committed [3mnumber[0m[2m=[0m41 [3mhash[0m[2m=[0m0x705134efc97815f7577baaf35f255c4edeafa98210ea0e4c6369e3d12d5c81c9 [3melapsed[0m[2m=[0m18.188µs
[2m2026-09-23T16:40:28.485290Z[0m [32m INFO[0m [2mreth_node_events::node[0m[2m:[0m Forkchoice updated [3mhead_block_hash[0m[2m=[0m0x705134efc97815f7577baaf35f255c4edeafa98210ea0e4c6369e3d12d5c81c9 [3msafe_block_hash[0m[2m=[0m0x705134efc97815f7577baaf35f255c4edeafa98210ea0e4c6369e3d12d5c81c9 [3mfinalized_block_hash[0m[2m=[0m0x705134efc97815f7577baaf35f255c4edeafa98210ea0e4c6369e3d12d5c81c9
[2m2026-09-23T16:40:28.659529Z[0m [32m INFO[0m [2mreth_node_events::node[0m[2m:[0m Received new payload from consensus engine [3mnumber[0m[2m=[0m42 [3mhash[0m[2m=[0m0xff4afc418e965b994e8f9d0eca0784fd1363bfb0b2e55acdc3f072e16ebd192e
[2m2026-09-23T16:40:28.660113Z[0m [32m INFO[0m [2mengine::tree::payload_validator[0m[2m:[0m State root job finished [3mstrategy[0m[2m=[0m"sparse-trie" [3mstate_root[0m[2m=[0m0x3f5d791391e97a2060bfe6ca2d76959b4191e32a6afa4730bef46bdbdd7d849a [3melapsed[0m[2m=[0m179.682µs
[2m2026-09-23T16:40:28.717544Z[0m [32m INFO[0m [2mreth_node_events::node[0m[2m:[0m Block added to canonical chain [3mnumber[0m[2m=[0m42 [3mhash[0m[2m=[0m0xff4afc418e965b994e8f9d0eca0784fd1363bfb0b2e55acdc3f072e16ebd192e [3mpeers[0m[2m=[0m0 [3mtxs[0m[2m=[0m0 [3mgas_used[0m[2m=[0m110.48Kgas [3mgas_throughput[0m[2m=[0m1.91Mgas/second [3mgas_limit[0m[2m=[0m30.00Mgas [3mfull[0m[2m=[0m0.4% [3mbase_fee[0m[2m=[0m0.00Gwei [3mblobs[0m[2m=[0m0 [3mexcess_blobs[0m[2m=[0m0 [3melapsed[0m[2m=[0m57.915201ms
[2m2026-09-23T16:40:30.790515Z[0m [32m INFO[0m [2mreth_node_events::node[0m[2m:[0m Canonical chain committed [3mnumber[0m[2m=[0m42 [3mhash[0m[2m=[0m0xff4afc418e965b994e8f9d0eca0784fd1363bfb0b2e55acdc3f072e16ebd192e [3melapsed[0m[2m=[0m25.481µs
[2m2026-09-23T16:40:30.869705Z[0m [32m INFO[0m [2mreth_node_events::node[0m[2m:[0m Forkchoice updated [3mhead_block_hash[0m[2m=[0m0xff4afc418e965b994e8f9d0eca0784fd1363bfb0b2e55acdc3f072e16ebd192e [3msafe_block_hash[0m[2m=[0m0xff4afc418e965b994e8f9d0eca0784fd1363bfb0b2e55acdc3f072e16ebd192e [3mfinalized_block_hash[0m[2m=[0m0xff4afc418e965b994e8f9d0eca0784fd1363bfb0b2e55acdc3f072e16ebd192e
[2m2026-09-23T16:40:31.045483Z[0m [32m INFO[0m [2mreth_node_events::node[0m[2m:[0m Received new payload from consensus engine [3mnumber[0m[2m=[0m43 [3mhash[0m[2m=[0m0x9695fcb150da367fbb2a9962f4b49037059d36d106f36cddbed99572cd4fb84d
[2m2026-09-23T16:40:31.045950Z[0m [32m INFO[0m [2mengine::tree::payload_validator[0m[2m:[0m State root job finished [3mstrategy[0m[2m=[0m"sparse-trie" [3mstate_root[0m[2m=[0m0xc30da53dcbaabacc8a3194d0b2c1286a2998f796e923a9ffdd38573b6c921589 [3melapsed[0m[2m=[0m2.717µs
[2m2026-09-23T16:40:31.082527Z[0m [32m INFO[0m [2mreth_node_events::node[0m[2m:[0m Block added to canonical chain [3mnumber[0m[2m=[0m43 [3mhash[0m[2m=[0m0x9695fcb150da367fbb2a9962f4b49037059d36d106f36cddbed99572cd4fb84d [3mpeers[0m[2m=[0m0 [3mtxs[0m[2m=[0m0 [3mgas_used[0m[2m=[0m110.48Kgas [3mgas_throughput[0m[2m=[0m2.99Mgas/second [3mgas_limit[0m[2m=[0m30.00Mgas [3mfull[0m[2m=[0m0.4% [3mbase_fee[0m[2m=[0m0.00Gwei [3mblobs[0m[2m=[0m0 [3mexcess_blobs[0m[2m=[0m0 [3melapsed[0m[2m=[0m37.003929ms
[2m2026-09-23T16:40:31.825819Z[0m [32m INFO[0m [2mreth::cli[0m[2m:[0m Status [3mconnected_peers[0m[2m=[0m0 [3mlatest_block[0m[2m=[0m42
[2m2026-09-23T16:40:33.032115Z[0m [32m INFO[0m [2mreth_node_events::node[0m[2m:[0m Canonical chain committed [3mnumber[0m[2m=[0m43 [3mhash[0m[2m=[0m0x9695fcb150da367fbb2a9962f4b49037059d36d106f36cddbed99572cd4fb84d [3melapsed[0m[2m=[0m19.771µs
[2m2026-09-23T16:40:33.068672Z[0m [32m INFO[0m [2mreth_node_events::node[0m[2m:[0m Forkchoice updated [3mhead_block_hash[0m[2m=[0m0x9695fcb150da367fbb2a9962f4b49037059d36d106f36cddbed99572cd4fb84d [3msafe_block_hash[0m[2m=[0m0x9695fcb150da367fbb2a9962f4b49037059d36d106f36cddbed99572cd4fb84d [3mfinalized_block_hash[0m[2m=[0m0x9695fcb150da367fbb2a9962f4b49037059d36d106f36cddbed99572cd4fb84d
[2m2026-09-23T16:40:33.316190Z[0m [32m INFO[0m [2mreth_node_events::node[0m[2m:[0m Received new payload from consensus engine [3mnumber[0m[2m=[0m44 [3mhash[0m[2m=[0m0x0b5a54669e3a91ed838e41c8b86325e5ba65b1e59b4cb24721151ee92dcce293
[2m2026-09-23T16:40:33.316691Z[0m [32m INFO[0m [2mengine::tree::payload_validator[0m[2m:[0m State root job finished [3mstrategy[0m[2m=[0m"sparse-trie" [3mstate_root[0m[2m=[0m0xf3b6b5cf038b570878ed785691069d5ed40c25ae1e93389071174671000b7868 [3melapsed[0m[2m=[0m27.51µs
[2m2026-09-23T16:40:33.375792Z[0m [32m INFO[0m [2mreth_node_events::node[0m[2m:[0m Block added to canonical chain [3mnumber[0m[2m=[0m44 [3mhash[0m[2m=[0m0x0b5a54669e3a91ed838e41c8b86325e5ba65b1e59b4cb24721151ee92dcce293 [3mpeers[0m[2m=[0m0 [3mtxs[0m[2m=[0m0 [3mgas_used[0m[2m=[0m110.48Kgas [3mgas_throughput[0m[2m=[0m1.86Mgas/second [3mgas_limit[0m[2m=[0m30.00Mgas [3mfull[0m[2m=[0m0.4% [3mbase_fee[0m[2m=[0m0.00Gwei [3mblobs[0m[2m=[0m0 [3mexcess_blobs[0m[2m=[0m0 [3melapsed[0m[2m=[0m59.539078ms
[2m2026-09-23T16:40:35.370704Z[0m [32m INFO[0m [2mreth_node_events::node[0m[2m:[0m Canonical chain committed [3mnumber[0m[2m=[0m44 [3mhash[0m[2m=[0m0x0b5a54669e3a91ed838e41c8b86325e5ba65b1e59b4cb24721151ee92dcce293 [3melapsed[0m[2m=[0m21.044µs
[2m2026-09-23T16:40:35.407127Z[0m [32m INFO[0m [2mreth_node_events::node[0m[2m:[0m Forkchoice updated [3mhead_block_hash[0m[2m=[0m0x0b5a54669e3a91ed838e41c8b86325e5ba65b1e59b4cb24721151ee92dcce293 [3msafe_block_hash[0m[2m=[0m0x0b5a54669e3a91ed838e41c8b86325e5ba65b1e59b4cb24721151ee92dcce293 [3mfinalized_block_hash[0m[2m=[0m0x0b5a54669e3a91ed838e41c8b86325e5ba65b1e59b4cb24721151ee92dcce293
[2m2026-09-23T16:40:35.408241Z[0m [32m INFO[0m [2mpayload_builder[0m[2m:[0m New payload job created [3mid[0m[2m=[0m0xef39acb46ca599c3 [3mparent[0m[2m=[0m0x0b5a54669e3a91ed838e41c8b86325e5ba65b1e59b4cb24721151ee92dcce293
[2m2026-09-23T16:40:35.525510Z[0m [32m INFO[0m [2mreth_node_events::node[0m[2m:[0m Received new payload from consensus engine [3mnumber[0m[2m=[0m45 [3mhash[0m[2m=[0m0x80c38eb75a52e11b6360ad9ff1d05faa2f7c37523c387b2401e5d592a7430a57
[2m2026-09-23T16:40:35.526060Z[0m [32m INFO[0m [2mengine::tree::payload_validator[0m[2m:[0m State root job finished [3mstrategy[0m[2m=[0m"sparse-trie" [3mstate_root[0m[2m=[0m0xa0d24938861e76c8b4b69d229d6321c07d861068eda4eca38d953e5433cac2c1 [3melapsed[0m[2m=[0m86.167µs
[2m2026-09-23T16:40:35.581618Z[0m [32m INFO[0m [2mreth_node_events::node[0m[2m:[0m Block added to canonical chain [3mnumber[0m[2m=[0m45 [3mhash[0m[2m=[0m0x80c38eb75a52e11b6360ad9ff1d05faa2f7c37523c387b2401e5d592a7430a57 [3mpeers[0m[2m=[0m0 [3mtxs[0m[2m=[0m0 [3mgas_used[0m[2m=[0m110.48Kgas [3mgas_throughput[0m[2m=[0m1.97Mgas/second [3mgas_limit[0m[2m=[0m30.00Mgas [3mfull[0m[2m=[0m0.4% [3mbase_fee[0m[2m=[0m0.00Gwei [3mblobs[0m[2m=[0m0 [3mexcess_blobs[0m[2m=[0m0 [3melapsed[0m[2m=[0m56.070574ms
[2m2026-09-23T16:40:37.541061Z[0m [32m INFO[0m [2mreth_node_events::node[0m[2m:[0m Canonical chain committed [3mnumber[0m[2m=[0m45 [3mhash[0m[2m=[0m0x80c38eb75a52e11b6360ad9ff1d05faa2f7c37523c387b2401e5d592a7430a57 [3melapsed[0m[2m=[0m29.884µs
[2m2026-09-23T16:40:37.598827Z[0m [32m INFO[0m [2mreth_node_events::node[0m[2m:[0m Forkchoice updated [3mhead_block_hash[0m[2m=[0m0x80c38eb75a52e11b6360ad9ff1d05faa2f7c37523c387b2401e5d592a7430a57 [3msafe_block_hash[0m[2m=[0m0x80c38eb75a52e11b6360ad9ff1d05faa2f7c37523c387b2401e5d592a7430a57 [3mfinalized_block_hash[0m[2m=[0m0x80c38eb75a52e11b6360ad9ff1d05faa2f7c37523c387b2401e5d592a7430a57
[2m2026-09-23T16:40:37.789142Z[0m [32m INFO[0m [2mreth_node_events::node[0m[2m:[0m Received new payload from consensus engine [3mnumber[0m[2m=[0m46 [3mhash[0m[2m=[0m0xccc9608f72b1ec4fb6e54003f6b53de8d0e341f5a9a9a4928fd4f13e534ca475
[2m2026-09-23T16:40:37.789766Z[0m [32m INFO[0m [2mengine::tree::payload_validator[0m[2m:[0m State root job finished [3mstrategy[0m[2m=[0m"sparse-trie" [3mstate_root[0m[2m=[0m0x57b28934fad1e672e0b1dc5c3bee89e8248e98298807b4df480aef2cdeee0ec5 [3melapsed[0m[2m=[0m76.163µs
[2m2026-09-23T16:40:37.847201Z[0m [32m INFO[0m [2mreth_node_events::node[0m[2m:[0m Block added to canonical chain [3mnumber[0m[2m=[0m46 [3mhash[0m[2m=[0m0xccc9608f72b1ec4fb6e54003f6b53de8d0e341f5a9a9a4928fd4f13e534ca475 [3mpeers[0m[2m=[0m0 [3mtxs[0m[2m=[0m0 [3mgas_used[0m[2m=[0m110.48Kgas [3mgas_throughput[0m[2m=[0m1.91Mgas/second [3mgas_limit[0m[2m=[0m30.00Mgas [3mfull[0m[2m=[0m0.4% [3mbase_fee[0m[2m=[0m0.00Gwei [3mblobs[0m[2m=[0m0 [3mexcess_blobs[0m[2m=[0m0 [3melapsed[0m[2m=[0m57.947363ms
[2m2026-09-23T16:40:39.725819Z[0m [32m INFO[0m [2mreth_node_events::node[0m[2m:[0m Canonical chain committed [3mnumber[0m[2m=[0m46 [3mhash[0m[2m=[0m0xccc9608f72b1ec4fb6e54003f6b53de8d0e341f5a9a9a4928fd4f13e534ca475 [3melapsed[0m[2m=[0m19.036µs
[2m2026-09-23T16:40:39.762380Z[0m [32m INFO[0m [2mreth_node_events::node[0m[2m:[0m Forkchoice updated [3mhead_block_hash[0m[2m=[0m0xccc9608f72b1ec4fb6e54003f6b53de8d0e341f5a9a9a4928fd4f13e534ca475 [3msafe_block_hash[0m[2m=[0m0xccc9608f72b1ec4fb6e54003f6b53de8d0e341f5a9a9a4928fd4f13e534ca475 [3mfinalized_block_hash[0m[2m=[0m0xccc9608f72b1ec4fb6e54003f6b53de8d0e341f5a9a9a4928fd4f13e534ca475
[2m2026-09-23T16:40:39.952869Z[0m [32m INFO[0m [2mreth_node_events::node[0m[2m:[0m Received new payload from consensus engine [3mnumber[0m[2m=[0m47 [3mhash[0m[2m=[0m0x937805f1d014b5b93c783fe6f14d2a28e1a937ca77ac8a297c3f455ea404f134
[2m2026-09-23T16:40:39.953478Z[0m [32m INFO[0m [2mengine::tree::payload_validator[0m[2m:[0m State root job finished [3mstrategy[0m[2m=[0m"sparse-trie" [3mstate_root[0m[2m=[0m0xbaff5686475399edfe181a0c22b8e643243a56b13833d4abaa85cb0f116cde48 [3melapsed[0m[2m=[0m144.581µs
[2m2026-09-23T16:40:40.010581Z[0m [32m INFO[0m [2mreth_node_events::node[0m[2m:[0m Block added to canonical chain [3mnumber[0m[2m=[0m47 [3mhash[0m[2m=[0m0x937805f1d014b5b93c783fe6f14d2a28e1a937ca77ac8a297c3f455ea404f134 [3mpeers[0m[2m=[0m0 [3mtxs[0m[2m=[0m0 [3mgas_used[0m[2m=[0m110.48Kgas [3mgas_throughput[0m[2m=[0m1.92Mgas/second [3mgas_limit[0m[2m=[0m30.00Mgas [3mfull[0m[2m=[0m0.4% [3mbase_fee[0m[2m=[0m0.00Gwei [3mblobs[0m[2m=[0m0 [3mexcess_blobs[0m[2m=[0m0 [3melapsed[0m[2m=[0m57.620608ms
[2m2026-09-23T16:40:42.401736Z[0m [32m INFO[0m [2mreth_node_events::node[0m[2m:[0m Canonical chain committed [3mnumber[0m[2m=[0m47 [3mhash[0m[2m=[0m0x937805f1d014b5b93c783fe6f14d2a28e1a937ca77ac8a297c3f455ea404f134 [3melapsed[0m[2m=[0m33.665µs
[2m2026-09-23T16:40:42.437911Z[0m [32m INFO[0m [2mreth_node_events::node[0m[2m:[0m Forkchoice updated [3mhead_block_hash[0m[2m=[0m0x937805f1d014b5b93c783fe6f14d2a28e1a937ca77ac8a297c3f455ea404f134 [3msafe_block_hash[0m[2m=[0m0x937805f1d014b5b93c783fe6f14d2a28e1a937ca77ac8a297c3f455ea404f134 [3mfinalized_block_hash[0m[2m=[0m0x937805f1d014b5b93c783fe6f14d2a28e1a937ca77ac8a297c3f455ea404f134
[2m2026-09-23T16:40:42.650044Z[0m [32m INFO[0m [2mreth_node_events::node[0m[2m:[0m Received new payload from consensus engine [3mnumber[0m[2m=[0m48 [3mhash[0m[2m=[0m0x8beff2f30a3cbf0d56e38a9e465249f41ac60949db40a679581670cb3c3d5648
[2m2026-09-23T16:40:42.650983Z[0m [32m INFO[0m [2mengine::tree::payload_validator[0m[2m:[0m State root job finished [3mstrategy[0m[2m=[0m"sparse-trie" [3mstate_root[0m[2m=[0m0x18d4591a6853cd857e1d4d5aca2f82c2dbe4e0b17f828ca01eb0b43ddd6d4980 [3melapsed[0m[2m=[0m431.278µs
[2m2026-09-23T16:40:42.671776Z[0m [32m INFO[0m [2mreth_node_events::node[0m[2m:[0m Block added to canonical chain [3mnumber[0m[2m=[0m48 [3mhash[0m[2m=[0m0x8beff2f30a3cbf0d56e38a9e465249f41ac60949db40a679581670cb3c3d5648 [3mpeers[0m[2m=[0m0 [3mtxs[0m[2m=[0m0 [3mgas_used[0m[2m=[0m110.48Kgas [3mgas_throughput[0m[2m=[0m5.08Mgas/second [3mgas_limit[0m[2m=[0m30.00Mgas [3mfull[0m[2m=[0m0.4% [3mbase_fee[0m[2m=[0m0.00Gwei [3mblobs[0m[2m=[0m0 [3mexcess_blobs[0m[2m=[0m0 [3melapsed[0m[2m=[0m21.729183ms
[2m2026-09-23T16:40:44.523375Z[0m [32m INFO[0m [2mreth_node_events::node[0m[2m:[0m Canonical chain committed [3mnumber[0m[2m=[0m48 [3mhash[0m[2m=[0m0x8beff2f30a3cbf0d56e38a9e465249f41ac60949db40a679581670cb3c3d5648 [3melapsed[0m[2m=[0m34.058µs
[2m2026-09-23T16:40:44.548369Z[0m [32m INFO[0m [2mreth_node_events::node[0m[2m:[0m Forkchoice updated [3mhead_block_hash[0m[2m=[0m0x8beff2f30a3cbf0d56e38a9e465249f41ac60949db40a679581670cb3c3d5648 [3msafe_block_hash[0m[2m=[0m0x8beff2f30a3cbf0d56e38a9e465249f41ac60949db40a679581670cb3c3d5648 [3mfinalized_block_hash[0m[2m=[0m0x8beff2f30a3cbf0d56e38a9e465249f41ac60949db40a679581670cb3c3d5648
--- evm4 at stall ---
time=2026-09-23T19:40:28.6036+0300 level=INFO source=/Users/risto/uni/agre/bft-core-d2h/engineapi/adapter.go:349 msg="acquired certified parent registry witness" round=49 parentNumber=41 parentHash=705134efc97815f7577baaf35f255c4edeafa98210ea0e4c6369e3d12d5c81c9 go_id=316
time=2026-09-23T19:40:28.7603+0300 level=INFO source=/Users/risto/uni/agre/bft-core-d2h/engineapi/adapter.go:601 msg="verified execution payload" round=49 blockHash=ff4afc418e965b994e8f9d0eca0784fd1363bfb0b2e55acdc3f072e16ebd192e status=VALID rootInput=8b0203084180183100005820705134efc97815f7577baaf35f255c4edeafa98210ea0e4c6369e3d12d5c81c98803190100011a6ab400fa5820b2a148add4547616bb624d8eda56ed15dd028c999a77bcefb3720820b919d294861830005820864e936a5ffb8fa55d879d94bd5d0476b809496075dd8e8e907b8860e16961f5582025ee667e895769fed8573d3a5100682fe9e8904db3a3e64efc8995c3ac685d8e1a6ab400f85820705134efc97815f7577baaf35f255c4edeafa98210ea0e4c6369e3d12d5c81c958200b8315beee34792bcf7f83aba65a7c8741952400f37c2b70aae7c5107979b95758208d32e8b5dcaecf36b2077d10b3e4ded1d55bd1f294a501fec923f645e0e8963885183100783531365569753248416d47506e654639643736675178566e63474e6f66693135365162796d73455135645667774b416a596577356e6558209b210edea4d2790600d1ecdce2520cfb87c2b0c9ba7c6d7969b86dacb389ad795820840932c4f0b77d402a619ae0f6edbbcf689d4feab957332832d041d70fdc269280 commitment=925815edb7e01d8d87abe705865bc7e6a05039e87f8022c1cbc5de470dd307de go_id=316
time=2026-09-23T19:40:28.8034+0300 level=INFO source=/Users/risto/uni/agre/bft-core-d2h/shardnode/round.go:894 msg="submitting block certification request" round=49 quiet=false leader=false go_id=316
time=2026-09-23T19:40:30.7897+0300 level=INFO source=/Users/risto/uni/agre/bft-core-d2h/shardnode/bftclient.go:750 msg="accepted certificate" class=valid retryOfFailedApply=false partitionRound=49 rootRound=259 blockHash=ff4afc418e965b994e8f9d0eca0784fd1363bfb0b2e55acdc3f072e16ebd192e nextRound=50 nextLeader=16Uiu2HAm9f2efvTXLTiZfEKJ3rkg15HYYKZJhm9QZScNSgGhtf1s go_id=316
time=2026-09-23T19:40:30.7930+0300 level=INFO source=/Users/risto/uni/agre/bft-core-d2h/engineapi/adapter.go:349 msg="acquired certified parent registry witness" round=50 parentNumber=42 parentHash=ff4afc418e965b994e8f9d0eca0784fd1363bfb0b2e55acdc3f072e16ebd192e go_id=316
time=2026-09-23T19:40:30.9655+0300 level=INFO source=/Users/risto/uni/agre/bft-core-d2h/engineapi/adapter.go:461 msg="sealed execution payload" blockHash=9695fcb150da367fbb2a9962f4b49037059d36d106f36cddbed99572cd4fb84d parentHash=ff4afc418e965b994e8f9d0eca0784fd1363bfb0b2e55acdc3f072e16ebd192e userTransactions=0 rootInput=8b0203084180183200005820ff4afc418e965b994e8f9d0eca0784fd1363bfb0b2e55acdc3f072e16ebd192e8803190103011a6ab400fd5820e7623f602b4f51cf06371e5e91cf53bbfd4452c38685cf95c8ef1a555707d05c86183100582025ee667e895769fed8573d3a5100682fe9e8904db3a3e64efc8995c3ac685d8e58203f5d791391e97a2060bfe6ca2d76959b4191e32a6afa4730bef46bdbdd7d849a1a6ab400fa5820ff4afc418e965b994e8f9d0eca0784fd1363bfb0b2e55acdc3f072e16ebd192e58201f22377130085e58362af9d4119366b36f9bdd0189d8b14e26ce716d5ec08fe258208d32e8b5dcaecf36b2077d10b3e4ded1d55bd1f294a501fec923f645e0e8963885183200783531365569753248416d39663265667654584c54695a66454b4a33726b6731354859594b5a4a686d39515a53634e53674768746631735820468d8c184709c6c9ee1ee2653da97ed07f14e882908e51f42d50218cffbc62fa5820840932c4f0b77d402a619ae0f6edbbcf689d4feab957332832d041d70fdc269280 commitment=fe585163199b6d4f177a12180f54cd674f4a085d41fa03eb6971633a875ca5e9 go_id=316
time=2026-09-23T19:40:30.9867+0300 level=INFO source=/Users/risto/uni/agre/bft-core-d2h/engineapi/adapter.go:349 msg="acquired certified parent registry witness" round=50 parentNumber=42 parentHash=ff4afc418e965b994e8f9d0eca0784fd1363bfb0b2e55acdc3f072e16ebd192e go_id=316
time=2026-09-23T19:40:31.0827+0300 level=INFO source=/Users/risto/uni/agre/bft-core-d2h/engineapi/adapter.go:601 msg="verified execution payload" round=50 blockHash=9695fcb150da367fbb2a9962f4b49037059d36d106f36cddbed99572cd4fb84d status=VALID rootInput=8b0203084180183200005820ff4afc418e965b994e8f9d0eca0784fd1363bfb0b2e55acdc3f072e16ebd192e8803190103011a6ab400fd5820e7623f602b4f51cf06371e5e91cf53bbfd4452c38685cf95c8ef1a555707d05c86183100582025ee667e895769fed8573d3a5100682fe9e8904db3a3e64efc8995c3ac685d8e58203f5d791391e97a2060bfe6ca2d76959b4191e32a6afa4730bef46bdbdd7d849a1a6ab400fa5820ff4afc418e965b994e8f9d0eca0784fd1363bfb0b2e55acdc3f072e16ebd192e58201f22377130085e58362af9d4119366b36f9bdd0189d8b14e26ce716d5ec08fe258208d32e8b5dcaecf36b2077d10b3e4ded1d55bd1f294a501fec923f645e0e8963885183200783531365569753248416d39663265667654584c54695a66454b4a33726b6731354859594b5a4a686d39515a53634e53674768746631735820468d8c184709c6c9ee1ee2653da97ed07f14e882908e51f42d50218cffbc62fa5820840932c4f0b77d402a619ae0f6edbbcf689d4feab957332832d041d70fdc269280 commitment=fe585163199b6d4f177a12180f54cd674f4a085d41fa03eb6971633a875ca5e9 go_id=316
time=2026-09-23T19:40:31.1216+0300 level=INFO source=/Users/risto/uni/agre/bft-core-d2h/shardnode/round.go:894 msg="submitting block certification request" round=50 quiet=false leader=true go_id=316
time=2026-09-23T19:40:33.0312+0300 level=INFO source=/Users/risto/uni/agre/bft-core-d2h/shardnode/bftclient.go:750 msg="accepted certificate" class=valid retryOfFailedApply=false partitionRound=50 rootRound=262 blockHash=9695fcb150da367fbb2a9962f4b49037059d36d106f36cddbed99572cd4fb84d nextRound=51 nextLeader=16Uiu2HAmGPneF9d76gQxVncGNofi156QbymsEQ5dVgwKAjYew5ne go_id=316
time=2026-09-23T19:40:33.2614+0300 level=INFO source=/Users/risto/uni/agre/bft-core-d2h/engineapi/adapter.go:349 msg="acquired certified parent registry witness" round=51 parentNumber=43 parentHash=9695fcb150da367fbb2a9962f4b49037059d36d106f36cddbed99572cd4fb84d go_id=316
time=2026-09-23T19:40:33.4120+0300 level=INFO source=/Users/risto/uni/agre/bft-core-d2h/engineapi/adapter.go:601 msg="verified execution payload" round=51 blockHash=0b5a54669e3a91ed838e41c8b86325e5ba65b1e59b4cb24721151ee92dcce293 status=VALID rootInput=8b02030841801833000058209695fcb150da367fbb2a9962f4b49037059d36d106f36cddbed99572cd4fb84d8803190106011a6ab400ff5820037a375e99c8f8eb076d2ecc2a9e012955752c3f623647bed2ee0c5d0401d8528618320058203f5d791391e97a2060bfe6ca2d76959b4191e32a6afa4730bef46bdbdd7d849a5820c30da53dcbaabacc8a3194d0b2c1286a2998f796e923a9ffdd38573b6c9215891a6ab400fd58209695fcb150da367fbb2a9962f4b49037059d36d106f36cddbed99572cd4fb84d5820783396e4f78c7cfb46392c070eb9809875f986797304b5a578717cc41636353758208d32e8b5dcaecf36b2077d10b3e4ded1d55bd1f294a501fec923f645e0e8963885183300783531365569753248416d47506e654639643736675178566e63474e6f66693135365162796d73455135645667774b416a596577356e65582019e1b0a4608fc7ad484685f5be71e9eb582dc29ebe206d6c7060c3700393401d5820840932c4f0b77d402a619ae0f6edbbcf689d4feab957332832d041d70fdc269280 commitment=f8b4c880c4e423f698e30b2b4258dd951708fd04cc9e7ed43bf4f4f54289f87d go_id=316
time=2026-09-23T19:40:33.4335+0300 level=INFO source=/Users/risto/uni/agre/bft-core-d2h/shardnode/round.go:894 msg="submitting block certification request" round=51 quiet=false leader=false go_id=316
time=2026-09-23T19:40:35.3699+0300 level=INFO source=/Users/risto/uni/agre/bft-core-d2h/shardnode/bftclient.go:750 msg="accepted certificate" class=valid retryOfFailedApply=false partitionRound=51 rootRound=265 blockHash=0b5a54669e3a91ed838e41c8b86325e5ba65b1e59b4cb24721151ee92dcce293 nextRound=52 nextLeader=16Uiu2HAmTtoDswe3yo6YqSEX5QETdW56hw3BHCs8c3a1np7hFVtR go_id=316
time=2026-09-23T19:40:35.5053+0300 level=INFO source=/Users/risto/uni/agre/bft-core-d2h/engineapi/adapter.go:349 msg="acquired certified parent registry witness" round=52 parentNumber=44 parentHash=0b5a54669e3a91ed838e41c8b86325e5ba65b1e59b4cb24721151ee92dcce293 go_id=316
time=2026-09-23T19:40:35.6559+0300 level=INFO source=/Users/risto/uni/agre/bft-core-d2h/engineapi/adapter.go:601 msg="verified execution payload" round=52 blockHash=80c38eb75a52e11b6360ad9ff1d05faa2f7c37523c387b2401e5d592a7430a57 status=VALID rootInput=8b02030841801834000058200b5a54669e3a91ed838e41c8b86325e5ba65b1e59b4cb24721151ee92dcce2938803190109011a6ab401015820160ad092041426bd29ac034ee7910d6ec01be34f021dc5e3e204238a99b46cb8861833005820c30da53dcbaabacc8a3194d0b2c1286a2998f796e923a9ffdd38573b6c9215895820f3b6b5cf038b570878ed785691069d5ed40c25ae1e93389071174671000b78681a6ab400ff58200b5a54669e3a91ed838e41c8b86325e5ba65b1e59b4cb24721151ee92dcce2935820483939479c59a25991b2bdf8fcf2ffd2aad40caf6e8938ac0f2f41d76416c3e158208d32e8b5dcaecf36b2077d10b3e4ded1d55bd1f294a501fec923f645e0e8963885183400783531365569753248416d54746f4473776533796f36597153455835514554645735366877334248437338633361316e70376846567452582056889f95694bb322b9e3c4cd57f84373610932e53f960fda2ab39e0e3108ab985820840932c4f0b77d402a619ae0f6edbbcf689d4feab957332832d041d70fdc269280 commitment=44685bcb8fde9e81d7086ac7978dfdcd4842142d028fb76fdc4983a4ec0051d9 go_id=316
time=2026-09-23T19:40:35.6776+0300 level=INFO source=/Users/risto/uni/agre/bft-core-d2h/shardnode/round.go:894 msg="submitting block certification request" round=52 quiet=false leader=false go_id=316
time=2026-09-23T19:40:37.5405+0300 level=INFO source=/Users/risto/uni/agre/bft-core-d2h/shardnode/bftclient.go:750 msg="accepted certificate" class=valid retryOfFailedApply=false partitionRound=52 rootRound=268 blockHash=80c38eb75a52e11b6360ad9ff1d05faa2f7c37523c387b2401e5d592a7430a57 nextRound=53 nextLeader=16Uiu2HAm9f2efvTXLTiZfEKJ3rkg15HYYKZJhm9QZScNSgGhtf1s go_id=316
time=2026-09-23T19:40:37.5435+0300 level=INFO source=/Users/risto/uni/agre/bft-core-d2h/engineapi/adapter.go:349 msg="acquired certified parent registry witness" round=53 parentNumber=45 parentHash=80c38eb75a52e11b6360ad9ff1d05faa2f7c37523c387b2401e5d592a7430a57 go_id=316
time=2026-09-23T19:40:37.6943+0300 level=INFO source=/Users/risto/uni/agre/bft-core-d2h/engineapi/adapter.go:461 msg="sealed execution payload" blockHash=ccc9608f72b1ec4fb6e54003f6b53de8d0e341f5a9a9a4928fd4f13e534ca475 parentHash=80c38eb75a52e11b6360ad9ff1d05faa2f7c37523c387b2401e5d592a7430a57 userTransactions=0 rootInput=8b020308418018350000582080c38eb75a52e11b6360ad9ff1d05faa2f7c37523c387b2401e5d592a7430a57880319010c011a6ab4010458202d7268f9c1d33f4d8ca15b4f1be2a91e0e4b55d42452691dd6896a154e879ee0861834005820f3b6b5cf038b570878ed785691069d5ed40c25ae1e93389071174671000b78685820a0d24938861e76c8b4b69d229d6321c07d861068eda4eca38d953e5433cac2c11a6ab40101582080c38eb75a52e11b6360ad9ff1d05faa2f7c37523c387b2401e5d592a7430a5758209b3c8ac9ec4564c4bfd29c63b8c776519378a307e0558a893bce5b9a58afa13a58208d32e8b5dcaecf36b2077d10b3e4ded1d55bd1f294a501fec923f645e0e8963885183500783531365569753248416d39663265667654584c54695a66454b4a33726b6731354859594b5a4a686d39515a53634e53674768746631735820dd7cfc3efb61430f471826796762501b5b6746a8349e0dc1908ce850ccee7f4c5820840932c4f0b77d402a619ae0f6edbbcf689d4feab957332832d041d70fdc269280 commitment=a701c4252d2f61e311c57a10c6921544ae32dfb24563e38929b8d71fb7ff590b go_id=316
time=2026-09-23T19:40:37.7152+0300 level=INFO source=/Users/risto/uni/agre/bft-core-d2h/engineapi/adapter.go:349 msg="acquired certified parent registry witness" round=53 parentNumber=45 parentHash=80c38eb75a52e11b6360ad9ff1d05faa2f7c37523c387b2401e5d592a7430a57 go_id=316
time=2026-09-23T19:40:37.8475+0300 level=INFO source=/Users/risto/uni/agre/bft-core-d2h/engineapi/adapter.go:601 msg="verified execution payload" round=53 blockHash=ccc9608f72b1ec4fb6e54003f6b53de8d0e341f5a9a9a4928fd4f13e534ca475 status=VALID rootInput=8b020308418018350000582080c38eb75a52e11b6360ad9ff1d05faa2f7c37523c387b2401e5d592a7430a57880319010c011a6ab4010458202d7268f9c1d33f4d8ca15b4f1be2a91e0e4b55d42452691dd6896a154e879ee0861834005820f3b6b5cf038b570878ed785691069d5ed40c25ae1e93389071174671000b78685820a0d24938861e76c8b4b69d229d6321c07d861068eda4eca38d953e5433cac2c11a6ab40101582080c38eb75a52e11b6360ad9ff1d05faa2f7c37523c387b2401e5d592a7430a5758209b3c8ac9ec4564c4bfd29c63b8c776519378a307e0558a893bce5b9a58afa13a58208d32e8b5dcaecf36b2077d10b3e4ded1d55bd1f294a501fec923f645e0e8963885183500783531365569753248416d39663265667654584c54695a66454b4a33726b6731354859594b5a4a686d39515a53634e53674768746631735820dd7cfc3efb61430f471826796762501b5b6746a8349e0dc1908ce850ccee7f4c5820840932c4f0b77d402a619ae0f6edbbcf689d4feab957332832d041d70fdc269280 commitment=a701c4252d2f61e311c57a10c6921544ae32dfb24563e38929b8d71fb7ff590b go_id=316
time=2026-09-23T19:40:37.8853+0300 level=INFO source=/Users/risto/uni/agre/bft-core-d2h/shardnode/round.go:894 msg="submitting block certification request" round=53 quiet=false leader=true go_id=316
time=2026-09-23T19:40:39.7253+0300 level=INFO source=/Users/risto/uni/agre/bft-core-d2h/shardnode/bftclient.go:750 msg="accepted certificate" class=valid retryOfFailedApply=false partitionRound=53 rootRound=271 blockHash=ccc9608f72b1ec4fb6e54003f6b53de8d0e341f5a9a9a4928fd4f13e534ca475 nextRound=54 nextLeader=16Uiu2HAm9f2efvTXLTiZfEKJ3rkg15HYYKZJhm9QZScNSgGhtf1s go_id=316
time=2026-09-23T19:40:39.7284+0300 level=INFO source=/Users/risto/uni/agre/bft-core-d2h/engineapi/adapter.go:349 msg="acquired certified parent registry witness" round=54 parentNumber=46 parentHash=ccc9608f72b1ec4fb6e54003f6b53de8d0e341f5a9a9a4928fd4f13e534ca475 go_id=316
time=2026-09-23T19:40:39.8577+0300 level=INFO source=/Users/risto/uni/agre/bft-core-d2h/engineapi/adapter.go:461 msg="sealed execution payload" blockHash=937805f1d014b5b93c783fe6f14d2a28e1a937ca77ac8a297c3f455ea404f134 parentHash=ccc9608f72b1ec4fb6e54003f6b53de8d0e341f5a9a9a4928fd4f13e534ca475 userTransactions=0 rootInput=8b0203084180183600005820ccc9608f72b1ec4fb6e54003f6b53de8d0e341f5a9a9a4928fd4f13e534ca475880319010f011a6ab40106582072c2e154f95d489a5b259dd0b1c1cd59d6626b4068ab835c418e2a3396f2a610861835005820a0d24938861e76c8b4b69d229d6321c07d861068eda4eca38d953e5433cac2c1582057b28934fad1e672e0b1dc5c3bee89e8248e98298807b4df480aef2cdeee0ec51a6ab401045820ccc9608f72b1ec4fb6e54003f6b53de8d0e341f5a9a9a4928fd4f13e534ca4755820bae0e801b4925f224ecfdca2fc8cc9c2c93abce4f25c066fd18819ff16525d3858208d32e8b5dcaecf36b2077d10b3e4ded1d55bd1f294a501fec923f645e0e8963885183600783531365569753248416d39663265667654584c54695a66454b4a33726b6731354859594b5a4a686d39515a53634e53674768746631735820cf6ab86ff92ddcdd0bc2d09853f01ee013e7cd0832dc6fe7ef63e1e764f7fbb35820840932c4f0b77d402a619ae0f6edbbcf689d4feab957332832d041d70fdc269280 commitment=048cc833e518457604e0921ef0911d1f4f5095d6199984038708b13de030bcb5 go_id=316
time=2026-09-23T19:40:39.8787+0300 level=INFO source=/Users/risto/uni/agre/bft-core-d2h/engineapi/adapter.go:349 msg="acquired certified parent registry witness" round=54 parentNumber=46 parentHash=ccc9608f72b1ec4fb6e54003f6b53de8d0e341f5a9a9a4928fd4f13e534ca475 go_id=316
time=2026-09-23T19:40:40.0108+0300 level=INFO source=/Users/risto/uni/agre/bft-core-d2h/engineapi/adapter.go:601 msg="verified execution payload" round=54 blockHash=937805f1d014b5b93c783fe6f14d2a28e1a937ca77ac8a297c3f455ea404f134 status=VALID rootInput=8b0203084180183600005820ccc9608f72b1ec4fb6e54003f6b53de8d0e341f5a9a9a4928fd4f13e534ca475880319010f011a6ab40106582072c2e154f95d489a5b259dd0b1c1cd59d6626b4068ab835c418e2a3396f2a610861835005820a0d24938861e76c8b4b69d229d6321c07d861068eda4eca38d953e5433cac2c1582057b28934fad1e672e0b1dc5c3bee89e8248e98298807b4df480aef2cdeee0ec51a6ab401045820ccc9608f72b1ec4fb6e54003f6b53de8d0e341f5a9a9a4928fd4f13e534ca4755820bae0e801b4925f224ecfdca2fc8cc9c2c93abce4f25c066fd18819ff16525d3858208d32e8b5dcaecf36b2077d10b3e4ded1d55bd1f294a501fec923f645e0e8963885183600783531365569753248416d39663265667654584c54695a66454b4a33726b6731354859594b5a4a686d39515a53634e53674768746631735820cf6ab86ff92ddcdd0bc2d09853f01ee013e7cd0832dc6fe7ef63e1e764f7fbb35820840932c4f0b77d402a619ae0f6edbbcf689d4feab957332832d041d70fdc269280 commitment=048cc833e518457604e0921ef0911d1f4f5095d6199984038708b13de030bcb5 go_id=316
time=2026-09-23T19:40:40.0692+0300 level=INFO source=/Users/risto/uni/agre/bft-core-d2h/shardnode/round.go:894 msg="submitting block certification request" round=54 quiet=false leader=true go_id=316
time=2026-09-23T19:40:42.3811+0300 level=INFO source=/Users/risto/uni/agre/bft-core-d2h/shardnode/bftclient.go:750 msg="accepted certificate" class=valid retryOfFailedApply=false partitionRound=54 rootRound=274 blockHash=937805f1d014b5b93c783fe6f14d2a28e1a937ca77ac8a297c3f455ea404f134 nextRound=55 nextLeader=16Uiu2HAm9f2efvTXLTiZfEKJ3rkg15HYYKZJhm9QZScNSgGhtf1s go_id=316
time=2026-09-23T19:40:42.4426+0300 level=INFO source=/Users/risto/uni/agre/bft-core-d2h/engineapi/adapter.go:349 msg="acquired certified parent registry witness" round=55 parentNumber=47 parentHash=937805f1d014b5b93c783fe6f14d2a28e1a937ca77ac8a297c3f455ea404f134 go_id=316
time=2026-09-23T19:40:42.5712+0300 level=INFO source=/Users/risto/uni/agre/bft-core-d2h/engineapi/adapter.go:461 msg="sealed execution payload" blockHash=8beff2f30a3cbf0d56e38a9e465249f41ac60949db40a679581670cb3c3d5648 parentHash=937805f1d014b5b93c783fe6f14d2a28e1a937ca77ac8a297c3f455ea404f134 userTransactions=0 rootInput=8b0203084180183700005820937805f1d014b5b93c783fe6f14d2a28e1a937ca77ac8a297c3f455ea404f1348803190112011a6ab4010858208052efda04a769a0354c6b45a357733b21879325706d4a0c1803da9ffdfb99f986183600582057b28934fad1e672e0b1dc5c3bee89e8248e98298807b4df480aef2cdeee0ec55820baff5686475399edfe181a0c22b8e643243a56b13833d4abaa85cb0f116cde481a6ab401065820937805f1d014b5b93c783fe6f14d2a28e1a937ca77ac8a297c3f455ea404f134582001b532b7471235e5409af8e233f081a62fc9ce874d1999dee66634cdcc22d1aa58208d32e8b5dcaecf36b2077d10b3e4ded1d55bd1f294a501fec923f645e0e8963885183700783531365569753248416d39663265667654584c54695a66454b4a33726b6731354859594b5a4a686d39515a53634e5367476874663173582050360018242779efe5a753f46e0942b1b40b75ff52431bd4fff8e8fca36432f65820840932c4f0b77d402a619ae0f6edbbcf689d4feab957332832d041d70fdc269280 commitment=581008787c060b98e0f48f01f0759ffcb2509b6606e5d203ae98e8bf77c03c3b go_id=316
time=2026-09-23T19:40:42.5930+0300 level=INFO source=/Users/risto/uni/agre/bft-core-d2h/engineapi/adapter.go:349 msg="acquired certified parent registry witness" round=55 parentNumber=47 parentHash=937805f1d014b5b93c783fe6f14d2a28e1a937ca77ac8a297c3f455ea404f134 go_id=316
time=2026-09-23T19:40:42.6720+0300 level=INFO source=/Users/risto/uni/agre/bft-core-d2h/engineapi/adapter.go:601 msg="verified execution payload" round=55 blockHash=8beff2f30a3cbf0d56e38a9e465249f41ac60949db40a679581670cb3c3d5648 status=VALID rootInput=8b0203084180183700005820937805f1d014b5b93c783fe6f14d2a28e1a937ca77ac8a297c3f455ea404f1348803190112011a6ab4010858208052efda04a769a0354c6b45a357733b21879325706d4a0c1803da9ffdfb99f986183600582057b28934fad1e672e0b1dc5c3bee89e8248e98298807b4df480aef2cdeee0ec55820baff5686475399edfe181a0c22b8e643243a56b13833d4abaa85cb0f116cde481a6ab401065820937805f1d014b5b93c783fe6f14d2a28e1a937ca77ac8a297c3f455ea404f134582001b532b7471235e5409af8e233f081a62fc9ce874d1999dee66634cdcc22d1aa58208d32e8b5dcaecf36b2077d10b3e4ded1d55bd1f294a501fec923f645e0e8963885183700783531365569753248416d39663265667654584c54695a66454b4a33726b6731354859594b5a4a686d39515a53634e5367476874663173582050360018242779efe5a753f46e0942b1b40b75ff52431bd4fff8e8fca36432f65820840932c4f0b77d402a619ae0f6edbbcf689d4feab957332832d041d70fdc269280 commitment=581008787c060b98e0f48f01f0759ffcb2509b6606e5d203ae98e8bf77c03c3b go_id=316
time=2026-09-23T19:40:42.7308+0300 level=INFO source=/Users/risto/uni/agre/bft-core-d2h/shardnode/round.go:894 msg="submitting block certification request" round=55 quiet=false leader=true go_id=316
time=2026-09-23T19:40:44.4747+0300 level=INFO source=/Users/risto/uni/agre/bft-core-d2h/shardnode/bftclient.go:750 msg="accepted certificate" class=valid retryOfFailedApply=false partitionRound=55 rootRound=277 blockHash=8beff2f30a3cbf0d56e38a9e465249f41ac60949db40a679581670cb3c3d5648 nextRound=56 nextLeader=16Uiu2HAm3wGgeazNWFfLVUuuGdgZM2yEohbi2B78mk18i7nY5sRP go_id=316
time=2026-09-23T19:40:47.0256+0300 level=ERROR source=/Users/risto/uni/agre/bft-core-d2h/shardnode/bftclient.go:496 msg="processing certification response" err="producing round 56 block: awaiting round 56 block from leader 16Uiu2HAm3wGgeazNWFfLVUuuGdgZM2yEohbi2B78mk18i7nY5sRP: shardnode: awaiting round 56: context deadline exceeded (this validator abstains from the round; the next certificate — likely a repeat UC — will start a fresh attempt)" go_id=316
time=2026-09-23T19:40:47.0466+0300 level=INFO source=/Users/risto/uni/agre/bft-core-d2h/shardnode/bftclient.go:750 msg="accepted certificate" class=duplicate retryOfFailedApply=true partitionRound=55 rootRound=277 blockHash=8beff2f30a3cbf0d56e38a9e465249f41ac60949db40a679581670cb3c3d5648 nextRound=56 nextLeader=16Uiu2HAm3wGgeazNWFfLVUuuGdgZM2yEohbi2B78mk18i7nY5sRP go_id=316
time=2026-09-23T19:40:49.5693+0300 level=ERROR source=/Users/risto/uni/agre/bft-core-d2h/shardnode/bftclient.go:496 msg="processing certification response" err="producing round 56 block: awaiting round 56 block from leader 16Uiu2HAm3wGgeazNWFfLVUuuGdgZM2yEohbi2B78mk18i7nY5sRP: shardnode: awaiting round 56: context deadline exceeded (this validator abstains from the round; the next certificate — likely a repeat UC — will start a fresh attempt)" go_id=316
time=2026-09-23T19:40:49.5717+0300 level=INFO source=/Users/risto/uni/agre/bft-core-d2h/shardnode/bftclient.go:750 msg="accepted certificate" class=duplicate retryOfFailedApply=true partitionRound=55 rootRound=277 blockHash=8beff2f30a3cbf0d56e38a9e465249f41ac60949db40a679581670cb3c3d5648 nextRound=56 nextLeader=16Uiu2HAm3wGgeazNWFfLVUuuGdgZM2yEohbi2B78mk18i7nY5sRP go_id=316
--- reth4 at stall ---
[2m2026-09-23T16:40:28.659529Z[0m [32m INFO[0m [2mreth_node_events::node[0m[2m:[0m Received new payload from consensus engine [3mnumber[0m[2m=[0m42 [3mhash[0m[2m=[0m0xff4afc418e965b994e8f9d0eca0784fd1363bfb0b2e55acdc3f072e16ebd192e
[2m2026-09-23T16:40:28.660115Z[0m [32m INFO[0m [2mengine::tree::payload_validator[0m[2m:[0m State root job finished [3mstrategy[0m[2m=[0m"sparse-trie" [3mstate_root[0m[2m=[0m0x3f5d791391e97a2060bfe6ca2d76959b4191e32a6afa4730bef46bdbdd7d849a [3melapsed[0m[2m=[0m197.659µs
[2m2026-09-23T16:40:28.717493Z[0m [32m INFO[0m [2mreth_node_events::node[0m[2m:[0m Block added to canonical chain [3mnumber[0m[2m=[0m42 [3mhash[0m[2m=[0m0xff4afc418e965b994e8f9d0eca0784fd1363bfb0b2e55acdc3f072e16ebd192e [3mpeers[0m[2m=[0m0 [3mtxs[0m[2m=[0m0 [3mgas_used[0m[2m=[0m110.48Kgas [3mgas_throughput[0m[2m=[0m1.91Mgas/second [3mgas_limit[0m[2m=[0m30.00Mgas [3mfull[0m[2m=[0m0.4% [3mbase_fee[0m[2m=[0m0.00Gwei [3mblobs[0m[2m=[0m0 [3mexcess_blobs[0m[2m=[0m0 [3melapsed[0m[2m=[0m57.911285ms
[2m2026-09-23T16:40:30.790546Z[0m [32m INFO[0m [2mreth_node_events::node[0m[2m:[0m Canonical chain committed [3mnumber[0m[2m=[0m42 [3mhash[0m[2m=[0m0xff4afc418e965b994e8f9d0eca0784fd1363bfb0b2e55acdc3f072e16ebd192e [3melapsed[0m[2m=[0m18.758µs
[2m2026-09-23T16:40:30.869705Z[0m [32m INFO[0m [2mreth_node_events::node[0m[2m:[0m Forkchoice updated [3mhead_block_hash[0m[2m=[0m0xff4afc418e965b994e8f9d0eca0784fd1363bfb0b2e55acdc3f072e16ebd192e [3msafe_block_hash[0m[2m=[0m0xff4afc418e965b994e8f9d0eca0784fd1363bfb0b2e55acdc3f072e16ebd192e [3mfinalized_block_hash[0m[2m=[0m0xff4afc418e965b994e8f9d0eca0784fd1363bfb0b2e55acdc3f072e16ebd192e
[2m2026-09-23T16:40:30.870787Z[0m [32m INFO[0m [2mpayload_builder[0m[2m:[0m New payload job created [3mid[0m[2m=[0m0x748565fd177a73d7 [3mparent[0m[2m=[0m0xff4afc418e965b994e8f9d0eca0784fd1363bfb0b2e55acdc3f072e16ebd192e
[2m2026-09-23T16:40:31.009345Z[0m [32m INFO[0m [2mreth_node_events::node[0m[2m:[0m Received new payload from consensus engine [3mnumber[0m[2m=[0m43 [3mhash[0m[2m=[0m0x9695fcb150da367fbb2a9962f4b49037059d36d106f36cddbed99572cd4fb84d
[2m2026-09-23T16:40:31.009854Z[0m [32m INFO[0m [2mengine::tree::payload_validator[0m[2m:[0m State root job finished [3mstrategy[0m[2m=[0m"sparse-trie" [3mstate_root[0m[2m=[0m0xc30da53dcbaabacc8a3194d0b2c1286a2998f796e923a9ffdd38573b6c921589 [3melapsed[0m[2m=[0m107.541µs
[2m2026-09-23T16:40:31.045222Z[0m [32m INFO[0m [2mreth_node_events::node[0m[2m:[0m Block added to canonical chain [3mnumber[0m[2m=[0m43 [3mhash[0m[2m=[0m0x9695fcb150da367fbb2a9962f4b49037059d36d106f36cddbed99572cd4fb84d [3mpeers[0m[2m=[0m0 [3mtxs[0m[2m=[0m0 [3mgas_used[0m[2m=[0m110.48Kgas [3mgas_throughput[0m[2m=[0m3.09Mgas/second [3mgas_limit[0m[2m=[0m30.00Mgas [3mfull[0m[2m=[0m0.4% [3mbase_fee[0m[2m=[0m0.00Gwei [3mblobs[0m[2m=[0m0 [3mexcess_blobs[0m[2m=[0m0 [3melapsed[0m[2m=[0m35.794857ms
[2m2026-09-23T16:40:32.047790Z[0m [32m INFO[0m [2mreth::cli[0m[2m:[0m Status [3mconnected_peers[0m[2m=[0m0 [3mlatest_block[0m[2m=[0m42
[2m2026-09-23T16:40:33.032023Z[0m [32m INFO[0m [2mreth_node_events::node[0m[2m:[0m Canonical chain committed [3mnumber[0m[2m=[0m43 [3mhash[0m[2m=[0m0x9695fcb150da367fbb2a9962f4b49037059d36d106f36cddbed99572cd4fb84d [3melapsed[0m[2m=[0m19.581µs
[2m2026-09-23T16:40:33.068661Z[0m [32m INFO[0m [2mreth_node_events::node[0m[2m:[0m Forkchoice updated [3mhead_block_hash[0m[2m=[0m0x9695fcb150da367fbb2a9962f4b49037059d36d106f36cddbed99572cd4fb84d [3msafe_block_hash[0m[2m=[0m0x9695fcb150da367fbb2a9962f4b49037059d36d106f36cddbed99572cd4fb84d [3mfinalized_block_hash[0m[2m=[0m0x9695fcb150da367fbb2a9962f4b49037059d36d106f36cddbed99572cd4fb84d
[2m2026-09-23T16:40:33.316252Z[0m [32m INFO[0m [2mreth_node_events::node[0m[2m:[0m Received new payload from consensus engine [3mnumber[0m[2m=[0m44 [3mhash[0m[2m=[0m0x0b5a54669e3a91ed838e41c8b86325e5ba65b1e59b4cb24721151ee92dcce293
[2m2026-09-23T16:40:33.317145Z[0m [32m INFO[0m [2mengine::tree::payload_validator[0m[2m:[0m State root job finished [3mstrategy[0m[2m=[0m"sparse-trie" [3mstate_root[0m[2m=[0m0xf3b6b5cf038b570878ed785691069d5ed40c25ae1e93389071174671000b7868 [3melapsed[0m[2m=[0m483.839µs
[2m2026-09-23T16:40:33.375807Z[0m [32m INFO[0m [2mreth_node_events::node[0m[2m:[0m Block added to canonical chain [3mnumber[0m[2m=[0m44 [3mhash[0m[2m=[0m0x0b5a54669e3a91ed838e41c8b86325e5ba65b1e59b4cb24721151ee92dcce293 [3mpeers[0m[2m=[0m0 [3mtxs[0m[2m=[0m0 [3mgas_used[0m[2m=[0m110.48Kgas [3mgas_throughput[0m[2m=[0m1.86Mgas/second [3mgas_limit[0m[2m=[0m30.00Mgas [3mfull[0m[2m=[0m0.4% [3mbase_fee[0m[2m=[0m0.00Gwei [3mblobs[0m[2m=[0m0 [3mexcess_blobs[0m[2m=[0m0 [3melapsed[0m[2m=[0m59.54469ms
[2m2026-09-23T16:40:35.370632Z[0m [32m INFO[0m [2mreth_node_events::node[0m[2m:[0m Canonical chain committed [3mnumber[0m[2m=[0m44 [3mhash[0m[2m=[0m0x0b5a54669e3a91ed838e41c8b86325e5ba65b1e59b4cb24721151ee92dcce293 [3melapsed[0m[2m=[0m27.811µs
[2m2026-09-23T16:40:35.407093Z[0m [32m INFO[0m [2mreth_node_events::node[0m[2m:[0m Forkchoice updated [3mhead_block_hash[0m[2m=[0m0x0b5a54669e3a91ed838e41c8b86325e5ba65b1e59b4cb24721151ee92dcce293 [3msafe_block_hash[0m[2m=[0m0x0b5a54669e3a91ed838e41c8b86325e5ba65b1e59b4cb24721151ee92dcce293 [3mfinalized_block_hash[0m[2m=[0m0x0b5a54669e3a91ed838e41c8b86325e5ba65b1e59b4cb24721151ee92dcce293
[2m2026-09-23T16:40:35.560677Z[0m [32m INFO[0m [2mreth_node_events::node[0m[2m:[0m Received new payload from consensus engine [3mnumber[0m[2m=[0m45 [3mhash[0m[2m=[0m0x80c38eb75a52e11b6360ad9ff1d05faa2f7c37523c387b2401e5d592a7430a57
[2m2026-09-23T16:40:35.561302Z[0m [32m INFO[0m [2mengine::tree::payload_validator[0m[2m:[0m State root job finished [3mstrategy[0m[2m=[0m"sparse-trie" [3mstate_root[0m[2m=[0m0xa0d24938861e76c8b4b69d229d6321c07d861068eda4eca38d953e5433cac2c1 [3melapsed[0m[2m=[0m215.039µs
[2m2026-09-23T16:40:35.618363Z[0m [32m INFO[0m [2mreth_node_events::node[0m[2m:[0m Block added to canonical chain [3mnumber[0m[2m=[0m45 [3mhash[0m[2m=[0m0x80c38eb75a52e11b6360ad9ff1d05faa2f7c37523c387b2401e5d592a7430a57 [3mpeers[0m[2m=[0m0 [3mtxs[0m[2m=[0m0 [3mgas_used[0m[2m=[0m110.48Kgas [3mgas_throughput[0m[2m=[0m1.92Mgas/second [3mgas_limit[0m[2m=[0m30.00Mgas [3mfull[0m[2m=[0m0.4% [3mbase_fee[0m[2m=[0m0.00Gwei [3mblobs[0m[2m=[0m0 [3mexcess_blobs[0m[2m=[0m0 [3melapsed[0m[2m=[0m57.535597ms
[2m2026-09-23T16:40:37.541082Z[0m [32m INFO[0m [2mreth_node_events::node[0m[2m:[0m Canonical chain committed [3mnumber[0m[2m=[0m45 [3mhash[0m[2m=[0m0x80c38eb75a52e11b6360ad9ff1d05faa2f7c37523c387b2401e5d592a7430a57 [3melapsed[0m[2m=[0m21.06µs
[2m2026-09-23T16:40:37.598813Z[0m [32m INFO[0m [2mreth_node_events::node[0m[2m:[0m Forkchoice updated [3mhead_block_hash[0m[2m=[0m0x80c38eb75a52e11b6360ad9ff1d05faa2f7c37523c387b2401e5d592a7430a57 [3msafe_block_hash[0m[2m=[0m0x80c38eb75a52e11b6360ad9ff1d05faa2f7c37523c387b2401e5d592a7430a57 [3mfinalized_block_hash[0m[2m=[0m0x80c38eb75a52e11b6360ad9ff1d05faa2f7c37523c387b2401e5d592a7430a57
[2m2026-09-23T16:40:37.600395Z[0m [32m INFO[0m [2mpayload_builder[0m[2m:[0m New payload job created [3mid[0m[2m=[0m0x39443f9652c7c928 [3mparent[0m[2m=[0m0x80c38eb75a52e11b6360ad9ff1d05faa2f7c37523c387b2401e5d592a7430a57
[2m2026-09-23T16:40:37.753349Z[0m [32m INFO[0m [2mreth_node_events::node[0m[2m:[0m Received new payload from consensus engine [3mnumber[0m[2m=[0m46 [3mhash[0m[2m=[0m0xccc9608f72b1ec4fb6e54003f6b53de8d0e341f5a9a9a4928fd4f13e534ca475
[2m2026-09-23T16:40:37.753833Z[0m [32m INFO[0m [2mengine::tree::payload_validator[0m[2m:[0m State root job finished [3mstrategy[0m[2m=[0m"sparse-trie" [3mstate_root[0m[2m=[0m0x57b28934fad1e672e0b1dc5c3bee89e8248e98298807b4df480aef2cdeee0ec5 [3melapsed[0m[2m=[0m82.661µs
[2m2026-09-23T16:40:37.809938Z[0m [32m INFO[0m [2mreth_node_events::node[0m[2m:[0m Block added to canonical chain [3mnumber[0m[2m=[0m46 [3mhash[0m[2m=[0m0xccc9608f72b1ec4fb6e54003f6b53de8d0e341f5a9a9a4928fd4f13e534ca475 [3mpeers[0m[2m=[0m0 [3mtxs[0m[2m=[0m0 [3mgas_used[0m[2m=[0m110.48Kgas [3mgas_throughput[0m[2m=[0m1.95Mgas/second [3mgas_limit[0m[2m=[0m30.00Mgas [3mfull[0m[2m=[0m0.4% [3mbase_fee[0m[2m=[0m0.00Gwei [3mblobs[0m[2m=[0m0 [3mexcess_blobs[0m[2m=[0m0 [3melapsed[0m[2m=[0m56.52384ms
[2m2026-09-23T16:40:39.725933Z[0m [32m INFO[0m [2mreth_node_events::node[0m[2m:[0m Canonical chain committed [3mnumber[0m[2m=[0m46 [3mhash[0m[2m=[0m0xccc9608f72b1ec4fb6e54003f6b53de8d0e341f5a9a9a4928fd4f13e534ca475 [3melapsed[0m[2m=[0m19.252µs
[2m2026-09-23T16:40:39.762392Z[0m [32m INFO[0m [2mreth_node_events::node[0m[2m:[0m Forkchoice updated [3mhead_block_hash[0m[2m=[0m0xccc9608f72b1ec4fb6e54003f6b53de8d0e341f5a9a9a4928fd4f13e534ca475 [3msafe_block_hash[0m[2m=[0m0xccc9608f72b1ec4fb6e54003f6b53de8d0e341f5a9a9a4928fd4f13e534ca475 [3mfinalized_block_hash[0m[2m=[0m0xccc9608f72b1ec4fb6e54003f6b53de8d0e341f5a9a9a4928fd4f13e534ca475
[2m2026-09-23T16:40:39.763378Z[0m [32m INFO[0m [2mpayload_builder[0m[2m:[0m New payload job created [3mid[0m[2m=[0m0x66ecd51b971a9b92 [3mparent[0m[2m=[0m0xccc9608f72b1ec4fb6e54003f6b53de8d0e341f5a9a9a4928fd4f13e534ca475
[2m2026-09-23T16:40:39.917466Z[0m [32m INFO[0m [2mreth_node_events::node[0m[2m:[0m Received new payload from consensus engine [3mnumber[0m[2m=[0m47 [3mhash[0m[2m=[0m0x937805f1d014b5b93c783fe6f14d2a28e1a937ca77ac8a297c3f455ea404f134
[2m2026-09-23T16:40:39.917875Z[0m [32m INFO[0m [2mengine::tree::payload_validator[0m[2m:[0m State root job finished [3mstrategy[0m[2m=[0m"sparse-trie" [3mstate_root[0m[2m=[0m0xbaff5686475399edfe181a0c22b8e643243a56b13833d4abaa85cb0f116cde48 [3melapsed[0m[2m=[0m64.83µs
[2m2026-09-23T16:40:39.952705Z[0m [32m INFO[0m [2mreth_node_events::node[0m[2m:[0m Block added to canonical chain [3mnumber[0m[2m=[0m47 [3mhash[0m[2m=[0m0x937805f1d014b5b93c783fe6f14d2a28e1a937ca77ac8a297c3f455ea404f134 [3mpeers[0m[2m=[0m0 [3mtxs[0m[2m=[0m0 [3mgas_used[0m[2m=[0m110.48Kgas [3mgas_throughput[0m[2m=[0m3.14Mgas/second [3mgas_limit[0m[2m=[0m30.00Mgas [3mfull[0m[2m=[0m0.4% [3mbase_fee[0m[2m=[0m0.00Gwei [3mblobs[0m[2m=[0m0 [3mexcess_blobs[0m[2m=[0m0 [3melapsed[0m[2m=[0m35.189531ms
[2m2026-09-23T16:40:42.438985Z[0m [32m INFO[0m [2mreth_node_events::node[0m[2m:[0m Canonical chain committed [3mnumber[0m[2m=[0m47 [3mhash[0m[2m=[0m0x937805f1d014b5b93c783fe6f14d2a28e1a937ca77ac8a297c3f455ea404f134 [3melapsed[0m[2m=[0m28.565µs
[2m2026-09-23T16:40:42.475045Z[0m [32m INFO[0m [2mreth_node_events::node[0m[2m:[0m Forkchoice updated [3mhead_block_hash[0m[2m=[0m0x937805f1d014b5b93c783fe6f14d2a28e1a937ca77ac8a297c3f455ea404f134 [3msafe_block_hash[0m[2m=[0m0x937805f1d014b5b93c783fe6f14d2a28e1a937ca77ac8a297c3f455ea404f134 [3mfinalized_block_hash[0m[2m=[0m0x937805f1d014b5b93c783fe6f14d2a28e1a937ca77ac8a297c3f455ea404f134
[2m2026-09-23T16:40:42.476405Z[0m [32m INFO[0m [2mpayload_builder[0m[2m:[0m New payload job created [3mid[0m[2m=[0m0x0429d54ee319f982 [3mparent[0m[2m=[0m0x937805f1d014b5b93c783fe6f14d2a28e1a937ca77ac8a297c3f455ea404f134
[2m2026-09-23T16:40:42.616166Z[0m [32m INFO[0m [2mreth_node_events::node[0m[2m:[0m Received new payload from consensus engine [3mnumber[0m[2m=[0m48 [3mhash[0m[2m=[0m0x8beff2f30a3cbf0d56e38a9e465249f41ac60949db40a679581670cb3c3d5648
[2m2026-09-23T16:40:42.617436Z[0m [32m INFO[0m [2mengine::tree::payload_validator[0m[2m:[0m State root job finished [3mstrategy[0m[2m=[0m"sparse-trie" [3mstate_root[0m[2m=[0m0x18d4591a6853cd857e1d4d5aca2f82c2dbe4e0b17f828ca01eb0b43ddd6d4980 [3melapsed[0m[2m=[0m2.729µs
[2m2026-09-23T16:40:42.649894Z[0m [32m INFO[0m [2mreth_node_events::node[0m[2m:[0m Block added to canonical chain [3mnumber[0m[2m=[0m48 [3mhash[0m[2m=[0m0x8beff2f30a3cbf0d56e38a9e465249f41ac60949db40a679581670cb3c3d5648 [3mpeers[0m[2m=[0m0 [3mtxs[0m[2m=[0m0 [3mgas_used[0m[2m=[0m110.48Kgas [3mgas_throughput[0m[2m=[0m3.29Mgas/second [3mgas_limit[0m[2m=[0m30.00Mgas [3mfull[0m[2m=[0m0.4% [3mbase_fee[0m[2m=[0m0.00Gwei [3mblobs[0m[2m=[0m0 [3mexcess_blobs[0m[2m=[0m0 [3melapsed[0m[2m=[0m33.619535ms
[2m2026-09-23T16:40:44.523350Z[0m [32m INFO[0m [2mreth_node_events::node[0m[2m:[0m Canonical chain committed [3mnumber[0m[2m=[0m48 [3mhash[0m[2m=[0m0x8beff2f30a3cbf0d56e38a9e465249f41ac60949db40a679581670cb3c3d5648 [3melapsed[0m[2m=[0m21.76µs
[2m2026-09-23T16:40:44.548368Z[0m [32m INFO[0m [2mreth_node_events::node[0m[2m:[0m Forkchoice updated [3mhead_block_hash[0m[2m=[0m0x8beff2f30a3cbf0d56e38a9e465249f41ac60949db40a679581670cb3c3d5648 [3msafe_block_hash[0m[2m=[0m0x8beff2f30a3cbf0d56e38a9e465249f41ac60949db40a679581670cb3c3d5648 [3mfinalized_block_hash[0m[2m=[0m0x8beff2f30a3cbf0d56e38a9e465249f41ac60949db40a679581670cb3c3d5648
./scripts/reth-paired-devnet.sh: line 643: syntax error near unexpected token `do'
./scripts/reth-paired-devnet.sh: line 643: `(seq 1 "$validators"); do'
D2C[proof-outage] EXPECTED-FAIL(proof fault was injected/restored; stalled before height 7; heads=[6, 48, 48, 48])
