ureth engine.persistence-threshold=64 blocks (D2C replay visibility)
ureth-pin: verified /Users/risto/uni/agre/ureth/target/release/unicity-reth reports the pinned commit 32e1f2fc769dfeddc18dce600e82331c8ed6279e
bft source commit=f9254d9811e65562f5e69ff6c7e21724a0ef2e86
ureth source commit=32e1f2fc769dfeddc18dce600e82331c8ed6279e binary sha256=112234b775cf674c253e603a5d095634ce6aea88143451a1d459156dca6fd936
registry artifact sha256=56b21b59e7a67e5d5113283e5b9b44279f02e95abb0a7a3dbed0478c876e61a9
=== 1. generate the shard topology and chain spec ===
generated genesis sha256=cd2b7e317da12e38c53df46c62b4417da7e2b26c122edb9823af3e0a4f5a1f5a
funded genesis source sha256=6c5eaefe3da6f5751ae1106273327db1931936d34761879c19032bdb3e863dfa
wrote test-nodes/evm-genesis-finalized-funded.json (chainId=31337, shanghai+cancun at genesis, registry account at 0xff00000000000000000000000000000000000002)
wrote test-nodes/evm-full-shard-conf-v2.json (full shard configuration)
full shard conf hash:       0xcce8377234186922f444e20d8bdc7bb525b46893da3ff05af67f0e9fb9cce634
state root:                 0x4e113e297f80deffd0e9fd6c70b48e3717d8f11c0d2d641a399ee166a6e43cac
block hash:                 0x2fcaeeefd2cb5b24f005c10be395b47827ba6467b7acdc0285f7db8ede81eef2
execution config identity:  0x789e09cf2fe624921fc5cc0680ab81af67198403770a0edad001cacee5b63104
origin identity:            0x2081d6afc7c462624eab281178cc4e28797f8379a1b3da4a2239a2af1cea70fa
finalized funded genesis sha256=e02ad3d02180f0cb091c6adbdc9ddd99e6f64a9798a5d3f80486ed98711dcf62
enrolled 4 independent signing authorities against the full shard configuration

=== 2. start one reth per validator on that chain spec ===
  PASS: all 4 reth instances are up on the shard's generated chain spec
  PASS: reth instances statically peered

=== 3. doctor preflight detects chainId mismatch and unreachable Engine API ===
D2C mode: skipping unrelated startup negatives; the execution lane starts in section 4

=== 4. configure the checked v2 origin and seed the block-1 transaction ===
  paid nonce 0 hash=0x7ea8b9b57b6e4b7a4cdf2bfbcbb8008a8076ed0a85a0d49d4a5bef2e4ac8afe9 seeded on all 4 reth clients
  paid nonce 1 hash=0x7126d65f2a9b02fad6e2117696766001181ca1dea65ca23282119276dca599ab seeded on all 4 reth clients
  paid nonce 2 hash=0xcbed419397f5dfbf48bd0e96c102dc0f8f6ad116ab56874e5d5cc7f29510c329 seeded on all 4 reth clients
  PASS: seeded three paid user transactions in every reth mempool before block 1

=== 5. the v2 bootstrap certifies a real EVM block 1 ===
waiting for block 1 and a certificate (up to 180s) ...
  PASS: real reth executed 0x7ea8b9b57b6e4b7a4cdf2bfbcbb8008a8076ed0a85a0d49d4a5bef2e4ac8afe9 in certified v2 block 1

=== 6. D1 continuous certified execution through block 10 ===
timing: witness attempt=400ms episode=500ms, T2=5000ms, proof window=64 blocks
height hash parent stateRoot commitment txs heads partitionRound rootRound elapsed_s
1 0xc5820f83b4f1fab2786bfb92430bf6c496140437b3f53223de6e264b20a20c17 0x2fcaeeefd2cb5b24f005c10be395b47827ba6467b7acdc0285f7db8ede81eef2 0x63f40bf198b7b50aa45a8f13915df05edadd28e7df19b55235a11fba7ca7d987 0xbbfe0bdb53a0722fe6324de43284593730e039e42c668d4b26f4c5e787632f8b 3 1,1,1,1 4 43 0.035
v2 B1 bytes=8b020308418004000058202fcaeeefd2cb5b24f005c10be395b47827ba6467b7acdc0285f7db8ede81eef288031827011a6ab3fe2f582059d3e35de0d3c04e60aeb4fe2a619e59678eaf81570fbcbbffc5c1201d8a429d860000f6f600f658201a637f9c02f10964827b54ec18681920fb599f1f39c6e1bf460ed2a3f602a71d5820cce8377234186922f444e20d8bdc7bb525b46893da3ff05af67f0e9fb9cce634850400783531365569753248416d366d4a70784b41455752616b474e746555553370384571715046624a4a3958704c52336f50704c6e586e7258582024ee26f4aa45485f53aab47757d0b97199a3d95f50cb979c383b7e5024f921ff5820dfc238a4eea3921380a53cec508be2a5491055e9bc5e7c824846aa33d23005c980 (same on all four validators)
2 0xe815942561d79e489a42682cc739e1c0bba28b91cd7cf2e91ecfc8770a43fd60 0xc5820f83b4f1fab2786bfb92430bf6c496140437b3f53223de6e264b20a20c17 0xc69dcc7e45e0049b2fb9fc15480a71a23af26fd9b0e289c9731af57cdd43284e 0xed84df10acd909160b1da12ff2704a082f38b0ffc1a68f0165ee0f1d38bdb3fe 0 2,2,2,2 5 46 0.552
v2 B2 bytes=8b02030841800500005820c5820f83b4f1fab2786bfb92430bf6c496140437b3f53223de6e264b20a20c178803182b011a6ab3fe3258204e79bdd1696ccc6616d7e50d0d23faf67425aafdb70d2fda9e25498299b4d86b860400f6582063f40bf198b7b50aa45a8f13915df05edadd28e7df19b55235a11fba7ca7d9871a6ab3fe2f5820c5820f83b4f1fab2786bfb92430bf6c496140437b3f53223de6e264b20a20c17582079dee285b8b133190719ce2479dac04443ea53192ced0eaf358bed33032fb8035820cce8377234186922f444e20d8bdc7bb525b46893da3ff05af67f0e9fb9cce634850500783531365569753248416d366d4a70784b41455752616b474e746555553370384571715046624a4a3958704c52336f50704c6e586e72585820f9a491e461c1646fbec0508060b2d1d95bd81b1d8898ae5f17a4a0205d5a99f85820dfc238a4eea3921380a53cec508be2a5491055e9bc5e7c824846aa33d23005c980 (same on all four validators)
3 0xf66cf9fe35a09996cab6eaa54c559012a08564f47caacb84c64aad716743f28c 0xe815942561d79e489a42682cc739e1c0bba28b91cd7cf2e91ecfc8770a43fd60 0x376b7b26405bab3d5b64befc8bf2a182d8c88c97667136445e06567839d3e236 0xff2d4b3074387bd8ed0c0b8388ecce33a1b42faa9f36494a9e754a3f6d2588e0 0 3,3,3,3 6 49 3.119
v2 B3 bytes=8b02030841800600005820e815942561d79e489a42682cc739e1c0bba28b91cd7cf2e91ecfc8770a43fd608803182e011a6ab3fe345820639473b1a8858a0bffe9573696b71735b86753db2a515e186a42898c614e9150860500582063f40bf198b7b50aa45a8f13915df05edadd28e7df19b55235a11fba7ca7d9875820c69dcc7e45e0049b2fb9fc15480a71a23af26fd9b0e289c9731af57cdd43284e1a6ab3fe325820e815942561d79e489a42682cc739e1c0bba28b91cd7cf2e91ecfc8770a43fd605820ce04d2873fb6c5c21e27233ffa5d02ba1830201408a9c10ffc6934948c67ea7c5820cce8377234186922f444e20d8bdc7bb525b46893da3ff05af67f0e9fb9cce634850600783531365569753248416d366d4a70784b41455752616b474e746555553370384571715046624a4a3958704c52336f50704c6e586e725858203550e72d57446df75d02c477acd02561ade1cd1d541d4167ff42b0d4fa4b5b4a5820dfc238a4eea3921380a53cec508be2a5491055e9bc5e7c824846aa33d23005c980 (same on all four validators)
4 0xc96d2760fba053606d1acea281aa7eaf09bc4eff1e9c67c5fcbf959deb6d2f67 0xf66cf9fe35a09996cab6eaa54c559012a08564f47caacb84c64aad716743f28c 0x96a8ea944311f0117476dc795bb122fab08ecf91fbe61d734a77f5b759e0cfed 0x4fbe33b0d057853ccebd742c8deaa1a02517a9229288a883df3e263c58963e46 0 4,4,4,4 7 52 5.676
v2 B4 bytes=8b02030841800700005820f66cf9fe35a09996cab6eaa54c559012a08564f47caacb84c64aad716743f28c88031831011a6ab3fe3658206008cfbcbf5c42804cf3b364a183598c0385e79c3ec77a4c903ad201dbb750218606005820c69dcc7e45e0049b2fb9fc15480a71a23af26fd9b0e289c9731af57cdd43284e5820376b7b26405bab3d5b64befc8bf2a182d8c88c97667136445e06567839d3e2361a6ab3fe345820f66cf9fe35a09996cab6eaa54c559012a08564f47caacb84c64aad716743f28c582053b4707064033880ba57512e3616be3ef991eaa7ac47c872ff196a5a9516c72b5820cce8377234186922f444e20d8bdc7bb525b46893da3ff05af67f0e9fb9cce634850700783531365569753248416d4573774e68314562634c6f476f37786f6442786a35466e696362646f3643703763576d4c39776169576f4c345820df138922fe56eb9f0fee32c478a628c4949c828c676c81bfa28da37bcc2301b55820dfc238a4eea3921380a53cec508be2a5491055e9bc5e7c824846aa33d23005c980 (same on all four validators)
5 0x49eb2f18a3783ff788995fffb08b554962c45b9de6516354089b6eec0935a93c 0xc96d2760fba053606d1acea281aa7eaf09bc4eff1e9c67c5fcbf959deb6d2f67 0x6b453061b7bf3e1df02ddf0604e16c509a1855584331f9e555f08eca809f1ca2 0x0b9f1c8d06076bf3fbb8740f9641722374ac0b4ef30e6cc907c6d59eed8fdef1 0 5,5,5,5 8 56 7.749
v2 B5 bytes=8b02030841800800005820c96d2760fba053606d1acea281aa7eaf09bc4eff1e9c67c5fcbf959deb6d2f6788031834011a6ab3fe395820e975dea206b913a8b806a9acbd5b7ad85b8d27720eada710aac1f7e307a540ad8607005820376b7b26405bab3d5b64befc8bf2a182d8c88c97667136445e06567839d3e236582096a8ea944311f0117476dc795bb122fab08ecf91fbe61d734a77f5b759e0cfed1a6ab3fe365820c96d2760fba053606d1acea281aa7eaf09bc4eff1e9c67c5fcbf959deb6d2f67582040e3a3cec8e26fa045cb22335cfbea6147223b10789beae79cbd78e7863b238d5820cce8377234186922f444e20d8bdc7bb525b46893da3ff05af67f0e9fb9cce634850800783531365569753248416d4573774e68314562634c6f476f37786f6442786a35466e696362646f3643703763576d4c39776169576f4c34582070aea2a70153f34fb875c16c8a8a529b5b6ea81b75116571c9990e665b7b55bd5820dfc238a4eea3921380a53cec508be2a5491055e9bc5e7c824846aa33d23005c980 (same on all four validators)
D2C[pair-term] FAIL(injection/relaunch error: Command '['python3', 'scripts/d2c-fault-control.py', 'pair-term', '5', '8']' returned non-zero exit status 1.)
  FAIL: D1 continuous block observation failed
--- evm1 at stall ---
time=2026-09-23T19:28:02.4420+0300 level=INFO source=/Users/risto/uni/agre/bft-core-d2h/shardnode/trustbase.go:46 msg="loaded trust base" epoch=1 rootNodes=3 go_id=1
time=2026-09-23T19:28:02.4568+0300 level=INFO source=/Users/risto/uni/agre/bft-core-d2h/cli/ubft/cmd/shard_node_run.go:664 msg="local parent witness acquisition enabled" maxAttempts=1 overall=500ms perAttempt=400ms maxDownloadedBytes=1228800 backoff=100ms go_id=1
time=2026-09-23T19:28:02.4570+0300 level=INFO source=/Users/risto/uni/agre/bft-core-d2h/cli/ubft/cmd/shard_node_run.go:285 msg="configured genesis origin" originIdentity=0x2081d6afc7c462624eab281178cc4e28797f8379a1b3da4a2239a2af1cea70fa genesisBlockHash=0x2fcaeeefd2cb5b24f005c10be395b47827ba6467b7acdc0285f7db8ede81eef2 stateRoot=0x4e113e297f80deffd0e9fd6c70b48e3717d8f11c0d2d641a399ee166a6e43cac fullShardConfHash=0xcce8377234186922f444e20d8bdc7bb525b46893da3ff05af67f0e9fb9cce634 go_id=1
time=2026-09-23T19:28:03.4610+0300 level=INFO source=/Users/risto/uni/agre/bft-core-d2h/cli/ubft/cmd/shard_node_run.go:375 msg="shard node starting" nodeID=16Uiu2HAmEswNh1EbcLoGo7xodBxj5Fnicbdo6Cp7cWmL9waiWoL4 partitionID=00000008 executor=engine-api t2Timeout=5s leaderAwaitTimeout=2.5s certificationSigning="signing authority at test-nodes/auth1/client.sock, key fingerprint 7aaa0bc84d55c763c708af3e882953b31629688ad5d2b50dbad0c49d33decf97" go_id=1
time=2026-09-23T19:28:33.4646+0300 level=WARN source=/Users/risto/uni/agre/bft-core-d2h/shardnode/bftclient.go:348 msg="inactivity timeout exceeded, re-sending handshake" go_id=425
time=2026-09-23T19:28:33.4659+0300 level=INFO source=/Users/risto/uni/agre/bft-core-d2h/shardnode/bftclient.go:750 msg="accepted certificate" class=valid retryOfFailedApply=false partitionRound=0 rootRound=39 blockHash="" nextRound=4 nextLeader=16Uiu2HAm6mJpxKAEWRakGNteUU3p8EqqPFbJJ9XpLR3oPpLnXnrX go_id=425
time=2026-09-23T19:28:33.9903+0300 level=INFO source=/Users/risto/uni/agre/bft-core-d2h/engineapi/adapter.go:601 msg="verified execution payload" round=4 blockHash=c5820f83b4f1fab2786bfb92430bf6c496140437b3f53223de6e264b20a20c17 status=VALID rootInput=8b020308418004000058202fcaeeefd2cb5b24f005c10be395b47827ba6467b7acdc0285f7db8ede81eef288031827011a6ab3fe2f582059d3e35de0d3c04e60aeb4fe2a619e59678eaf81570fbcbbffc5c1201d8a429d860000f6f600f658201a637f9c02f10964827b54ec18681920fb599f1f39c6e1bf460ed2a3f602a71d5820cce8377234186922f444e20d8bdc7bb525b46893da3ff05af67f0e9fb9cce634850400783531365569753248416d366d4a70784b41455752616b474e746555553370384571715046624a4a3958704c52336f50704c6e586e7258582024ee26f4aa45485f53aab47757d0b97199a3d95f50cb979c383b7e5024f921ff5820dfc238a4eea3921380a53cec508be2a5491055e9bc5e7c824846aa33d23005c980 commitment=bbfe0bdb53a0722fe6324de43284593730e039e42c668d4b26f4c5e787632f8b go_id=425
time=2026-09-23T19:28:34.0144+0300 level=INFO source=/Users/risto/uni/agre/bft-core-d2h/shardnode/round.go:894 msg="submitting block certification request" round=4 quiet=false leader=false go_id=425
time=2026-09-23T19:28:35.6970+0300 level=INFO source=/Users/risto/uni/agre/bft-core-d2h/shardnode/bftclient.go:750 msg="accepted certificate" class=valid retryOfFailedApply=false partitionRound=4 rootRound=43 blockHash=c5820f83b4f1fab2786bfb92430bf6c496140437b3f53223de6e264b20a20c17 nextRound=5 nextLeader=16Uiu2HAm6mJpxKAEWRakGNteUU3p8EqqPFbJJ9XpLR3oPpLnXnrX go_id=425
time=2026-09-23T19:28:35.9692+0300 level=INFO source=/Users/risto/uni/agre/bft-core-d2h/engineapi/adapter.go:349 msg="acquired certified parent registry witness" round=5 parentNumber=1 parentHash=c5820f83b4f1fab2786bfb92430bf6c496140437b3f53223de6e264b20a20c17 go_id=425
time=2026-09-23T19:28:36.1248+0300 level=INFO source=/Users/risto/uni/agre/bft-core-d2h/engineapi/adapter.go:601 msg="verified execution payload" round=5 blockHash=e815942561d79e489a42682cc739e1c0bba28b91cd7cf2e91ecfc8770a43fd60 status=VALID rootInput=8b02030841800500005820c5820f83b4f1fab2786bfb92430bf6c496140437b3f53223de6e264b20a20c178803182b011a6ab3fe3258204e79bdd1696ccc6616d7e50d0d23faf67425aafdb70d2fda9e25498299b4d86b860400f6582063f40bf198b7b50aa45a8f13915df05edadd28e7df19b55235a11fba7ca7d9871a6ab3fe2f5820c5820f83b4f1fab2786bfb92430bf6c496140437b3f53223de6e264b20a20c17582079dee285b8b133190719ce2479dac04443ea53192ced0eaf358bed33032fb8035820cce8377234186922f444e20d8bdc7bb525b46893da3ff05af67f0e9fb9cce634850500783531365569753248416d366d4a70784b41455752616b474e746555553370384571715046624a4a3958704c52336f50704c6e586e72585820f9a491e461c1646fbec0508060b2d1d95bd81b1d8898ae5f17a4a0205d5a99f85820dfc238a4eea3921380a53cec508be2a5491055e9bc5e7c824846aa33d23005c980 commitment=ed84df10acd909160b1da12ff2704a082f38b0ffc1a68f0165ee0f1d38bdb3fe go_id=425
time=2026-09-23T19:28:36.1640+0300 level=INFO source=/Users/risto/uni/agre/bft-core-d2h/shardnode/round.go:894 msg="submitting block certification request" round=5 quiet=false leader=false go_id=425
time=2026-09-23T19:28:37.9557+0300 level=INFO source=/Users/risto/uni/agre/bft-core-d2h/shardnode/bftclient.go:750 msg="accepted certificate" class=valid retryOfFailedApply=false partitionRound=5 rootRound=46 blockHash=e815942561d79e489a42682cc739e1c0bba28b91cd7cf2e91ecfc8770a43fd60 nextRound=6 nextLeader=16Uiu2HAm6mJpxKAEWRakGNteUU3p8EqqPFbJJ9XpLR3oPpLnXnrX go_id=425
time=2026-09-23T19:28:38.2201+0300 level=INFO source=/Users/risto/uni/agre/bft-core-d2h/engineapi/adapter.go:349 msg="acquired certified parent registry witness" round=6 parentNumber=2 parentHash=e815942561d79e489a42682cc739e1c0bba28b91cd7cf2e91ecfc8770a43fd60 go_id=425
time=2026-09-23T19:28:38.4113+0300 level=INFO source=/Users/risto/uni/agre/bft-core-d2h/engineapi/adapter.go:601 msg="verified execution payload" round=6 blockHash=f66cf9fe35a09996cab6eaa54c559012a08564f47caacb84c64aad716743f28c status=VALID rootInput=8b02030841800600005820e815942561d79e489a42682cc739e1c0bba28b91cd7cf2e91ecfc8770a43fd608803182e011a6ab3fe345820639473b1a8858a0bffe9573696b71735b86753db2a515e186a42898c614e9150860500582063f40bf198b7b50aa45a8f13915df05edadd28e7df19b55235a11fba7ca7d9875820c69dcc7e45e0049b2fb9fc15480a71a23af26fd9b0e289c9731af57cdd43284e1a6ab3fe325820e815942561d79e489a42682cc739e1c0bba28b91cd7cf2e91ecfc8770a43fd605820ce04d2873fb6c5c21e27233ffa5d02ba1830201408a9c10ffc6934948c67ea7c5820cce8377234186922f444e20d8bdc7bb525b46893da3ff05af67f0e9fb9cce634850600783531365569753248416d366d4a70784b41455752616b474e746555553370384571715046624a4a3958704c52336f50704c6e586e725858203550e72d57446df75d02c477acd02561ade1cd1d541d4167ff42b0d4fa4b5b4a5820dfc238a4eea3921380a53cec508be2a5491055e9bc5e7c824846aa33d23005c980 commitment=ff2d4b3074387bd8ed0c0b8388ecce33a1b42faa9f36494a9e754a3f6d2588e0 go_id=425
time=2026-09-23T19:28:38.4947+0300 level=INFO source=/Users/risto/uni/agre/bft-core-d2h/shardnode/round.go:894 msg="submitting block certification request" round=6 quiet=false leader=false go_id=425
time=2026-09-23T19:28:40.1835+0300 level=INFO source=/Users/risto/uni/agre/bft-core-d2h/shardnode/bftclient.go:750 msg="accepted certificate" class=valid retryOfFailedApply=false partitionRound=6 rootRound=49 blockHash=f66cf9fe35a09996cab6eaa54c559012a08564f47caacb84c64aad716743f28c nextRound=7 nextLeader=16Uiu2HAmEswNh1EbcLoGo7xodBxj5Fnicbdo6Cp7cWmL9waiWoL4 go_id=425
time=2026-09-23T19:28:40.2257+0300 level=INFO source=/Users/risto/uni/agre/bft-core-d2h/engineapi/adapter.go:349 msg="acquired certified parent registry witness" round=7 parentNumber=3 parentHash=f66cf9fe35a09996cab6eaa54c559012a08564f47caacb84c64aad716743f28c go_id=425
time=2026-09-23T19:28:40.4433+0300 level=INFO source=/Users/risto/uni/agre/bft-core-d2h/engineapi/adapter.go:461 msg="sealed execution payload" blockHash=c96d2760fba053606d1acea281aa7eaf09bc4eff1e9c67c5fcbf959deb6d2f67 parentHash=f66cf9fe35a09996cab6eaa54c559012a08564f47caacb84c64aad716743f28c userTransactions=0 rootInput=8b02030841800700005820f66cf9fe35a09996cab6eaa54c559012a08564f47caacb84c64aad716743f28c88031831011a6ab3fe3658206008cfbcbf5c42804cf3b364a183598c0385e79c3ec77a4c903ad201dbb750218606005820c69dcc7e45e0049b2fb9fc15480a71a23af26fd9b0e289c9731af57cdd43284e5820376b7b26405bab3d5b64befc8bf2a182d8c88c97667136445e06567839d3e2361a6ab3fe345820f66cf9fe35a09996cab6eaa54c559012a08564f47caacb84c64aad716743f28c582053b4707064033880ba57512e3616be3ef991eaa7ac47c872ff196a5a9516c72b5820cce8377234186922f444e20d8bdc7bb525b46893da3ff05af67f0e9fb9cce634850700783531365569753248416d4573774e68314562634c6f476f37786f6442786a35466e696362646f3643703763576d4c39776169576f4c345820df138922fe56eb9f0fee32c478a628c4949c828c676c81bfa28da37bcc2301b55820dfc238a4eea3921380a53cec508be2a5491055e9bc5e7c824846aa33d23005c980 commitment=4fbe33b0d057853ccebd742c8deaa1a02517a9229288a883df3e263c58963e46 go_id=425
time=2026-09-23T19:28:40.4808+0300 level=INFO source=/Users/risto/uni/agre/bft-core-d2h/engineapi/adapter.go:349 msg="acquired certified parent registry witness" round=7 parentNumber=3 parentHash=f66cf9fe35a09996cab6eaa54c559012a08564f47caacb84c64aad716743f28c go_id=425
time=2026-09-23T19:28:40.5639+0300 level=INFO source=/Users/risto/uni/agre/bft-core-d2h/engineapi/adapter.go:601 msg="verified execution payload" round=7 blockHash=c96d2760fba053606d1acea281aa7eaf09bc4eff1e9c67c5fcbf959deb6d2f67 status=VALID rootInput=8b02030841800700005820f66cf9fe35a09996cab6eaa54c559012a08564f47caacb84c64aad716743f28c88031831011a6ab3fe3658206008cfbcbf5c42804cf3b364a183598c0385e79c3ec77a4c903ad201dbb750218606005820c69dcc7e45e0049b2fb9fc15480a71a23af26fd9b0e289c9731af57cdd43284e5820376b7b26405bab3d5b64befc8bf2a182d8c88c97667136445e06567839d3e2361a6ab3fe345820f66cf9fe35a09996cab6eaa54c559012a08564f47caacb84c64aad716743f28c582053b4707064033880ba57512e3616be3ef991eaa7ac47c872ff196a5a9516c72b5820cce8377234186922f444e20d8bdc7bb525b46893da3ff05af67f0e9fb9cce634850700783531365569753248416d4573774e68314562634c6f476f37786f6442786a35466e696362646f3643703763576d4c39776169576f4c345820df138922fe56eb9f0fee32c478a628c4949c828c676c81bfa28da37bcc2301b55820dfc238a4eea3921380a53cec508be2a5491055e9bc5e7c824846aa33d23005c980 commitment=4fbe33b0d057853ccebd742c8deaa1a02517a9229288a883df3e263c58963e46 go_id=425
time=2026-09-23T19:28:40.5872+0300 level=INFO source=/Users/risto/uni/agre/bft-core-d2h/shardnode/round.go:894 msg="submitting block certification request" round=7 quiet=false leader=true go_id=425
time=2026-09-23T19:28:42.7090+0300 level=INFO source=/Users/risto/uni/agre/bft-core-d2h/shardnode/bftclient.go:750 msg="accepted certificate" class=valid retryOfFailedApply=false partitionRound=7 rootRound=52 blockHash=c96d2760fba053606d1acea281aa7eaf09bc4eff1e9c67c5fcbf959deb6d2f67 nextRound=8 nextLeader=16Uiu2HAmEswNh1EbcLoGo7xodBxj5Fnicbdo6Cp7cWmL9waiWoL4 go_id=425
time=2026-09-23T19:28:42.7348+0300 level=INFO source=/Users/risto/uni/agre/bft-core-d2h/engineapi/adapter.go:349 msg="acquired certified parent registry witness" round=8 parentNumber=4 parentHash=c96d2760fba053606d1acea281aa7eaf09bc4eff1e9c67c5fcbf959deb6d2f67 go_id=425
time=2026-09-23T19:28:42.9768+0300 level=INFO source=/Users/risto/uni/agre/bft-core-d2h/engineapi/adapter.go:461 msg="sealed execution payload" blockHash=49eb2f18a3783ff788995fffb08b554962c45b9de6516354089b6eec0935a93c parentHash=c96d2760fba053606d1acea281aa7eaf09bc4eff1e9c67c5fcbf959deb6d2f67 userTransactions=0 rootInput=8b02030841800800005820c96d2760fba053606d1acea281aa7eaf09bc4eff1e9c67c5fcbf959deb6d2f6788031834011a6ab3fe395820e975dea206b913a8b806a9acbd5b7ad85b8d27720eada710aac1f7e307a540ad8607005820376b7b26405bab3d5b64befc8bf2a182d8c88c97667136445e06567839d3e236582096a8ea944311f0117476dc795bb122fab08ecf91fbe61d734a77f5b759e0cfed1a6ab3fe365820c96d2760fba053606d1acea281aa7eaf09bc4eff1e9c67c5fcbf959deb6d2f67582040e3a3cec8e26fa045cb22335cfbea6147223b10789beae79cbd78e7863b238d5820cce8377234186922f444e20d8bdc7bb525b46893da3ff05af67f0e9fb9cce634850800783531365569753248416d4573774e68314562634c6f476f37786f6442786a35466e696362646f3643703763576d4c39776169576f4c34582070aea2a70153f34fb875c16c8a8a529b5b6ea81b75116571c9990e665b7b55bd5820dfc238a4eea3921380a53cec508be2a5491055e9bc5e7c824846aa33d23005c980 commitment=0b9f1c8d06076bf3fbb8740f9641722374ac0b4ef30e6cc907c6d59eed8fdef1 go_id=425
time=2026-09-23T19:28:42.9980+0300 level=INFO source=/Users/risto/uni/agre/bft-core-d2h/engineapi/adapter.go:349 msg="acquired certified parent registry witness" round=8 parentNumber=4 parentHash=c96d2760fba053606d1acea281aa7eaf09bc4eff1e9c67c5fcbf959deb6d2f67 go_id=425
time=2026-09-23T19:28:43.0583+0300 level=INFO source=/Users/risto/uni/agre/bft-core-d2h/engineapi/adapter.go:601 msg="verified execution payload" round=8 blockHash=49eb2f18a3783ff788995fffb08b554962c45b9de6516354089b6eec0935a93c status=VALID rootInput=8b02030841800800005820c96d2760fba053606d1acea281aa7eaf09bc4eff1e9c67c5fcbf959deb6d2f6788031834011a6ab3fe395820e975dea206b913a8b806a9acbd5b7ad85b8d27720eada710aac1f7e307a540ad8607005820376b7b26405bab3d5b64befc8bf2a182d8c88c97667136445e06567839d3e236582096a8ea944311f0117476dc795bb122fab08ecf91fbe61d734a77f5b759e0cfed1a6ab3fe365820c96d2760fba053606d1acea281aa7eaf09bc4eff1e9c67c5fcbf959deb6d2f67582040e3a3cec8e26fa045cb22335cfbea6147223b10789beae79cbd78e7863b238d5820cce8377234186922f444e20d8bdc7bb525b46893da3ff05af67f0e9fb9cce634850800783531365569753248416d4573774e68314562634c6f476f37786f6442786a35466e696362646f3643703763576d4c39776169576f4c34582070aea2a70153f34fb875c16c8a8a529b5b6ea81b75116571c9990e665b7b55bd5820dfc238a4eea3921380a53cec508be2a5491055e9bc5e7c824846aa33d23005c980 commitment=0b9f1c8d06076bf3fbb8740f9641722374ac0b4ef30e6cc907c6d59eed8fdef1 go_id=425
time=2026-09-23T19:28:43.0953+0300 level=INFO source=/Users/risto/uni/agre/bft-core-d2h/shardnode/round.go:894 msg="submitting block certification request" round=8 quiet=false leader=true go_id=425
time=2026-09-23T19:28:45.0746+0300 level=INFO source=/Users/risto/uni/agre/bft-core-d2h/shardnode/bftclient.go:750 msg="accepted certificate" class=valid retryOfFailedApply=false partitionRound=8 rootRound=56 blockHash=49eb2f18a3783ff788995fffb08b554962c45b9de6516354089b6eec0935a93c nextRound=9 nextLeader=16Uiu2HAm6mJpxKAEWRakGNteUU3p8EqqPFbJJ9XpLR3oPpLnXnrX go_id=425
time=2026-09-23T19:28:45.2141+0300 level=INFO source=/Users/risto/uni/agre/bft-core-d2h/engineapi/adapter.go:349 msg="acquired certified parent registry witness" round=9 parentNumber=5 parentHash=49eb2f18a3783ff788995fffb08b554962c45b9de6516354089b6eec0935a93c go_id=425
time=2026-09-23T19:28:45.4426+0300 level=INFO source=/Users/risto/uni/agre/bft-core-d2h/engineapi/adapter.go:601 msg="verified execution payload" round=9 blockHash=6e9894625da48bc91e6643fa03696c4c45975e8047068ef65cbf0a1f365a267e status=VALID rootInput=8b0203084180090000582049eb2f18a3783ff788995fffb08b554962c45b9de6516354089b6eec0935a93c88031838011a6ab3fe3b582063ca443e3c5d34f209363e5e37141e9aaa2e74aa4455823da9ec6faf83f68196860800582096a8ea944311f0117476dc795bb122fab08ecf91fbe61d734a77f5b759e0cfed58206b453061b7bf3e1df02ddf0604e16c509a1855584331f9e555f08eca809f1ca21a6ab3fe39582049eb2f18a3783ff788995fffb08b554962c45b9de6516354089b6eec0935a93c5820dc4236ccb2105a8156d51379ad7cb4c1d07e7b7f4d3451f7724ea781010a44a25820cce8377234186922f444e20d8bdc7bb525b46893da3ff05af67f0e9fb9cce634850900783531365569753248416d366d4a70784b41455752616b474e746555553370384571715046624a4a3958704c52336f50704c6e586e72585820fd51768dcd18e831f34fe87e3b8dfbfbcf6c1ee3d87c89f490053dc95657d3e25820dfc238a4eea3921380a53cec508be2a5491055e9bc5e7c824846aa33d23005c980 commitment=63d78514af7baf11acc33d19b321e78a29ce8507ee5dfe11dfd49e5600ac7483 go_id=425
time=2026-09-23T19:28:45.4640+0300 level=INFO source=/Users/risto/uni/agre/bft-core-d2h/shardnode/round.go:894 msg="submitting block certification request" round=9 quiet=false leader=false go_id=425
D2C_RESTART_BOUNDARY scenario=pair-term certified=B5
--- reth1 at stall ---
[2m2026-09-23T16:28:45.112912Z[0m [32m INFO[0m [2mreth_node_events::node[0m[2m:[0m Forkchoice updated [3mhead_block_hash[0m[2m=[0m0x49eb2f18a3783ff788995fffb08b554962c45b9de6516354089b6eec0935a93c [3msafe_block_hash[0m[2m=[0m0x49eb2f18a3783ff788995fffb08b554962c45b9de6516354089b6eec0935a93c [3mfinalized_block_hash[0m[2m=[0m0x49eb2f18a3783ff788995fffb08b554962c45b9de6516354089b6eec0935a93c
[2m2026-09-23T16:28:45.311473Z[0m [32m INFO[0m [2mreth_node_events::node[0m[2m:[0m Received new payload from consensus engine [3mnumber[0m[2m=[0m6 [3mhash[0m[2m=[0m0x6e9894625da48bc91e6643fa03696c4c45975e8047068ef65cbf0a1f365a267e
[2m2026-09-23T16:28:45.313301Z[0m [32m INFO[0m [2mengine::tree::payload_validator[0m[2m:[0m State root job finished [3mstrategy[0m[2m=[0m"sparse-trie" [3mstate_root[0m[2m=[0m0x27e32221c3610faaaa722cf3044ca93c8026d475376d7abe302ec6413c3edeea [3melapsed[0m[2m=[0m914.096µs
[2m2026-09-23T16:28:45.384748Z[0m [32m INFO[0m [2mreth_node_events::node[0m[2m:[0m Block added to canonical chain [3mnumber[0m[2m=[0m6 [3mhash[0m[2m=[0m0x6e9894625da48bc91e6643fa03696c4c45975e8047068ef65cbf0a1f365a267e [3mpeers[0m[2m=[0m0 [3mtxs[0m[2m=[0m0 [3mgas_used[0m[2m=[0m110.48Kgas [3mgas_throughput[0m[2m=[0m1.51Mgas/second [3mgas_limit[0m[2m=[0m30.00Mgas [3mfull[0m[2m=[0m0.4% [3mbase_fee[0m[2m=[0m0.45Gwei [3mblobs[0m[2m=[0m0 [3mexcess_blobs[0m[2m=[0m0 [3melapsed[0m[2m=[0m73.260009ms
[2m2026-09-23T16:28:45.841752Z[0m [32m INFO[0m [2mreth::cli[0m[2m:[0m Received SIGTERM
[2m2026-09-23T16:28:48.070524Z[0m [32m INFO[0m [2mreth::cli[0m[2m:[0m Initialized tracing, debug log directory: /Users/risto/Library/Caches/reth/logs/anvil-hardhat
[2m2026-09-23T16:28:48.275638Z[0m [32m INFO[0m [2mreth::cli[0m[2m:[0m Starting Reth [3mversion[0m[2m=[0m"2.5.0 (32e1f2f)"
[2m2026-09-23T16:28:48.306384Z[0m [32m INFO[0m [2mreth::cli[0m[2m:[0m Opening database [3mpath[0m[2m=[0m"test-nodes/reth1/dd/db"
[2m2026-09-23T16:28:48.651792Z[0m [32m INFO[0m [2mreth::cli[0m[2m:[0m Launching Unicity node
[2m2026-09-23T16:28:48.660171Z[0m [32m INFO[0m [2mreth::cli[0m[2m:[0m Configuration loaded [3mpath[0m[2m=[0m"test-nodes/reth1/dd/reth.toml"
[2m2026-09-23T16:28:48.767872Z[0m [32m INFO[0m [1mcheck_consistency[0m[2m:[0m [2mreth::cli[0m[2m:[0m Healing static file inconsistencies.
[2m2026-09-23T16:28:51.186980Z[0m [32m INFO[0m [1mcheck_consistency[0m[2m:[0m[1mcheck_consistency[0m[1m{[0m[3mread_only[0m[2m=[0mfalse[1m}[0m[2m:[0m [2mreth::cli[0m[2m:[0m Verifying storage consistency.
[2m2026-09-23T16:28:51.207039Z[0m [32m INFO[0m [2mreth::cli[0m[2m:[0m Database opened
[2m2026-09-23T16:28:51.207281Z[0m [32m INFO[0m [2mreth::cli[0m[2m:[0m 
Pre-merge hard forks (block based):
- Frontier                         @0
- Homestead                        @0
- Tangerine                        @0
- SpuriousDragon                   @0
- Byzantium                        @0
- Constantinople                   @0
- Petersburg                       @0
- Istanbul                         @0
- Berlin                           @0
- London                           @0
Merge hard forks:
- Paris                            @0 (network is known to be merged)
Post-merge hard forks (timestamp based):
- Shanghai                         @0          blob: (target: 3, max: 6, fraction: 3338477)
- Cancun                           @0          blob: (target: 3, max: 6, fraction: 3338477)
[2m2026-09-23T16:28:51.229003Z[0m [32m INFO[0m [2mreth::cli[0m[2m:[0m Loaded storage settings [3msettings[0m[2m=[0mStorageSettings { storage_v2: true } [3mpruning_mode[0m[2m=[0m"archive"
[2m2026-09-23T16:28:51.231119Z[0m [32m INFO[0m [2mreth::cli[0m[2m:[0m Transaction pool initialized
[2m2026-09-23T16:28:51.352266Z[0m [32m INFO[0m [2mreth::cli[0m[2m:[0m StaticFileProducer initialized
[2m2026-09-23T16:28:51.373170Z[0m [32m INFO[0m [2mreth::cli[0m[2m:[0m Pruner initialized [3mprune_config[0m[2m=[0mPruneConfig { block_interval: 5, segments: PruneModes { sender_recovery: None, transaction_lookup: None, receipts: None, account_history: None, storage_history: None, bodies_history: None, receipts_log_filter: ReceiptsLogPruneConfig({}) }, minimum_pruning_distance: 10064 }
[2m2026-09-23T16:28:51.415198Z[0m [32m INFO[0m [2mreth::cli[0m[2m:[0m Consensus engine initialized
[2m2026-09-23T16:28:51.435680Z[0m [32m INFO[0m [2mreth::cli[0m[2m:[0m Engine API handler initialized
[2m2026-09-23T16:28:51.459198Z[0m [32m INFO[0m [2mreth::cli[0m[2m:[0m RPC HTTP server started [3murl[0m[2m=[0m127.0.0.1:18545
[2m2026-09-23T16:28:51.494910Z[0m [32m INFO[0m [2mreth::cli[0m[2m:[0m RPC auth server started [3murl[0m[2m=[0m127.0.0.1:18551
[2m2026-09-23T16:28:51.530784Z[0m [32m INFO[0m [2mreth::cli[0m[2m:[0m Starting consensus engine
[2m2026-09-23T16:28:54.437578Z[0m [32m INFO[0m [2mreth::cli[0m[2m:[0m Status [3mconnected_peers[0m[2m=[0m0 [3mlatest_block[0m[2m=[0m5
--- evm2 at stall ---
time=2026-09-23T19:28:42.7090+0300 level=INFO source=/Users/risto/uni/agre/bft-core-d2h/shardnode/bftclient.go:750 msg="accepted certificate" class=valid retryOfFailedApply=false partitionRound=7 rootRound=52 blockHash=c96d2760fba053606d1acea281aa7eaf09bc4eff1e9c67c5fcbf959deb6d2f67 nextRound=8 nextLeader=16Uiu2HAmEswNh1EbcLoGo7xodBxj5Fnicbdo6Cp7cWmL9waiWoL4 go_id=293
time=2026-09-23T19:28:43.0022+0300 level=INFO source=/Users/risto/uni/agre/bft-core-d2h/engineapi/adapter.go:349 msg="acquired certified parent registry witness" round=8 parentNumber=4 parentHash=c96d2760fba053606d1acea281aa7eaf09bc4eff1e9c67c5fcbf959deb6d2f67 go_id=293
time=2026-09-23T19:28:43.0958+0300 level=INFO source=/Users/risto/uni/agre/bft-core-d2h/engineapi/adapter.go:601 msg="verified execution payload" round=8 blockHash=49eb2f18a3783ff788995fffb08b554962c45b9de6516354089b6eec0935a93c status=VALID rootInput=8b02030841800800005820c96d2760fba053606d1acea281aa7eaf09bc4eff1e9c67c5fcbf959deb6d2f6788031834011a6ab3fe395820e975dea206b913a8b806a9acbd5b7ad85b8d27720eada710aac1f7e307a540ad8607005820376b7b26405bab3d5b64befc8bf2a182d8c88c97667136445e06567839d3e236582096a8ea944311f0117476dc795bb122fab08ecf91fbe61d734a77f5b759e0cfed1a6ab3fe365820c96d2760fba053606d1acea281aa7eaf09bc4eff1e9c67c5fcbf959deb6d2f67582040e3a3cec8e26fa045cb22335cfbea6147223b10789beae79cbd78e7863b238d5820cce8377234186922f444e20d8bdc7bb525b46893da3ff05af67f0e9fb9cce634850800783531365569753248416d4573774e68314562634c6f476f37786f6442786a35466e696362646f3643703763576d4c39776169576f4c34582070aea2a70153f34fb875c16c8a8a529b5b6ea81b75116571c9990e665b7b55bd5820dfc238a4eea3921380a53cec508be2a5491055e9bc5e7c824846aa33d23005c980 commitment=0b9f1c8d06076bf3fbb8740f9641722374ac0b4ef30e6cc907c6d59eed8fdef1 go_id=293
time=2026-09-23T19:28:43.1185+0300 level=INFO source=/Users/risto/uni/agre/bft-core-d2h/shardnode/round.go:894 msg="submitting block certification request" round=8 quiet=false leader=false go_id=293
time=2026-09-23T19:28:45.0747+0300 level=INFO source=/Users/risto/uni/agre/bft-core-d2h/shardnode/bftclient.go:750 msg="accepted certificate" class=valid retryOfFailedApply=false partitionRound=8 rootRound=56 blockHash=49eb2f18a3783ff788995fffb08b554962c45b9de6516354089b6eec0935a93c nextRound=9 nextLeader=16Uiu2HAm6mJpxKAEWRakGNteUU3p8EqqPFbJJ9XpLR3oPpLnXnrX go_id=293
time=2026-09-23T19:28:45.0797+0300 level=INFO source=/Users/risto/uni/agre/bft-core-d2h/engineapi/adapter.go:349 msg="acquired certified parent registry witness" round=9 parentNumber=5 parentHash=49eb2f18a3783ff788995fffb08b554962c45b9de6516354089b6eec0935a93c go_id=293
time=2026-09-23T19:28:45.1881+0300 level=INFO source=/Users/risto/uni/agre/bft-core-d2h/engineapi/adapter.go:461 msg="sealed execution payload" blockHash=6e9894625da48bc91e6643fa03696c4c45975e8047068ef65cbf0a1f365a267e parentHash=49eb2f18a3783ff788995fffb08b554962c45b9de6516354089b6eec0935a93c userTransactions=0 rootInput=8b0203084180090000582049eb2f18a3783ff788995fffb08b554962c45b9de6516354089b6eec0935a93c88031838011a6ab3fe3b582063ca443e3c5d34f209363e5e37141e9aaa2e74aa4455823da9ec6faf83f68196860800582096a8ea944311f0117476dc795bb122fab08ecf91fbe61d734a77f5b759e0cfed58206b453061b7bf3e1df02ddf0604e16c509a1855584331f9e555f08eca809f1ca21a6ab3fe39582049eb2f18a3783ff788995fffb08b554962c45b9de6516354089b6eec0935a93c5820dc4236ccb2105a8156d51379ad7cb4c1d07e7b7f4d3451f7724ea781010a44a25820cce8377234186922f444e20d8bdc7bb525b46893da3ff05af67f0e9fb9cce634850900783531365569753248416d366d4a70784b41455752616b474e746555553370384571715046624a4a3958704c52336f50704c6e586e72585820fd51768dcd18e831f34fe87e3b8dfbfbcf6c1ee3d87c89f490053dc95657d3e25820dfc238a4eea3921380a53cec508be2a5491055e9bc5e7c824846aa33d23005c980 commitment=63d78514af7baf11acc33d19b321e78a29ce8507ee5dfe11dfd49e5600ac7483 go_id=293
time=2026-09-23T19:28:45.2101+0300 level=INFO source=/Users/risto/uni/agre/bft-core-d2h/engineapi/adapter.go:349 msg="acquired certified parent registry witness" round=9 parentNumber=5 parentHash=49eb2f18a3783ff788995fffb08b554962c45b9de6516354089b6eec0935a93c go_id=293
time=2026-09-23T19:28:45.3477+0300 level=INFO source=/Users/risto/uni/agre/bft-core-d2h/engineapi/adapter.go:601 msg="verified execution payload" round=9 blockHash=6e9894625da48bc91e6643fa03696c4c45975e8047068ef65cbf0a1f365a267e status=VALID rootInput=8b0203084180090000582049eb2f18a3783ff788995fffb08b554962c45b9de6516354089b6eec0935a93c88031838011a6ab3fe3b582063ca443e3c5d34f209363e5e37141e9aaa2e74aa4455823da9ec6faf83f68196860800582096a8ea944311f0117476dc795bb122fab08ecf91fbe61d734a77f5b759e0cfed58206b453061b7bf3e1df02ddf0604e16c509a1855584331f9e555f08eca809f1ca21a6ab3fe39582049eb2f18a3783ff788995fffb08b554962c45b9de6516354089b6eec0935a93c5820dc4236ccb2105a8156d51379ad7cb4c1d07e7b7f4d3451f7724ea781010a44a25820cce8377234186922f444e20d8bdc7bb525b46893da3ff05af67f0e9fb9cce634850900783531365569753248416d366d4a70784b41455752616b474e746555553370384571715046624a4a3958704c52336f50704c6e586e72585820fd51768dcd18e831f34fe87e3b8dfbfbcf6c1ee3d87c89f490053dc95657d3e25820dfc238a4eea3921380a53cec508be2a5491055e9bc5e7c824846aa33d23005c980 commitment=63d78514af7baf11acc33d19b321e78a29ce8507ee5dfe11dfd49e5600ac7483 go_id=293
time=2026-09-23T19:28:45.4434+0300 level=INFO source=/Users/risto/uni/agre/bft-core-d2h/shardnode/round.go:894 msg="submitting block certification request" round=9 quiet=false leader=true go_id=293
time=2026-09-23T19:28:47.2734+0300 level=INFO source=/Users/risto/uni/agre/bft-core-d2h/shardnode/bftclient.go:750 msg="accepted certificate" class=valid retryOfFailedApply=false partitionRound=9 rootRound=59 blockHash=6e9894625da48bc91e6643fa03696c4c45975e8047068ef65cbf0a1f365a267e nextRound=10 nextLeader=16Uiu2HAm7KnLUzsEnSCRoP63XcdBip8V6XRztA1E8JcN6w3avr91 go_id=293
time=2026-09-23T19:28:47.5486+0300 level=INFO source=/Users/risto/uni/agre/bft-core-d2h/engineapi/adapter.go:349 msg="acquired certified parent registry witness" round=10 parentNumber=6 parentHash=6e9894625da48bc91e6643fa03696c4c45975e8047068ef65cbf0a1f365a267e go_id=293
time=2026-09-23T19:28:47.7422+0300 level=INFO source=/Users/risto/uni/agre/bft-core-d2h/engineapi/adapter.go:601 msg="verified execution payload" round=10 blockHash=e7566b4abcd10d56baaec9373c429e003405f1d0b76c2248baa1424da073e852 status=VALID rootInput=8b02030841800a000058206e9894625da48bc91e6643fa03696c4c45975e8047068ef65cbf0a1f365a267e8803183b011a6ab3fe3d582052761cc42dc0a7b24715f5edc60184068e2f905fd588e4bfdf47ab50931e4b2086090058206b453061b7bf3e1df02ddf0604e16c509a1855584331f9e555f08eca809f1ca2582027e32221c3610faaaa722cf3044ca93c8026d475376d7abe302ec6413c3edeea1a6ab3fe3b58206e9894625da48bc91e6643fa03696c4c45975e8047068ef65cbf0a1f365a267e58204ffe27d534fa95fe672b52ca9e72891f7e45c9504f46149f2359645b6070dbc85820cce8377234186922f444e20d8bdc7bb525b46893da3ff05af67f0e9fb9cce634850a00783531365569753248416d374b6e4c557a73456e5343526f50363358636442697038563658527a74413145384a634e367733617672393158202b2d11f26a66416659951633d1a6add2b49851b53477805f77f35d1910f134595820dfc238a4eea3921380a53cec508be2a5491055e9bc5e7c824846aa33d23005c980 commitment=4daaa91266a3e9fa84d2e312d7c63db2e1e86b0b35b8da5f13617f310bb97cfd go_id=293
time=2026-09-23T19:28:47.8125+0300 level=INFO source=/Users/risto/uni/agre/bft-core-d2h/shardnode/round.go:894 msg="submitting block certification request" round=10 quiet=false leader=false go_id=293
time=2026-09-23T19:28:49.6423+0300 level=INFO source=/Users/risto/uni/agre/bft-core-d2h/shardnode/bftclient.go:750 msg="accepted certificate" class=valid retryOfFailedApply=false partitionRound=10 rootRound=62 blockHash=e7566b4abcd10d56baaec9373c429e003405f1d0b76c2248baa1424da073e852 nextRound=11 nextLeader=16Uiu2HAm7KnLUzsEnSCRoP63XcdBip8V6XRztA1E8JcN6w3avr91 go_id=293
time=2026-09-23T19:28:49.8630+0300 level=INFO source=/Users/risto/uni/agre/bft-core-d2h/engineapi/adapter.go:349 msg="acquired certified parent registry witness" round=11 parentNumber=7 parentHash=e7566b4abcd10d56baaec9373c429e003405f1d0b76c2248baa1424da073e852 go_id=293
time=2026-09-23T19:28:50.1056+0300 level=INFO source=/Users/risto/uni/agre/bft-core-d2h/engineapi/adapter.go:601 msg="verified execution payload" round=11 blockHash=09143c9749ba9b8c48d1453532397c882f8bc9cf9ec9bc8c32a4f65991882787 status=VALID rootInput=8b02030841800b00005820e7566b4abcd10d56baaec9373c429e003405f1d0b76c2248baa1424da073e8528803183e011a6ab3fe4058208e13736b3a4c04bb48c46f1d32b73973fc6090fd2e08dceb7e83fdd2d646395b860a00582027e32221c3610faaaa722cf3044ca93c8026d475376d7abe302ec6413c3edeea582016c21a7c5f7636018636335dfcd1fba75c65108c82329c07e0922cfb94f035301a6ab3fe3d5820e7566b4abcd10d56baaec9373c429e003405f1d0b76c2248baa1424da073e8525820b12696bca5eca2b4cd60d54144e31fa96bb3f1afaf13feec19ea7009af9a500a5820cce8377234186922f444e20d8bdc7bb525b46893da3ff05af67f0e9fb9cce634850b00783531365569753248416d374b6e4c557a73456e5343526f50363358636442697038563658527a74413145384a634e36773361767239315820101043b065d61ef49e7a42cf883e67042ea56a0a4c7b8b2b9437b62de325a2065820dfc238a4eea3921380a53cec508be2a5491055e9bc5e7c824846aa33d23005c980 commitment=779733d122eafb916f2020511e388ee9dfcbe78a948479ae60359c519aca7f85 go_id=293
time=2026-09-23T19:28:50.1287+0300 level=INFO source=/Users/risto/uni/agre/bft-core-d2h/shardnode/round.go:894 msg="submitting block certification request" round=11 quiet=false leader=false go_id=293
time=2026-09-23T19:28:52.8000+0300 level=INFO source=/Users/risto/uni/agre/bft-core-d2h/shardnode/bftclient.go:750 msg="accepted certificate" class=valid retryOfFailedApply=false partitionRound=11 rootRound=66 blockHash=09143c9749ba9b8c48d1453532397c882f8bc9cf9ec9bc8c32a4f65991882787 nextRound=12 nextLeader=16Uiu2HAmHCC6qYEfQ58f1VLrdtNWhAf31S15DQyBvNU4ZKJiWUej go_id=293
time=2026-09-23T19:28:52.9559+0300 level=INFO source=/Users/risto/uni/agre/bft-core-d2h/engineapi/adapter.go:349 msg="acquired certified parent registry witness" round=12 parentNumber=8 parentHash=09143c9749ba9b8c48d1453532397c882f8bc9cf9ec9bc8c32a4f65991882787 go_id=293
time=2026-09-23T19:28:53.1268+0300 level=INFO source=/Users/risto/uni/agre/bft-core-d2h/engineapi/adapter.go:601 msg="verified execution payload" round=12 blockHash=761864c8405fb42807b63a8062aaf7f9bdbeb18fd96a9d001dfa301392a902d2 status=VALID rootInput=8b02030841800c0000582009143c9749ba9b8c48d1453532397c882f8bc9cf9ec9bc8c32a4f6599188278788031842011a6ab3fe4358208b2a0af1ee3b8c93791221d1aad3bcca179b1dbe7ffa9241f0aab50ee87607ab860b00582016c21a7c5f7636018636335dfcd1fba75c65108c82329c07e0922cfb94f0353058208f9ae1e0fcfd83af058b91124fbc1e8de354dce71398905f190d5928a29e25db1a6ab3fe40582009143c9749ba9b8c48d1453532397c882f8bc9cf9ec9bc8c32a4f659918827875820175dc72fd53b62e20b9935a1cd8c5478001b23e3cbb4e96215b62b9b47b7515c5820cce8377234186922f444e20d8bdc7bb525b46893da3ff05af67f0e9fb9cce634850c00783531365569753248416d48434336715945665135386631564c7264744e57684166333153313544517942764e55345a4b4a695755656a58200ba7bf1d77cbe2c5cc90a2490e347fd23862f1ba440eedd88ddb759d5a5d18be5820dfc238a4eea3921380a53cec508be2a5491055e9bc5e7c824846aa33d23005c980 commitment=98d00da20329382abec8bfdd3a33c3b4bbde46663ed6db66a5f9d3e1cbeb2ae8 go_id=293
time=2026-09-23T19:28:53.1904+0300 level=INFO source=/Users/risto/uni/agre/bft-core-d2h/shardnode/round.go:894 msg="submitting block certification request" round=12 quiet=false leader=false go_id=293
time=2026-09-23T19:28:55.2322+0300 level=INFO source=/Users/risto/uni/agre/bft-core-d2h/shardnode/bftclient.go:750 msg="accepted certificate" class=valid retryOfFailedApply=false partitionRound=12 rootRound=69 blockHash=761864c8405fb42807b63a8062aaf7f9bdbeb18fd96a9d001dfa301392a902d2 nextRound=13 nextLeader=16Uiu2HAm6mJpxKAEWRakGNteUU3p8EqqPFbJJ9XpLR3oPpLnXnrX go_id=293
time=2026-09-23T19:28:55.2369+0300 level=INFO source=/Users/risto/uni/agre/bft-core-d2h/engineapi/adapter.go:349 msg="acquired certified parent registry witness" round=13 parentNumber=9 parentHash=761864c8405fb42807b63a8062aaf7f9bdbeb18fd96a9d001dfa301392a902d2 go_id=293
time=2026-09-23T19:28:55.3312+0300 level=INFO source=/Users/risto/uni/agre/bft-core-d2h/engineapi/adapter.go:461 msg="sealed execution payload" blockHash=a40f3e1f1eb814eb93451169a447f54b302a04aeb2c1f20386a73adf4d82db26 parentHash=761864c8405fb42807b63a8062aaf7f9bdbeb18fd96a9d001dfa301392a902d2 userTransactions=0 rootInput=8b02030841800d00005820761864c8405fb42807b63a8062aaf7f9bdbeb18fd96a9d001dfa301392a902d288031845011a6ab3fe455820cb6825ee06c6ba32f3ef441673999791f9000d699ab6d6c5b45fa61150b144ec860c0058208f9ae1e0fcfd83af058b91124fbc1e8de354dce71398905f190d5928a29e25db58205f98d5b16d32acba62b49175337d82b0d5ebdb3cd7fa13a4531b535cbd62f4bc1a6ab3fe435820761864c8405fb42807b63a8062aaf7f9bdbeb18fd96a9d001dfa301392a902d25820a2bfa63e50ae4e5b74e9cadb660c4b922141325ae2e3c80144719e8f82d2b6025820cce8377234186922f444e20d8bdc7bb525b46893da3ff05af67f0e9fb9cce634850d00783531365569753248416d366d4a70784b41455752616b474e746555553370384571715046624a4a3958704c52336f50704c6e586e7258582013fcddf6bc98698b1c4e61cbf32fcb83a39af2c49c4e7916f5fb5cdb3826d2b35820dfc238a4eea3921380a53cec508be2a5491055e9bc5e7c824846aa33d23005c980 commitment=3d0828a1d8ae3122bfa9e2fd7ca11465370a34f53cdf017421af9e2a4fc31db3 go_id=293
time=2026-09-23T19:28:55.3519+0300 level=INFO source=/Users/risto/uni/agre/bft-core-d2h/engineapi/adapter.go:349 msg="acquired certified parent registry witness" round=13 parentNumber=9 parentHash=761864c8405fb42807b63a8062aaf7f9bdbeb18fd96a9d001dfa301392a902d2 go_id=293
time=2026-09-23T19:28:55.3543+0300 level=WARN source=/Users/risto/uni/agre/bft-core-d2h/network/network.go:180 msg="sending /unicity/shard-payload/1.0.0 to 16Uiu2HAmEswNh1EbcLoGo7xodBxj5Fnicbdo6Cp7cWmL9waiWoL4" err="open p2p stream: failed to dial: failed to dial 16Uiu2HAmEswNh1EbcLoGo7xodBxj5Fnicbdo6Cp7cWmL9waiWoL4: all dials failed\n  * [/ip4/127.0.0.1/tcp/28111] dial tcp4 127.0.0.1:28111: connect: connection refused" go_id=504
time=2026-09-23T19:28:55.5054+0300 level=INFO source=/Users/risto/uni/agre/bft-core-d2h/engineapi/adapter.go:601 msg="verified execution payload" round=13 blockHash=a40f3e1f1eb814eb93451169a447f54b302a04aeb2c1f20386a73adf4d82db26 status=VALID rootInput=8b02030841800d00005820761864c8405fb42807b63a8062aaf7f9bdbeb18fd96a9d001dfa301392a902d288031845011a6ab3fe455820cb6825ee06c6ba32f3ef441673999791f9000d699ab6d6c5b45fa61150b144ec860c0058208f9ae1e0fcfd83af058b91124fbc1e8de354dce71398905f190d5928a29e25db58205f98d5b16d32acba62b49175337d82b0d5ebdb3cd7fa13a4531b535cbd62f4bc1a6ab3fe435820761864c8405fb42807b63a8062aaf7f9bdbeb18fd96a9d001dfa301392a902d25820a2bfa63e50ae4e5b74e9cadb660c4b922141325ae2e3c80144719e8f82d2b6025820cce8377234186922f444e20d8bdc7bb525b46893da3ff05af67f0e9fb9cce634850d00783531365569753248416d366d4a70784b41455752616b474e746555553370384571715046624a4a3958704c52336f50704c6e586e7258582013fcddf6bc98698b1c4e61cbf32fcb83a39af2c49c4e7916f5fb5cdb3826d2b35820dfc238a4eea3921380a53cec508be2a5491055e9bc5e7c824846aa33d23005c980 commitment=3d0828a1d8ae3122bfa9e2fd7ca11465370a34f53cdf017421af9e2a4fc31db3 go_id=293
time=2026-09-23T19:28:55.5455+0300 level=INFO source=/Users/risto/uni/agre/bft-core-d2h/shardnode/round.go:894 msg="submitting block certification request" round=13 quiet=false leader=true go_id=293
time=2026-09-23T19:28:57.6021+0300 level=INFO source=/Users/risto/uni/agre/bft-core-d2h/shardnode/bftclient.go:750 msg="accepted certificate" class=valid retryOfFailedApply=false partitionRound=13 rootRound=72 blockHash=a40f3e1f1eb814eb93451169a447f54b302a04aeb2c1f20386a73adf4d82db26 nextRound=14 nextLeader=16Uiu2HAm7KnLUzsEnSCRoP63XcdBip8V6XRztA1E8JcN6w3avr91 go_id=293
time=2026-09-23T19:28:57.8900+0300 level=INFO source=/Users/risto/uni/agre/bft-core-d2h/engineapi/adapter.go:349 msg="acquired certified parent registry witness" round=14 parentNumber=10 parentHash=a40f3e1f1eb814eb93451169a447f54b302a04aeb2c1f20386a73adf4d82db26 go_id=293
time=2026-09-23T19:28:58.0799+0300 level=INFO source=/Users/risto/uni/agre/bft-core-d2h/engineapi/adapter.go:601 msg="verified execution payload" round=14 blockHash=1c91981c37e417326fc6055c227915cb8aecd1fe65e359d6749f670cd41cc37a status=VALID rootInput=8b02030841800e00005820a40f3e1f1eb814eb93451169a447f54b302a04aeb2c1f20386a73adf4d82db2688031848011a6ab3fe485820c8694acd6dbea6f5aa0a483ea5f5f69867796e68050372c7521928842ed29a0f860d0058205f98d5b16d32acba62b49175337d82b0d5ebdb3cd7fa13a4531b535cbd62f4bc5820f312ce5bf3056e9e6da270b8840ea86b05f19fdd2bede030177b7a8e34053e431a6ab3fe455820a40f3e1f1eb814eb93451169a447f54b302a04aeb2c1f20386a73adf4d82db265820072ade2a01b42901d0d263024469828f3f5cad38f0c98662a351ca73b82b9e6e5820cce8377234186922f444e20d8bdc7bb525b46893da3ff05af67f0e9fb9cce634850e00783531365569753248416d374b6e4c557a73456e5343526f50363358636442697038563658527a74413145384a634e367733617672393158208f5f495f6aeefdb8457f3739c96ffb095cd47d1bd3432964fdada721dbbb5c715820dfc238a4eea3921380a53cec508be2a5491055e9bc5e7c824846aa33d23005c980 commitment=71933b25cf0a0ccb031c2af4d6fd1a6f1eda39fc020f4f191747fbf26afecfba go_id=293
time=2026-09-23T19:28:58.1242+0300 level=INFO source=/Users/risto/uni/agre/bft-core-d2h/shardnode/round.go:894 msg="submitting block certification request" round=14 quiet=false leader=false go_id=293
time=2026-09-23T19:28:59.7609+0300 level=INFO source=/Users/risto/uni/agre/bft-core-d2h/shardnode/bftclient.go:750 msg="accepted certificate" class=valid retryOfFailedApply=false partitionRound=14 rootRound=75 blockHash=1c91981c37e417326fc6055c227915cb8aecd1fe65e359d6749f670cd41cc37a nextRound=15 nextLeader=16Uiu2HAm6mJpxKAEWRakGNteUU3p8EqqPFbJJ9XpLR3oPpLnXnrX go_id=293
time=2026-09-23T19:28:59.7679+0300 level=INFO source=/Users/risto/uni/agre/bft-core-d2h/engineapi/adapter.go:349 msg="acquired certified parent registry witness" round=15 parentNumber=11 parentHash=1c91981c37e417326fc6055c227915cb8aecd1fe65e359d6749f670cd41cc37a go_id=293
time=2026-09-23T19:28:59.9353+0300 level=INFO source=/Users/risto/uni/agre/bft-core-d2h/engineapi/adapter.go:461 msg="sealed execution payload" blockHash=3b02592dfdbfdf10f40eac7ea217dffd7f96e8c36a62a66690e74281ed92d16d parentHash=1c91981c37e417326fc6055c227915cb8aecd1fe65e359d6749f670cd41cc37a userTransactions=0 rootInput=8b02030841800f000058201c91981c37e417326fc6055c227915cb8aecd1fe65e359d6749f670cd41cc37a8803184b011a6ab3fe4a58207d193994e81923c0e0542e2ebb150e8ab7f9a935da3d81da89c5e822a6951d63860e005820f312ce5bf3056e9e6da270b8840ea86b05f19fdd2bede030177b7a8e34053e435820e90a19eacd6b84bd83013689462333d4ffe327b026093ea7394267805b6259f41a6ab3fe4858201c91981c37e417326fc6055c227915cb8aecd1fe65e359d6749f670cd41cc37a582082bbb430f0b1ec516e33fcc6799be6acd03e71dae4f49892c9e12f42e997ee945820cce8377234186922f444e20d8bdc7bb525b46893da3ff05af67f0e9fb9cce634850f00783531365569753248416d366d4a70784b41455752616b474e746555553370384571715046624a4a3958704c52336f50704c6e586e725858204ff7640d92b02499b1564c933e47866fcd0efc6e4aa2af28ffa429d837f2599b5820dfc238a4eea3921380a53cec508be2a5491055e9bc5e7c824846aa33d23005c980 commitment=49e7a66db14bd5da32302f32226593321b440fe2ce09d75ceb5c92d058e8dbde go_id=293
time=2026-09-23T19:28:59.9725+0300 level=INFO source=/Users/risto/uni/agre/bft-core-d2h/engineapi/adapter.go:349 msg="acquired certified parent registry witness" round=15 parentNumber=11 parentHash=1c91981c37e417326fc6055c227915cb8aecd1fe65e359d6749f670cd41cc37a go_id=293
time=2026-09-23T19:28:59.9731+0300 level=WARN source=/Users/risto/uni/agre/bft-core-d2h/network/network.go:180 msg="sending /unicity/shard-payload/1.0.0 to 16Uiu2HAmEswNh1EbcLoGo7xodBxj5Fnicbdo6Cp7cWmL9waiWoL4" err="open p2p stream: failed to dial: failed to dial 16Uiu2HAmEswNh1EbcLoGo7xodBxj5Fnicbdo6Cp7cWmL9waiWoL4: all dials failed\n  * [/ip4/127.0.0.1/tcp/28111] dial backoff" go_id=627
time=2026-09-23T19:29:00.0735+0300 level=INFO source=/Users/risto/uni/agre/bft-core-d2h/engineapi/adapter.go:601 msg="verified execution payload" round=15 blockHash=3b02592dfdbfdf10f40eac7ea217dffd7f96e8c36a62a66690e74281ed92d16d status=VALID rootInput=8b02030841800f000058201c91981c37e417326fc6055c227915cb8aecd1fe65e359d6749f670cd41cc37a8803184b011a6ab3fe4a58207d193994e81923c0e0542e2ebb150e8ab7f9a935da3d81da89c5e822a6951d63860e005820f312ce5bf3056e9e6da270b8840ea86b05f19fdd2bede030177b7a8e34053e435820e90a19eacd6b84bd83013689462333d4ffe327b026093ea7394267805b6259f41a6ab3fe4858201c91981c37e417326fc6055c227915cb8aecd1fe65e359d6749f670cd41cc37a582082bbb430f0b1ec516e33fcc6799be6acd03e71dae4f49892c9e12f42e997ee945820cce8377234186922f444e20d8bdc7bb525b46893da3ff05af67f0e9fb9cce634850f00783531365569753248416d366d4a70784b41455752616b474e746555553370384571715046624a4a3958704c52336f50704c6e586e725858204ff7640d92b02499b1564c933e47866fcd0efc6e4aa2af28ffa429d837f2599b5820dfc238a4eea3921380a53cec508be2a5491055e9bc5e7c824846aa33d23005c980 commitment=49e7a66db14bd5da32302f32226593321b440fe2ce09d75ceb5c92d058e8dbde go_id=293
time=2026-09-23T19:29:00.1371+0300 level=INFO source=/Users/risto/uni/agre/bft-core-d2h/shardnode/round.go:894 msg="submitting block certification request" round=15 quiet=false leader=true go_id=293
--- reth2 at stall ---
[2m2026-09-23T16:28:43.057702Z[0m [32m INFO[0m [2mengine::tree::payload_validator[0m[2m:[0m State root job finished [3mstrategy[0m[2m=[0m"sparse-trie" [3mstate_root[0m[2m=[0m0x6b453061b7bf3e1df02ddf0604e16c509a1855584331f9e555f08eca809f1ca2 [3melapsed[0m[2m=[0m3.58µs
[2m2026-09-23T16:28:43.093575Z[0m [32m INFO[0m [2mreth_node_events::node[0m[2m:[0m Block added to canonical chain [3mnumber[0m[2m=[0m5 [3mhash[0m[2m=[0m0x49eb2f18a3783ff788995fffb08b554962c45b9de6516354089b6eec0935a93c [3mpeers[0m[2m=[0m0 [3mtxs[0m[2m=[0m0 [3mgas_used[0m[2m=[0m110.48Kgas [3mgas_throughput[0m[2m=[0m3.02Mgas/second [3mgas_limit[0m[2m=[0m30.00Mgas [3mfull[0m[2m=[0m0.4% [3mbase_fee[0m[2m=[0m0.51Gwei [3mblobs[0m[2m=[0m0 [3mexcess_blobs[0m[2m=[0m0 [3melapsed[0m[2m=[0m36.557761ms
[2m2026-09-23T16:28:45.075999Z[0m [32m INFO[0m [2mreth_node_events::node[0m[2m:[0m Canonical chain committed [3mnumber[0m[2m=[0m5 [3mhash[0m[2m=[0m0x49eb2f18a3783ff788995fffb08b554962c45b9de6516354089b6eec0935a93c [3melapsed[0m[2m=[0m32.37µs
[2m2026-09-23T16:28:45.113120Z[0m [32m INFO[0m [2mreth_node_events::node[0m[2m:[0m Forkchoice updated [3mhead_block_hash[0m[2m=[0m0x49eb2f18a3783ff788995fffb08b554962c45b9de6516354089b6eec0935a93c [3msafe_block_hash[0m[2m=[0m0x49eb2f18a3783ff788995fffb08b554962c45b9de6516354089b6eec0935a93c [3mfinalized_block_hash[0m[2m=[0m0x49eb2f18a3783ff788995fffb08b554962c45b9de6516354089b6eec0935a93c
[2m2026-09-23T16:28:45.114924Z[0m [32m INFO[0m [2mpayload_builder[0m[2m:[0m New payload job created [3mid[0m[2m=[0m0x02add73b944b5887 [3mparent[0m[2m=[0m0x49eb2f18a3783ff788995fffb08b554962c45b9de6516354089b6eec0935a93c
[2m2026-09-23T16:28:45.252839Z[0m [32m INFO[0m [2mreth_node_events::node[0m[2m:[0m Received new payload from consensus engine [3mnumber[0m[2m=[0m6 [3mhash[0m[2m=[0m0x6e9894625da48bc91e6643fa03696c4c45975e8047068ef65cbf0a1f365a267e
[2m2026-09-23T16:28:45.253408Z[0m [32m INFO[0m [2mengine::tree::payload_validator[0m[2m:[0m State root job finished [3mstrategy[0m[2m=[0m"sparse-trie" [3mstate_root[0m[2m=[0m0x27e32221c3610faaaa722cf3044ca93c8026d475376d7abe302ec6413c3edeea [3melapsed[0m[2m=[0m108.014µs
[2m2026-09-23T16:28:45.311110Z[0m [32m INFO[0m [2mreth_node_events::node[0m[2m:[0m Block added to canonical chain [3mnumber[0m[2m=[0m6 [3mhash[0m[2m=[0m0x6e9894625da48bc91e6643fa03696c4c45975e8047068ef65cbf0a1f365a267e [3mpeers[0m[2m=[0m0 [3mtxs[0m[2m=[0m0 [3mgas_used[0m[2m=[0m110.48Kgas [3mgas_throughput[0m[2m=[0m1.90Mgas/second [3mgas_limit[0m[2m=[0m30.00Mgas [3mfull[0m[2m=[0m0.4% [3mbase_fee[0m[2m=[0m0.45Gwei [3mblobs[0m[2m=[0m0 [3mexcess_blobs[0m[2m=[0m0 [3melapsed[0m[2m=[0m58.166662ms
[2m2026-09-23T16:28:47.350870Z[0m [32m INFO[0m [2mreth_node_events::node[0m[2m:[0m Canonical chain committed [3mnumber[0m[2m=[0m6 [3mhash[0m[2m=[0m0x6e9894625da48bc91e6643fa03696c4c45975e8047068ef65cbf0a1f365a267e [3melapsed[0m[2m=[0m23.842µs
[2m2026-09-23T16:28:47.408572Z[0m [32m INFO[0m [2mreth_node_events::node[0m[2m:[0m Forkchoice updated [3mhead_block_hash[0m[2m=[0m0x6e9894625da48bc91e6643fa03696c4c45975e8047068ef65cbf0a1f365a267e [3msafe_block_hash[0m[2m=[0m0x6e9894625da48bc91e6643fa03696c4c45975e8047068ef65cbf0a1f365a267e [3mfinalized_block_hash[0m[2m=[0m0x6e9894625da48bc91e6643fa03696c4c45975e8047068ef65cbf0a1f365a267e
[2m2026-09-23T16:28:47.624987Z[0m [32m INFO[0m [2mreth_node_events::node[0m[2m:[0m Received new payload from consensus engine [3mnumber[0m[2m=[0m7 [3mhash[0m[2m=[0m0xe7566b4abcd10d56baaec9373c429e003405f1d0b76c2248baa1424da073e852
[2m2026-09-23T16:28:47.626272Z[0m [32m INFO[0m [2mengine::tree::payload_validator[0m[2m:[0m State root job finished [3mstrategy[0m[2m=[0m"sparse-trie" [3mstate_root[0m[2m=[0m0x16c21a7c5f7636018636335dfcd1fba75c65108c82329c07e0922cfb94f03530 [3melapsed[0m[2m=[0m766.733µs
[2m2026-09-23T16:28:47.684277Z[0m [32m INFO[0m [2mreth_node_events::node[0m[2m:[0m Block added to canonical chain [3mnumber[0m[2m=[0m7 [3mhash[0m[2m=[0m0xe7566b4abcd10d56baaec9373c429e003405f1d0b76c2248baa1424da073e852 [3mpeers[0m[2m=[0m0 [3mtxs[0m[2m=[0m0 [3mgas_used[0m[2m=[0m110.48Kgas [3mgas_throughput[0m[2m=[0m1.87Mgas/second [3mgas_limit[0m[2m=[0m30.00Mgas [3mfull[0m[2m=[0m0.4% [3mbase_fee[0m[2m=[0m0.39Gwei [3mblobs[0m[2m=[0m0 [3mexcess_blobs[0m[2m=[0m0 [3melapsed[0m[2m=[0m59.132294ms
[2m2026-09-23T16:28:49.680210Z[0m [32m INFO[0m [2mreth_node_events::node[0m[2m:[0m Canonical chain committed [3mnumber[0m[2m=[0m7 [3mhash[0m[2m=[0m0xe7566b4abcd10d56baaec9373c429e003405f1d0b76c2248baa1424da073e852 [3melapsed[0m[2m=[0m43.948µs
[2m2026-09-23T16:28:49.716280Z[0m [32m INFO[0m [2mreth_node_events::node[0m[2m:[0m Forkchoice updated [3mhead_block_hash[0m[2m=[0m0xe7566b4abcd10d56baaec9373c429e003405f1d0b76c2248baa1424da073e852 [3msafe_block_hash[0m[2m=[0m0xe7566b4abcd10d56baaec9373c429e003405f1d0b76c2248baa1424da073e852 [3mfinalized_block_hash[0m[2m=[0m0xe7566b4abcd10d56baaec9373c429e003405f1d0b76c2248baa1424da073e852
[2m2026-09-23T16:28:50.030534Z[0m [32m INFO[0m [2mreth_node_events::node[0m[2m:[0m Received new payload from consensus engine [3mnumber[0m[2m=[0m8 [3mhash[0m[2m=[0m0x09143c9749ba9b8c48d1453532397c882f8bc9cf9ec9bc8c32a4f65991882787
[2m2026-09-23T16:28:50.031184Z[0m [32m INFO[0m [2mengine::tree::payload_validator[0m[2m:[0m State root job finished [3mstrategy[0m[2m=[0m"sparse-trie" [3mstate_root[0m[2m=[0m0x8f9ae1e0fcfd83af058b91124fbc1e8de354dce71398905f190d5928a29e25db [3melapsed[0m[2m=[0m42.441µs
[2m2026-09-23T16:28:50.067671Z[0m [32m INFO[0m [2mreth_node_events::node[0m[2m:[0m Block added to canonical chain [3mnumber[0m[2m=[0m8 [3mhash[0m[2m=[0m0x09143c9749ba9b8c48d1453532397c882f8bc9cf9ec9bc8c32a4f65991882787 [3mpeers[0m[2m=[0m0 [3mtxs[0m[2m=[0m0 [3mgas_used[0m[2m=[0m110.48Kgas [3mgas_throughput[0m[2m=[0m2.99Mgas/second [3mgas_limit[0m[2m=[0m30.00Mgas [3mfull[0m[2m=[0m0.4% [3mbase_fee[0m[2m=[0m0.34Gwei [3mblobs[0m[2m=[0m0 [3mexcess_blobs[0m[2m=[0m0 [3melapsed[0m[2m=[0m36.963336ms
[2m2026-09-23T16:28:52.800775Z[0m [32m INFO[0m [2mreth_node_events::node[0m[2m:[0m Canonical chain committed [3mnumber[0m[2m=[0m8 [3mhash[0m[2m=[0m0x09143c9749ba9b8c48d1453532397c882f8bc9cf9ec9bc8c32a4f65991882787 [3melapsed[0m[2m=[0m54.713µs
[2m2026-09-23T16:28:52.837326Z[0m [32m INFO[0m [2mreth_node_events::node[0m[2m:[0m Forkchoice updated [3mhead_block_hash[0m[2m=[0m0x09143c9749ba9b8c48d1453532397c882f8bc9cf9ec9bc8c32a4f65991882787 [3msafe_block_hash[0m[2m=[0m0x09143c9749ba9b8c48d1453532397c882f8bc9cf9ec9bc8c32a4f65991882787 [3mfinalized_block_hash[0m[2m=[0m0x09143c9749ba9b8c48d1453532397c882f8bc9cf9ec9bc8c32a4f65991882787
[2m2026-09-23T16:28:53.048476Z[0m [32m INFO[0m [2mreth_node_events::node[0m[2m:[0m Received new payload from consensus engine [3mnumber[0m[2m=[0m9 [3mhash[0m[2m=[0m0x761864c8405fb42807b63a8062aaf7f9bdbeb18fd96a9d001dfa301392a902d2
[2m2026-09-23T16:28:53.049143Z[0m [32m INFO[0m [2mengine::tree::payload_validator[0m[2m:[0m State root job finished [3mstrategy[0m[2m=[0m"sparse-trie" [3mstate_root[0m[2m=[0m0x5f98d5b16d32acba62b49175337d82b0d5ebdb3cd7fa13a4531b535cbd62f4bc [3melapsed[0m[2m=[0m224.275µs
[2m2026-09-23T16:28:53.089589Z[0m [32m INFO[0m [2mreth_node_events::node[0m[2m:[0m Block added to canonical chain [3mnumber[0m[2m=[0m9 [3mhash[0m[2m=[0m0x761864c8405fb42807b63a8062aaf7f9bdbeb18fd96a9d001dfa301392a902d2 [3mpeers[0m[2m=[0m0 [3mtxs[0m[2m=[0m0 [3mgas_used[0m[2m=[0m110.48Kgas [3mgas_throughput[0m[2m=[0m2.69Mgas/second [3mgas_limit[0m[2m=[0m30.00Mgas [3mfull[0m[2m=[0m0.4% [3mbase_fee[0m[2m=[0m0.30Gwei [3mblobs[0m[2m=[0m0 [3mexcess_blobs[0m[2m=[0m0 [3melapsed[0m[2m=[0m41.058186ms
[2m2026-09-23T16:28:55.233086Z[0m [32m INFO[0m [2mreth_node_events::node[0m[2m:[0m Canonical chain committed [3mnumber[0m[2m=[0m9 [3mhash[0m[2m=[0m0x761864c8405fb42807b63a8062aaf7f9bdbeb18fd96a9d001dfa301392a902d2 [3melapsed[0m[2m=[0m20.286µs
[2m2026-09-23T16:28:55.269314Z[0m [32m INFO[0m [2mreth_node_events::node[0m[2m:[0m Forkchoice updated [3mhead_block_hash[0m[2m=[0m0x761864c8405fb42807b63a8062aaf7f9bdbeb18fd96a9d001dfa301392a902d2 [3msafe_block_hash[0m[2m=[0m0x761864c8405fb42807b63a8062aaf7f9bdbeb18fd96a9d001dfa301392a902d2 [3mfinalized_block_hash[0m[2m=[0m0x761864c8405fb42807b63a8062aaf7f9bdbeb18fd96a9d001dfa301392a902d2
[2m2026-09-23T16:28:55.270885Z[0m [32m INFO[0m [2mpayload_builder[0m[2m:[0m New payload job created [3mid[0m[2m=[0m0xb5dfac0602345bf9 [3mparent[0m[2m=[0m0x761864c8405fb42807b63a8062aaf7f9bdbeb18fd96a9d001dfa301392a902d2
[2m2026-09-23T16:28:55.373825Z[0m [32m INFO[0m [2mreth_node_events::node[0m[2m:[0m Received new payload from consensus engine [3mnumber[0m[2m=[0m10 [3mhash[0m[2m=[0m0xa40f3e1f1eb814eb93451169a447f54b302a04aeb2c1f20386a73adf4d82db26
[2m2026-09-23T16:28:55.374375Z[0m [32m INFO[0m [2mengine::tree::payload_validator[0m[2m:[0m State root job finished [3mstrategy[0m[2m=[0m"sparse-trie" [3mstate_root[0m[2m=[0m0xf312ce5bf3056e9e6da270b8840ea86b05f19fdd2bede030177b7a8e34053e43 [3melapsed[0m[2m=[0m135.647µs
[2m2026-09-23T16:28:55.430590Z[0m [32m INFO[0m [2mreth_node_events::node[0m[2m:[0m Block added to canonical chain [3mnumber[0m[2m=[0m10 [3mhash[0m[2m=[0m0xa40f3e1f1eb814eb93451169a447f54b302a04aeb2c1f20386a73adf4d82db26 [3mpeers[0m[2m=[0m0 [3mtxs[0m[2m=[0m0 [3mgas_used[0m[2m=[0m110.48Kgas [3mgas_throughput[0m[2m=[0m1.95Mgas/second [3mgas_limit[0m[2m=[0m30.00Mgas [3mfull[0m[2m=[0m0.4% [3mbase_fee[0m[2m=[0m0.26Gwei [3mblobs[0m[2m=[0m0 [3mexcess_blobs[0m[2m=[0m0 [3melapsed[0m[2m=[0m56.71704ms
[2m2026-09-23T16:28:57.603076Z[0m [32m INFO[0m [2mreth_node_events::node[0m[2m:[0m Canonical chain committed [3mnumber[0m[2m=[0m10 [3mhash[0m[2m=[0m0xa40f3e1f1eb814eb93451169a447f54b302a04aeb2c1f20386a73adf4d82db26 [3melapsed[0m[2m=[0m27.522µs
[2m2026-09-23T16:28:57.660118Z[0m [32m INFO[0m [2mreth_node_events::node[0m[2m:[0m Forkchoice updated [3mhead_block_hash[0m[2m=[0m0xa40f3e1f1eb814eb93451169a447f54b302a04aeb2c1f20386a73adf4d82db26 [3msafe_block_hash[0m[2m=[0m0xa40f3e1f1eb814eb93451169a447f54b302a04aeb2c1f20386a73adf4d82db26 [3mfinalized_block_hash[0m[2m=[0m0xa40f3e1f1eb814eb93451169a447f54b302a04aeb2c1f20386a73adf4d82db26
[2m2026-09-23T16:28:57.960910Z[0m [32m INFO[0m [2mreth_node_events::node[0m[2m:[0m Received new payload from consensus engine [3mnumber[0m[2m=[0m11 [3mhash[0m[2m=[0m0x1c91981c37e417326fc6055c227915cb8aecd1fe65e359d6749f670cd41cc37a
[2m2026-09-23T16:28:57.962087Z[0m [32m INFO[0m [2mengine::tree::payload_validator[0m[2m:[0m State root job finished [3mstrategy[0m[2m=[0m"sparse-trie" [3mstate_root[0m[2m=[0m0xe90a19eacd6b84bd83013689462333d4ffe327b026093ea7394267805b6259f4 [3melapsed[0m[2m=[0m464.277µs
[2m2026-09-23T16:28:58.020478Z[0m [32m INFO[0m [2mreth_node_events::node[0m[2m:[0m Block added to canonical chain [3mnumber[0m[2m=[0m11 [3mhash[0m[2m=[0m0x1c91981c37e417326fc6055c227915cb8aecd1fe65e359d6749f670cd41cc37a [3mpeers[0m[2m=[0m0 [3mtxs[0m[2m=[0m0 [3mgas_used[0m[2m=[0m110.48Kgas [3mgas_throughput[0m[2m=[0m1.86Mgas/second [3mgas_limit[0m[2m=[0m30.00Mgas [3mfull[0m[2m=[0m0.4% [3mbase_fee[0m[2m=[0m0.23Gwei [3mblobs[0m[2m=[0m0 [3mexcess_blobs[0m[2m=[0m0 [3melapsed[0m[2m=[0m59.456595ms
[2m2026-09-23T16:28:59.762022Z[0m [32m INFO[0m [2mreth_node_events::node[0m[2m:[0m Canonical chain committed [3mnumber[0m[2m=[0m11 [3mhash[0m[2m=[0m0x1c91981c37e417326fc6055c227915cb8aecd1fe65e359d6749f670cd41cc37a [3melapsed[0m[2m=[0m39.471µs
[2m2026-09-23T16:28:59.798672Z[0m [32m INFO[0m [2mreth_node_events::node[0m[2m:[0m Forkchoice updated [3mhead_block_hash[0m[2m=[0m0x1c91981c37e417326fc6055c227915cb8aecd1fe65e359d6749f670cd41cc37a [3msafe_block_hash[0m[2m=[0m0x1c91981c37e417326fc6055c227915cb8aecd1fe65e359d6749f670cd41cc37a [3mfinalized_block_hash[0m[2m=[0m0x1c91981c37e417326fc6055c227915cb8aecd1fe65e359d6749f670cd41cc37a
[2m2026-09-23T16:28:59.799923Z[0m [32m INFO[0m [2mpayload_builder[0m[2m:[0m New payload job created [3mid[0m[2m=[0m0xa91dc5356744fa57 [3mparent[0m[2m=[0m0x1c91981c37e417326fc6055c227915cb8aecd1fe65e359d6749f670cd41cc37a
[2m2026-09-23T16:28:59.999883Z[0m [32m INFO[0m [2mreth_node_events::node[0m[2m:[0m Received new payload from consensus engine [3mnumber[0m[2m=[0m12 [3mhash[0m[2m=[0m0x3b02592dfdbfdf10f40eac7ea217dffd7f96e8c36a62a66690e74281ed92d16d
[2m2026-09-23T16:29:00.000357Z[0m [32m INFO[0m [2mengine::tree::payload_validator[0m[2m:[0m State root job finished [3mstrategy[0m[2m=[0m"sparse-trie" [3mstate_root[0m[2m=[0m0x5d3052c9119f8ba63aee04c4d76b603d7d69e020a5cfdae81cbc192a3b12d96f [3melapsed[0m[2m=[0m152.032µs
[2m2026-09-23T16:29:00.047694Z[0m [32m INFO[0m [2mreth_node_events::node[0m[2m:[0m Block added to canonical chain [3mnumber[0m[2m=[0m12 [3mhash[0m[2m=[0m0x3b02592dfdbfdf10f40eac7ea217dffd7f96e8c36a62a66690e74281ed92d16d [3mpeers[0m[2m=[0m0 [3mtxs[0m[2m=[0m0 [3mgas_used[0m[2m=[0m110.48Kgas [3mgas_throughput[0m[2m=[0m2.30Mgas/second [3mgas_limit[0m[2m=[0m30.00Mgas [3mfull[0m[2m=[0m0.4% [3mbase_fee[0m[2m=[0m0.20Gwei [3mblobs[0m[2m=[0m0 [3mexcess_blobs[0m[2m=[0m0 [3melapsed[0m[2m=[0m47.998756ms
--- evm3 at stall ---
time=2026-09-23T19:28:40.1831+0300 level=INFO source=/Users/risto/uni/agre/bft-core-d2h/shardnode/bftclient.go:750 msg="accepted certificate" class=valid retryOfFailedApply=false partitionRound=6 rootRound=49 blockHash=f66cf9fe35a09996cab6eaa54c559012a08564f47caacb84c64aad716743f28c nextRound=7 nextLeader=16Uiu2HAmEswNh1EbcLoGo7xodBxj5Fnicbdo6Cp7cWmL9waiWoL4 go_id=387
time=2026-09-23T19:28:40.4846+0300 level=INFO source=/Users/risto/uni/agre/bft-core-d2h/engineapi/adapter.go:349 msg="acquired certified parent registry witness" round=7 parentNumber=3 parentHash=f66cf9fe35a09996cab6eaa54c559012a08564f47caacb84c64aad716743f28c go_id=387
time=2026-09-23T19:28:40.6235+0300 level=INFO source=/Users/risto/uni/agre/bft-core-d2h/engineapi/adapter.go:601 msg="verified execution payload" round=7 blockHash=c96d2760fba053606d1acea281aa7eaf09bc4eff1e9c67c5fcbf959deb6d2f67 status=VALID rootInput=8b02030841800700005820f66cf9fe35a09996cab6eaa54c559012a08564f47caacb84c64aad716743f28c88031831011a6ab3fe3658206008cfbcbf5c42804cf3b364a183598c0385e79c3ec77a4c903ad201dbb750218606005820c69dcc7e45e0049b2fb9fc15480a71a23af26fd9b0e289c9731af57cdd43284e5820376b7b26405bab3d5b64befc8bf2a182d8c88c97667136445e06567839d3e2361a6ab3fe345820f66cf9fe35a09996cab6eaa54c559012a08564f47caacb84c64aad716743f28c582053b4707064033880ba57512e3616be3ef991eaa7ac47c872ff196a5a9516c72b5820cce8377234186922f444e20d8bdc7bb525b46893da3ff05af67f0e9fb9cce634850700783531365569753248416d4573774e68314562634c6f476f37786f6442786a35466e696362646f3643703763576d4c39776169576f4c345820df138922fe56eb9f0fee32c478a628c4949c828c676c81bfa28da37bcc2301b55820dfc238a4eea3921380a53cec508be2a5491055e9bc5e7c824846aa33d23005c980 commitment=4fbe33b0d057853ccebd742c8deaa1a02517a9229288a883df3e263c58963e46 go_id=387
time=2026-09-23T19:28:40.6687+0300 level=INFO source=/Users/risto/uni/agre/bft-core-d2h/shardnode/round.go:894 msg="submitting block certification request" round=7 quiet=false leader=false go_id=387
time=2026-09-23T19:28:42.7089+0300 level=INFO source=/Users/risto/uni/agre/bft-core-d2h/shardnode/bftclient.go:750 msg="accepted certificate" class=valid retryOfFailedApply=false partitionRound=7 rootRound=52 blockHash=c96d2760fba053606d1acea281aa7eaf09bc4eff1e9c67c5fcbf959deb6d2f67 nextRound=8 nextLeader=16Uiu2HAmEswNh1EbcLoGo7xodBxj5Fnicbdo6Cp7cWmL9waiWoL4 go_id=387
time=2026-09-23T19:28:43.0010+0300 level=INFO source=/Users/risto/uni/agre/bft-core-d2h/engineapi/adapter.go:349 msg="acquired certified parent registry witness" round=8 parentNumber=4 parentHash=c96d2760fba053606d1acea281aa7eaf09bc4eff1e9c67c5fcbf959deb6d2f67 go_id=387
time=2026-09-23T19:28:43.0959+0300 level=INFO source=/Users/risto/uni/agre/bft-core-d2h/engineapi/adapter.go:601 msg="verified execution payload" round=8 blockHash=49eb2f18a3783ff788995fffb08b554962c45b9de6516354089b6eec0935a93c status=VALID rootInput=8b02030841800800005820c96d2760fba053606d1acea281aa7eaf09bc4eff1e9c67c5fcbf959deb6d2f6788031834011a6ab3fe395820e975dea206b913a8b806a9acbd5b7ad85b8d27720eada710aac1f7e307a540ad8607005820376b7b26405bab3d5b64befc8bf2a182d8c88c97667136445e06567839d3e236582096a8ea944311f0117476dc795bb122fab08ecf91fbe61d734a77f5b759e0cfed1a6ab3fe365820c96d2760fba053606d1acea281aa7eaf09bc4eff1e9c67c5fcbf959deb6d2f67582040e3a3cec8e26fa045cb22335cfbea6147223b10789beae79cbd78e7863b238d5820cce8377234186922f444e20d8bdc7bb525b46893da3ff05af67f0e9fb9cce634850800783531365569753248416d4573774e68314562634c6f476f37786f6442786a35466e696362646f3643703763576d4c39776169576f4c34582070aea2a70153f34fb875c16c8a8a529b5b6ea81b75116571c9990e665b7b55bd5820dfc238a4eea3921380a53cec508be2a5491055e9bc5e7c824846aa33d23005c980 commitment=0b9f1c8d06076bf3fbb8740f9641722374ac0b4ef30e6cc907c6d59eed8fdef1 go_id=387
time=2026-09-23T19:28:43.1184+0300 level=INFO source=/Users/risto/uni/agre/bft-core-d2h/shardnode/round.go:894 msg="submitting block certification request" round=8 quiet=false leader=false go_id=387
time=2026-09-23T19:28:45.0748+0300 level=INFO source=/Users/risto/uni/agre/bft-core-d2h/shardnode/bftclient.go:750 msg="accepted certificate" class=valid retryOfFailedApply=false partitionRound=8 rootRound=56 blockHash=49eb2f18a3783ff788995fffb08b554962c45b9de6516354089b6eec0935a93c nextRound=9 nextLeader=16Uiu2HAm6mJpxKAEWRakGNteUU3p8EqqPFbJJ9XpLR3oPpLnXnrX go_id=387
time=2026-09-23T19:28:45.2143+0300 level=INFO source=/Users/risto/uni/agre/bft-core-d2h/engineapi/adapter.go:349 msg="acquired certified parent registry witness" round=9 parentNumber=5 parentHash=49eb2f18a3783ff788995fffb08b554962c45b9de6516354089b6eec0935a93c go_id=387
time=2026-09-23T19:28:45.4426+0300 level=INFO source=/Users/risto/uni/agre/bft-core-d2h/engineapi/adapter.go:601 msg="verified execution payload" round=9 blockHash=6e9894625da48bc91e6643fa03696c4c45975e8047068ef65cbf0a1f365a267e status=VALID rootInput=8b0203084180090000582049eb2f18a3783ff788995fffb08b554962c45b9de6516354089b6eec0935a93c88031838011a6ab3fe3b582063ca443e3c5d34f209363e5e37141e9aaa2e74aa4455823da9ec6faf83f68196860800582096a8ea944311f0117476dc795bb122fab08ecf91fbe61d734a77f5b759e0cfed58206b453061b7bf3e1df02ddf0604e16c509a1855584331f9e555f08eca809f1ca21a6ab3fe39582049eb2f18a3783ff788995fffb08b554962c45b9de6516354089b6eec0935a93c5820dc4236ccb2105a8156d51379ad7cb4c1d07e7b7f4d3451f7724ea781010a44a25820cce8377234186922f444e20d8bdc7bb525b46893da3ff05af67f0e9fb9cce634850900783531365569753248416d366d4a70784b41455752616b474e746555553370384571715046624a4a3958704c52336f50704c6e586e72585820fd51768dcd18e831f34fe87e3b8dfbfbcf6c1ee3d87c89f490053dc95657d3e25820dfc238a4eea3921380a53cec508be2a5491055e9bc5e7c824846aa33d23005c980 commitment=63d78514af7baf11acc33d19b321e78a29ce8507ee5dfe11dfd49e5600ac7483 go_id=387
time=2026-09-23T19:28:45.4641+0300 level=INFO source=/Users/risto/uni/agre/bft-core-d2h/shardnode/round.go:894 msg="submitting block certification request" round=9 quiet=false leader=false go_id=387
time=2026-09-23T19:28:47.2734+0300 level=INFO source=/Users/risto/uni/agre/bft-core-d2h/shardnode/bftclient.go:750 msg="accepted certificate" class=valid retryOfFailedApply=false partitionRound=9 rootRound=59 blockHash=6e9894625da48bc91e6643fa03696c4c45975e8047068ef65cbf0a1f365a267e nextRound=10 nextLeader=16Uiu2HAm7KnLUzsEnSCRoP63XcdBip8V6XRztA1E8JcN6w3avr91 go_id=387
time=2026-09-23T19:28:47.5486+0300 level=INFO source=/Users/risto/uni/agre/bft-core-d2h/engineapi/adapter.go:349 msg="acquired certified parent registry witness" round=10 parentNumber=6 parentHash=6e9894625da48bc91e6643fa03696c4c45975e8047068ef65cbf0a1f365a267e go_id=387
time=2026-09-23T19:28:47.7422+0300 level=INFO source=/Users/risto/uni/agre/bft-core-d2h/engineapi/adapter.go:601 msg="verified execution payload" round=10 blockHash=e7566b4abcd10d56baaec9373c429e003405f1d0b76c2248baa1424da073e852 status=VALID rootInput=8b02030841800a000058206e9894625da48bc91e6643fa03696c4c45975e8047068ef65cbf0a1f365a267e8803183b011a6ab3fe3d582052761cc42dc0a7b24715f5edc60184068e2f905fd588e4bfdf47ab50931e4b2086090058206b453061b7bf3e1df02ddf0604e16c509a1855584331f9e555f08eca809f1ca2582027e32221c3610faaaa722cf3044ca93c8026d475376d7abe302ec6413c3edeea1a6ab3fe3b58206e9894625da48bc91e6643fa03696c4c45975e8047068ef65cbf0a1f365a267e58204ffe27d534fa95fe672b52ca9e72891f7e45c9504f46149f2359645b6070dbc85820cce8377234186922f444e20d8bdc7bb525b46893da3ff05af67f0e9fb9cce634850a00783531365569753248416d374b6e4c557a73456e5343526f50363358636442697038563658527a74413145384a634e367733617672393158202b2d11f26a66416659951633d1a6add2b49851b53477805f77f35d1910f134595820dfc238a4eea3921380a53cec508be2a5491055e9bc5e7c824846aa33d23005c980 commitment=4daaa91266a3e9fa84d2e312d7c63db2e1e86b0b35b8da5f13617f310bb97cfd go_id=387
time=2026-09-23T19:28:47.8125+0300 level=INFO source=/Users/risto/uni/agre/bft-core-d2h/shardnode/round.go:894 msg="submitting block certification request" round=10 quiet=false leader=false go_id=387
time=2026-09-23T19:28:49.6419+0300 level=INFO source=/Users/risto/uni/agre/bft-core-d2h/shardnode/bftclient.go:750 msg="accepted certificate" class=valid retryOfFailedApply=false partitionRound=10 rootRound=62 blockHash=e7566b4abcd10d56baaec9373c429e003405f1d0b76c2248baa1424da073e852 nextRound=11 nextLeader=16Uiu2HAm7KnLUzsEnSCRoP63XcdBip8V6XRztA1E8JcN6w3avr91 go_id=387
time=2026-09-23T19:28:49.8635+0300 level=INFO source=/Users/risto/uni/agre/bft-core-d2h/engineapi/adapter.go:349 msg="acquired certified parent registry witness" round=11 parentNumber=7 parentHash=e7566b4abcd10d56baaec9373c429e003405f1d0b76c2248baa1424da073e852 go_id=387
time=2026-09-23T19:28:50.0305+0300 level=INFO source=/Users/risto/uni/agre/bft-core-d2h/engineapi/adapter.go:601 msg="verified execution payload" round=11 blockHash=09143c9749ba9b8c48d1453532397c882f8bc9cf9ec9bc8c32a4f65991882787 status=VALID rootInput=8b02030841800b00005820e7566b4abcd10d56baaec9373c429e003405f1d0b76c2248baa1424da073e8528803183e011a6ab3fe4058208e13736b3a4c04bb48c46f1d32b73973fc6090fd2e08dceb7e83fdd2d646395b860a00582027e32221c3610faaaa722cf3044ca93c8026d475376d7abe302ec6413c3edeea582016c21a7c5f7636018636335dfcd1fba75c65108c82329c07e0922cfb94f035301a6ab3fe3d5820e7566b4abcd10d56baaec9373c429e003405f1d0b76c2248baa1424da073e8525820b12696bca5eca2b4cd60d54144e31fa96bb3f1afaf13feec19ea7009af9a500a5820cce8377234186922f444e20d8bdc7bb525b46893da3ff05af67f0e9fb9cce634850b00783531365569753248416d374b6e4c557a73456e5343526f50363358636442697038563658527a74413145384a634e36773361767239315820101043b065d61ef49e7a42cf883e67042ea56a0a4c7b8b2b9437b62de325a2065820dfc238a4eea3921380a53cec508be2a5491055e9bc5e7c824846aa33d23005c980 commitment=779733d122eafb916f2020511e388ee9dfcbe78a948479ae60359c519aca7f85 go_id=387
time=2026-09-23T19:28:50.0691+0300 level=INFO source=/Users/risto/uni/agre/bft-core-d2h/shardnode/round.go:894 msg="submitting block certification request" round=11 quiet=false leader=false go_id=387
time=2026-09-23T19:28:52.8000+0300 level=INFO source=/Users/risto/uni/agre/bft-core-d2h/shardnode/bftclient.go:750 msg="accepted certificate" class=valid retryOfFailedApply=false partitionRound=11 rootRound=66 blockHash=09143c9749ba9b8c48d1453532397c882f8bc9cf9ec9bc8c32a4f65991882787 nextRound=12 nextLeader=16Uiu2HAmHCC6qYEfQ58f1VLrdtNWhAf31S15DQyBvNU4ZKJiWUej go_id=387
time=2026-09-23T19:28:52.8036+0300 level=INFO source=/Users/risto/uni/agre/bft-core-d2h/engineapi/adapter.go:349 msg="acquired certified parent registry witness" round=12 parentNumber=8 parentHash=09143c9749ba9b8c48d1453532397c882f8bc9cf9ec9bc8c32a4f65991882787 go_id=387
time=2026-09-23T19:28:52.9321+0300 level=INFO source=/Users/risto/uni/agre/bft-core-d2h/engineapi/adapter.go:461 msg="sealed execution payload" blockHash=761864c8405fb42807b63a8062aaf7f9bdbeb18fd96a9d001dfa301392a902d2 parentHash=09143c9749ba9b8c48d1453532397c882f8bc9cf9ec9bc8c32a4f65991882787 userTransactions=0 rootInput=8b02030841800c0000582009143c9749ba9b8c48d1453532397c882f8bc9cf9ec9bc8c32a4f6599188278788031842011a6ab3fe4358208b2a0af1ee3b8c93791221d1aad3bcca179b1dbe7ffa9241f0aab50ee87607ab860b00582016c21a7c5f7636018636335dfcd1fba75c65108c82329c07e0922cfb94f0353058208f9ae1e0fcfd83af058b91124fbc1e8de354dce71398905f190d5928a29e25db1a6ab3fe40582009143c9749ba9b8c48d1453532397c882f8bc9cf9ec9bc8c32a4f659918827875820175dc72fd53b62e20b9935a1cd8c5478001b23e3cbb4e96215b62b9b47b7515c5820cce8377234186922f444e20d8bdc7bb525b46893da3ff05af67f0e9fb9cce634850c00783531365569753248416d48434336715945665135386631564c7264744e57684166333153313544517942764e55345a4b4a695755656a58200ba7bf1d77cbe2c5cc90a2490e347fd23862f1ba440eedd88ddb759d5a5d18be5820dfc238a4eea3921380a53cec508be2a5491055e9bc5e7c824846aa33d23005c980 commitment=98d00da20329382abec8bfdd3a33c3b4bbde46663ed6db66a5f9d3e1cbeb2ae8 go_id=387
time=2026-09-23T19:28:52.9534+0300 level=INFO source=/Users/risto/uni/agre/bft-core-d2h/engineapi/adapter.go:349 msg="acquired certified parent registry witness" round=12 parentNumber=8 parentHash=09143c9749ba9b8c48d1453532397c882f8bc9cf9ec9bc8c32a4f65991882787 go_id=387
time=2026-09-23T19:28:52.9544+0300 level=WARN source=/Users/risto/uni/agre/bft-core-d2h/network/network.go:180 msg="sending /unicity/shard-payload/1.0.0 to 16Uiu2HAmEswNh1EbcLoGo7xodBxj5Fnicbdo6Cp7cWmL9waiWoL4" err="open p2p stream: failed to dial: failed to dial 16Uiu2HAmEswNh1EbcLoGo7xodBxj5Fnicbdo6Cp7cWmL9waiWoL4: all dials failed\n  * [/ip4/127.0.0.1/tcp/28111] dial tcp4 127.0.0.1:28111: connect: connection refused" go_id=478
time=2026-09-23T19:28:53.0485+0300 level=INFO source=/Users/risto/uni/agre/bft-core-d2h/engineapi/adapter.go:601 msg="verified execution payload" round=12 blockHash=761864c8405fb42807b63a8062aaf7f9bdbeb18fd96a9d001dfa301392a902d2 status=VALID rootInput=8b02030841800c0000582009143c9749ba9b8c48d1453532397c882f8bc9cf9ec9bc8c32a4f6599188278788031842011a6ab3fe4358208b2a0af1ee3b8c93791221d1aad3bcca179b1dbe7ffa9241f0aab50ee87607ab860b00582016c21a7c5f7636018636335dfcd1fba75c65108c82329c07e0922cfb94f0353058208f9ae1e0fcfd83af058b91124fbc1e8de354dce71398905f190d5928a29e25db1a6ab3fe40582009143c9749ba9b8c48d1453532397c882f8bc9cf9ec9bc8c32a4f659918827875820175dc72fd53b62e20b9935a1cd8c5478001b23e3cbb4e96215b62b9b47b7515c5820cce8377234186922f444e20d8bdc7bb525b46893da3ff05af67f0e9fb9cce634850c00783531365569753248416d48434336715945665135386631564c7264744e57684166333153313544517942764e55345a4b4a695755656a58200ba7bf1d77cbe2c5cc90a2490e347fd23862f1ba440eedd88ddb759d5a5d18be5820dfc238a4eea3921380a53cec508be2a5491055e9bc5e7c824846aa33d23005c980 commitment=98d00da20329382abec8bfdd3a33c3b4bbde46663ed6db66a5f9d3e1cbeb2ae8 go_id=387
time=2026-09-23T19:28:53.0691+0300 level=INFO source=/Users/risto/uni/agre/bft-core-d2h/shardnode/round.go:894 msg="submitting block certification request" round=12 quiet=false leader=true go_id=387
time=2026-09-23T19:28:55.2318+0300 level=INFO source=/Users/risto/uni/agre/bft-core-d2h/shardnode/bftclient.go:750 msg="accepted certificate" class=valid retryOfFailedApply=false partitionRound=12 rootRound=69 blockHash=761864c8405fb42807b63a8062aaf7f9bdbeb18fd96a9d001dfa301392a902d2 nextRound=13 nextLeader=16Uiu2HAm6mJpxKAEWRakGNteUU3p8EqqPFbJJ9XpLR3oPpLnXnrX go_id=387
time=2026-09-23T19:28:55.3560+0300 level=INFO source=/Users/risto/uni/agre/bft-core-d2h/engineapi/adapter.go:349 msg="acquired certified parent registry witness" round=13 parentNumber=9 parentHash=761864c8405fb42807b63a8062aaf7f9bdbeb18fd96a9d001dfa301392a902d2 go_id=387
time=2026-09-23T19:28:55.5054+0300 level=INFO source=/Users/risto/uni/agre/bft-core-d2h/engineapi/adapter.go:601 msg="verified execution payload" round=13 blockHash=a40f3e1f1eb814eb93451169a447f54b302a04aeb2c1f20386a73adf4d82db26 status=VALID rootInput=8b02030841800d00005820761864c8405fb42807b63a8062aaf7f9bdbeb18fd96a9d001dfa301392a902d288031845011a6ab3fe455820cb6825ee06c6ba32f3ef441673999791f9000d699ab6d6c5b45fa61150b144ec860c0058208f9ae1e0fcfd83af058b91124fbc1e8de354dce71398905f190d5928a29e25db58205f98d5b16d32acba62b49175337d82b0d5ebdb3cd7fa13a4531b535cbd62f4bc1a6ab3fe435820761864c8405fb42807b63a8062aaf7f9bdbeb18fd96a9d001dfa301392a902d25820a2bfa63e50ae4e5b74e9cadb660c4b922141325ae2e3c80144719e8f82d2b6025820cce8377234186922f444e20d8bdc7bb525b46893da3ff05af67f0e9fb9cce634850d00783531365569753248416d366d4a70784b41455752616b474e746555553370384571715046624a4a3958704c52336f50704c6e586e7258582013fcddf6bc98698b1c4e61cbf32fcb83a39af2c49c4e7916f5fb5cdb3826d2b35820dfc238a4eea3921380a53cec508be2a5491055e9bc5e7c824846aa33d23005c980 commitment=3d0828a1d8ae3122bfa9e2fd7ca11465370a34f53cdf017421af9e2a4fc31db3 go_id=387
time=2026-09-23T19:28:55.5457+0300 level=INFO source=/Users/risto/uni/agre/bft-core-d2h/shardnode/round.go:894 msg="submitting block certification request" round=13 quiet=false leader=false go_id=387
time=2026-09-23T19:28:57.6016+0300 level=INFO source=/Users/risto/uni/agre/bft-core-d2h/shardnode/bftclient.go:750 msg="accepted certificate" class=valid retryOfFailedApply=false partitionRound=13 rootRound=72 blockHash=a40f3e1f1eb814eb93451169a447f54b302a04aeb2c1f20386a73adf4d82db26 nextRound=14 nextLeader=16Uiu2HAm7KnLUzsEnSCRoP63XcdBip8V6XRztA1E8JcN6w3avr91 go_id=387
time=2026-09-23T19:28:57.8899+0300 level=INFO source=/Users/risto/uni/agre/bft-core-d2h/engineapi/adapter.go:349 msg="acquired certified parent registry witness" round=14 parentNumber=10 parentHash=a40f3e1f1eb814eb93451169a447f54b302a04aeb2c1f20386a73adf4d82db26 go_id=387
time=2026-09-23T19:28:58.0799+0300 level=INFO source=/Users/risto/uni/agre/bft-core-d2h/engineapi/adapter.go:601 msg="verified execution payload" round=14 blockHash=1c91981c37e417326fc6055c227915cb8aecd1fe65e359d6749f670cd41cc37a status=VALID rootInput=8b02030841800e00005820a40f3e1f1eb814eb93451169a447f54b302a04aeb2c1f20386a73adf4d82db2688031848011a6ab3fe485820c8694acd6dbea6f5aa0a483ea5f5f69867796e68050372c7521928842ed29a0f860d0058205f98d5b16d32acba62b49175337d82b0d5ebdb3cd7fa13a4531b535cbd62f4bc5820f312ce5bf3056e9e6da270b8840ea86b05f19fdd2bede030177b7a8e34053e431a6ab3fe455820a40f3e1f1eb814eb93451169a447f54b302a04aeb2c1f20386a73adf4d82db265820072ade2a01b42901d0d263024469828f3f5cad38f0c98662a351ca73b82b9e6e5820cce8377234186922f444e20d8bdc7bb525b46893da3ff05af67f0e9fb9cce634850e00783531365569753248416d374b6e4c557a73456e5343526f50363358636442697038563658527a74413145384a634e367733617672393158208f5f495f6aeefdb8457f3739c96ffb095cd47d1bd3432964fdada721dbbb5c715820dfc238a4eea3921380a53cec508be2a5491055e9bc5e7c824846aa33d23005c980 commitment=71933b25cf0a0ccb031c2af4d6fd1a6f1eda39fc020f4f191747fbf26afecfba go_id=387
time=2026-09-23T19:28:58.1243+0300 level=INFO source=/Users/risto/uni/agre/bft-core-d2h/shardnode/round.go:894 msg="submitting block certification request" round=14 quiet=false leader=false go_id=387
time=2026-09-23T19:28:59.7608+0300 level=INFO source=/Users/risto/uni/agre/bft-core-d2h/shardnode/bftclient.go:750 msg="accepted certificate" class=valid retryOfFailedApply=false partitionRound=14 rootRound=75 blockHash=1c91981c37e417326fc6055c227915cb8aecd1fe65e359d6749f670cd41cc37a nextRound=15 nextLeader=16Uiu2HAm6mJpxKAEWRakGNteUU3p8EqqPFbJJ9XpLR3oPpLnXnrX go_id=387
time=2026-09-23T19:28:59.9764+0300 level=INFO source=/Users/risto/uni/agre/bft-core-d2h/engineapi/adapter.go:349 msg="acquired certified parent registry witness" round=15 parentNumber=11 parentHash=1c91981c37e417326fc6055c227915cb8aecd1fe65e359d6749f670cd41cc37a go_id=387
time=2026-09-23T19:29:00.0991+0300 level=INFO source=/Users/risto/uni/agre/bft-core-d2h/engineapi/adapter.go:601 msg="verified execution payload" round=15 blockHash=3b02592dfdbfdf10f40eac7ea217dffd7f96e8c36a62a66690e74281ed92d16d status=VALID rootInput=8b02030841800f000058201c91981c37e417326fc6055c227915cb8aecd1fe65e359d6749f670cd41cc37a8803184b011a6ab3fe4a58207d193994e81923c0e0542e2ebb150e8ab7f9a935da3d81da89c5e822a6951d63860e005820f312ce5bf3056e9e6da270b8840ea86b05f19fdd2bede030177b7a8e34053e435820e90a19eacd6b84bd83013689462333d4ffe327b026093ea7394267805b6259f41a6ab3fe4858201c91981c37e417326fc6055c227915cb8aecd1fe65e359d6749f670cd41cc37a582082bbb430f0b1ec516e33fcc6799be6acd03e71dae4f49892c9e12f42e997ee945820cce8377234186922f444e20d8bdc7bb525b46893da3ff05af67f0e9fb9cce634850f00783531365569753248416d366d4a70784b41455752616b474e746555553370384571715046624a4a3958704c52336f50704c6e586e725858204ff7640d92b02499b1564c933e47866fcd0efc6e4aa2af28ffa429d837f2599b5820dfc238a4eea3921380a53cec508be2a5491055e9bc5e7c824846aa33d23005c980 commitment=49e7a66db14bd5da32302f32226593321b440fe2ce09d75ceb5c92d058e8dbde go_id=387
time=2026-09-23T19:29:00.1378+0300 level=INFO source=/Users/risto/uni/agre/bft-core-d2h/shardnode/round.go:894 msg="submitting block certification request" round=15 quiet=false leader=false go_id=387
time=2026-09-23T19:29:01.9881+0300 level=INFO source=/Users/risto/uni/agre/bft-core-d2h/shardnode/bftclient.go:750 msg="accepted certificate" class=valid retryOfFailedApply=false partitionRound=15 rootRound=78 blockHash=3b02592dfdbfdf10f40eac7ea217dffd7f96e8c36a62a66690e74281ed92d16d nextRound=16 nextLeader=16Uiu2HAm7KnLUzsEnSCRoP63XcdBip8V6XRztA1E8JcN6w3avr91 go_id=387
--- reth3 at stall ---
[2m2026-09-23T16:28:42.787694Z[0m [32m INFO[0m [2mreth_node_events::node[0m[2m:[0m Forkchoice updated [3mhead_block_hash[0m[2m=[0m0xc96d2760fba053606d1acea281aa7eaf09bc4eff1e9c67c5fcbf959deb6d2f67 [3msafe_block_hash[0m[2m=[0m0xc96d2760fba053606d1acea281aa7eaf09bc4eff1e9c67c5fcbf959deb6d2f67 [3mfinalized_block_hash[0m[2m=[0m0xc96d2760fba053606d1acea281aa7eaf09bc4eff1e9c67c5fcbf959deb6d2f67
[2m2026-09-23T16:28:43.056771Z[0m [32m INFO[0m [2mreth_node_events::node[0m[2m:[0m Received new payload from consensus engine [3mnumber[0m[2m=[0m5 [3mhash[0m[2m=[0m0x49eb2f18a3783ff788995fffb08b554962c45b9de6516354089b6eec0935a93c
[2m2026-09-23T16:28:43.058336Z[0m [32m INFO[0m [2mengine::tree::payload_validator[0m[2m:[0m State root job finished [3mstrategy[0m[2m=[0m"sparse-trie" [3mstate_root[0m[2m=[0m0x6b453061b7bf3e1df02ddf0604e16c509a1855584331f9e555f08eca809f1ca2 [3melapsed[0m[2m=[0m695.007µs
[2m2026-09-23T16:28:43.093449Z[0m [32m INFO[0m [2mreth_node_events::node[0m[2m:[0m Block added to canonical chain [3mnumber[0m[2m=[0m5 [3mhash[0m[2m=[0m0x49eb2f18a3783ff788995fffb08b554962c45b9de6516354089b6eec0935a93c [3mpeers[0m[2m=[0m0 [3mtxs[0m[2m=[0m0 [3mgas_used[0m[2m=[0m110.48Kgas [3mgas_throughput[0m[2m=[0m3.02Mgas/second [3mgas_limit[0m[2m=[0m30.00Mgas [3mfull[0m[2m=[0m0.4% [3mbase_fee[0m[2m=[0m0.51Gwei [3mblobs[0m[2m=[0m0 [3mexcess_blobs[0m[2m=[0m0 [3melapsed[0m[2m=[0m36.614933ms
[2m2026-09-23T16:28:45.076092Z[0m [32m INFO[0m [2mreth_node_events::node[0m[2m:[0m Canonical chain committed [3mnumber[0m[2m=[0m5 [3mhash[0m[2m=[0m0x49eb2f18a3783ff788995fffb08b554962c45b9de6516354089b6eec0935a93c [3melapsed[0m[2m=[0m33.922µs
[2m2026-09-23T16:28:45.113234Z[0m [32m INFO[0m [2mreth_node_events::node[0m[2m:[0m Forkchoice updated [3mhead_block_hash[0m[2m=[0m0x49eb2f18a3783ff788995fffb08b554962c45b9de6516354089b6eec0935a93c [3msafe_block_hash[0m[2m=[0m0x49eb2f18a3783ff788995fffb08b554962c45b9de6516354089b6eec0935a93c [3mfinalized_block_hash[0m[2m=[0m0x49eb2f18a3783ff788995fffb08b554962c45b9de6516354089b6eec0935a93c
[2m2026-09-23T16:28:45.311403Z[0m [32m INFO[0m [2mreth_node_events::node[0m[2m:[0m Received new payload from consensus engine [3mnumber[0m[2m=[0m6 [3mhash[0m[2m=[0m0x6e9894625da48bc91e6643fa03696c4c45975e8047068ef65cbf0a1f365a267e
[2m2026-09-23T16:28:45.313291Z[0m [32m INFO[0m [2mengine::tree::payload_validator[0m[2m:[0m State root job finished [3mstrategy[0m[2m=[0m"sparse-trie" [3mstate_root[0m[2m=[0m0x27e32221c3610faaaa722cf3044ca93c8026d475376d7abe302ec6413c3edeea [3melapsed[0m[2m=[0m1.079415ms
[2m2026-09-23T16:28:45.384751Z[0m [32m INFO[0m [2mreth_node_events::node[0m[2m:[0m Block added to canonical chain [3mnumber[0m[2m=[0m6 [3mhash[0m[2m=[0m0x6e9894625da48bc91e6643fa03696c4c45975e8047068ef65cbf0a1f365a267e [3mpeers[0m[2m=[0m0 [3mtxs[0m[2m=[0m0 [3mgas_used[0m[2m=[0m110.48Kgas [3mgas_throughput[0m[2m=[0m1.51Mgas/second [3mgas_limit[0m[2m=[0m30.00Mgas [3mfull[0m[2m=[0m0.4% [3mbase_fee[0m[2m=[0m0.45Gwei [3mblobs[0m[2m=[0m0 [3mexcess_blobs[0m[2m=[0m0 [3melapsed[0m[2m=[0m73.315751ms
[2m2026-09-23T16:28:47.350890Z[0m [32m INFO[0m [2mreth_node_events::node[0m[2m:[0m Canonical chain committed [3mnumber[0m[2m=[0m6 [3mhash[0m[2m=[0m0x6e9894625da48bc91e6643fa03696c4c45975e8047068ef65cbf0a1f365a267e [3melapsed[0m[2m=[0m27.72µs
[2m2026-09-23T16:28:47.408573Z[0m [32m INFO[0m [2mreth_node_events::node[0m[2m:[0m Forkchoice updated [3mhead_block_hash[0m[2m=[0m0x6e9894625da48bc91e6643fa03696c4c45975e8047068ef65cbf0a1f365a267e [3msafe_block_hash[0m[2m=[0m0x6e9894625da48bc91e6643fa03696c4c45975e8047068ef65cbf0a1f365a267e [3mfinalized_block_hash[0m[2m=[0m0x6e9894625da48bc91e6643fa03696c4c45975e8047068ef65cbf0a1f365a267e
[2m2026-09-23T16:28:47.624988Z[0m [32m INFO[0m [2mreth_node_events::node[0m[2m:[0m Received new payload from consensus engine [3mnumber[0m[2m=[0m7 [3mhash[0m[2m=[0m0xe7566b4abcd10d56baaec9373c429e003405f1d0b76c2248baa1424da073e852
[2m2026-09-23T16:28:47.625879Z[0m [32m INFO[0m [2mengine::tree::payload_validator[0m[2m:[0m State root job finished [3mstrategy[0m[2m=[0m"sparse-trie" [3mstate_root[0m[2m=[0m0x16c21a7c5f7636018636335dfcd1fba75c65108c82329c07e0922cfb94f03530 [3melapsed[0m[2m=[0m373.017µs
[2m2026-09-23T16:28:47.684287Z[0m [32m INFO[0m [2mreth_node_events::node[0m[2m:[0m Block added to canonical chain [3mnumber[0m[2m=[0m7 [3mhash[0m[2m=[0m0xe7566b4abcd10d56baaec9373c429e003405f1d0b76c2248baa1424da073e852 [3mpeers[0m[2m=[0m0 [3mtxs[0m[2m=[0m0 [3mgas_used[0m[2m=[0m110.48Kgas [3mgas_throughput[0m[2m=[0m1.87Mgas/second [3mgas_limit[0m[2m=[0m30.00Mgas [3mfull[0m[2m=[0m0.4% [3mbase_fee[0m[2m=[0m0.39Gwei [3mblobs[0m[2m=[0m0 [3mexcess_blobs[0m[2m=[0m0 [3melapsed[0m[2m=[0m59.104381ms
[2m2026-09-23T16:28:49.680253Z[0m [32m INFO[0m [2mreth_node_events::node[0m[2m:[0m Canonical chain committed [3mnumber[0m[2m=[0m7 [3mhash[0m[2m=[0m0xe7566b4abcd10d56baaec9373c429e003405f1d0b76c2248baa1424da073e852 [3melapsed[0m[2m=[0m39.574µs
[2m2026-09-23T16:28:49.716281Z[0m [32m INFO[0m [2mreth_node_events::node[0m[2m:[0m Forkchoice updated [3mhead_block_hash[0m[2m=[0m0xe7566b4abcd10d56baaec9373c429e003405f1d0b76c2248baa1424da073e852 [3msafe_block_hash[0m[2m=[0m0xe7566b4abcd10d56baaec9373c429e003405f1d0b76c2248baa1424da073e852 [3mfinalized_block_hash[0m[2m=[0m0xe7566b4abcd10d56baaec9373c429e003405f1d0b76c2248baa1424da073e852
[2m2026-09-23T16:28:49.917143Z[0m [32m INFO[0m [2mreth_node_events::node[0m[2m:[0m Received new payload from consensus engine [3mnumber[0m[2m=[0m8 [3mhash[0m[2m=[0m0x09143c9749ba9b8c48d1453532397c882f8bc9cf9ec9bc8c32a4f65991882787
[2m2026-09-23T16:28:49.918143Z[0m [32m INFO[0m [2mengine::tree::payload_validator[0m[2m:[0m State root job finished [3mstrategy[0m[2m=[0m"sparse-trie" [3mstate_root[0m[2m=[0m0x8f9ae1e0fcfd83af058b91124fbc1e8de354dce71398905f190d5928a29e25db [3melapsed[0m[2m=[0m291.467µs
[2m2026-09-23T16:28:49.992738Z[0m [32m INFO[0m [2mreth_node_events::node[0m[2m:[0m Block added to canonical chain [3mnumber[0m[2m=[0m8 [3mhash[0m[2m=[0m0x09143c9749ba9b8c48d1453532397c882f8bc9cf9ec9bc8c32a4f65991882787 [3mpeers[0m[2m=[0m0 [3mtxs[0m[2m=[0m0 [3mgas_used[0m[2m=[0m110.48Kgas [3mgas_throughput[0m[2m=[0m1.46Mgas/second [3mgas_limit[0m[2m=[0m30.00Mgas [3mfull[0m[2m=[0m0.4% [3mbase_fee[0m[2m=[0m0.34Gwei [3mblobs[0m[2m=[0m0 [3mexcess_blobs[0m[2m=[0m0 [3melapsed[0m[2m=[0m75.574143ms
[2m2026-09-23T16:28:52.800777Z[0m [32m INFO[0m [2mreth_node_events::node[0m[2m:[0m Canonical chain committed [3mnumber[0m[2m=[0m8 [3mhash[0m[2m=[0m0x09143c9749ba9b8c48d1453532397c882f8bc9cf9ec9bc8c32a4f65991882787 [3melapsed[0m[2m=[0m58.718µs
[2m2026-09-23T16:28:52.837555Z[0m [32m INFO[0m [2mreth_node_events::node[0m[2m:[0m Forkchoice updated [3mhead_block_hash[0m[2m=[0m0x09143c9749ba9b8c48d1453532397c882f8bc9cf9ec9bc8c32a4f65991882787 [3msafe_block_hash[0m[2m=[0m0x09143c9749ba9b8c48d1453532397c882f8bc9cf9ec9bc8c32a4f65991882787 [3mfinalized_block_hash[0m[2m=[0m0x09143c9749ba9b8c48d1453532397c882f8bc9cf9ec9bc8c32a4f65991882787
[2m2026-09-23T16:28:52.838582Z[0m [32m INFO[0m [2mpayload_builder[0m[2m:[0m New payload job created [3mid[0m[2m=[0m0x0dd7f6fe162f97bc [3mparent[0m[2m=[0m0x09143c9749ba9b8c48d1453532397c882f8bc9cf9ec9bc8c32a4f65991882787
[2m2026-09-23T16:28:52.976328Z[0m [32m INFO[0m [2mreth_node_events::node[0m[2m:[0m Received new payload from consensus engine [3mnumber[0m[2m=[0m9 [3mhash[0m[2m=[0m0x761864c8405fb42807b63a8062aaf7f9bdbeb18fd96a9d001dfa301392a902d2
[2m2026-09-23T16:28:52.976834Z[0m [32m INFO[0m [2mengine::tree::payload_validator[0m[2m:[0m State root job finished [3mstrategy[0m[2m=[0m"sparse-trie" [3mstate_root[0m[2m=[0m0x5f98d5b16d32acba62b49175337d82b0d5ebdb3cd7fa13a4531b535cbd62f4bc [3melapsed[0m[2m=[0m73.886µs
[2m2026-09-23T16:28:53.011577Z[0m [32m INFO[0m [2mreth_node_events::node[0m[2m:[0m Block added to canonical chain [3mnumber[0m[2m=[0m9 [3mhash[0m[2m=[0m0x761864c8405fb42807b63a8062aaf7f9bdbeb18fd96a9d001dfa301392a902d2 [3mpeers[0m[2m=[0m0 [3mtxs[0m[2m=[0m0 [3mgas_used[0m[2m=[0m110.48Kgas [3mgas_throughput[0m[2m=[0m3.13Mgas/second [3mgas_limit[0m[2m=[0m30.00Mgas [3mfull[0m[2m=[0m0.4% [3mbase_fee[0m[2m=[0m0.30Gwei [3mblobs[0m[2m=[0m0 [3mexcess_blobs[0m[2m=[0m0 [3melapsed[0m[2m=[0m35.261509ms
[2m2026-09-23T16:28:55.232927Z[0m [32m INFO[0m [2mreth_node_events::node[0m[2m:[0m Canonical chain committed [3mnumber[0m[2m=[0m9 [3mhash[0m[2m=[0m0x761864c8405fb42807b63a8062aaf7f9bdbeb18fd96a9d001dfa301392a902d2 [3melapsed[0m[2m=[0m29.075µs
[2m2026-09-23T16:28:55.269307Z[0m [32m INFO[0m [2mreth_node_events::node[0m[2m:[0m Forkchoice updated [3mhead_block_hash[0m[2m=[0m0x761864c8405fb42807b63a8062aaf7f9bdbeb18fd96a9d001dfa301392a902d2 [3msafe_block_hash[0m[2m=[0m0x761864c8405fb42807b63a8062aaf7f9bdbeb18fd96a9d001dfa301392a902d2 [3mfinalized_block_hash[0m[2m=[0m0x761864c8405fb42807b63a8062aaf7f9bdbeb18fd96a9d001dfa301392a902d2
[2m2026-09-23T16:28:55.410094Z[0m [32m INFO[0m [2mreth_node_events::node[0m[2m:[0m Received new payload from consensus engine [3mnumber[0m[2m=[0m10 [3mhash[0m[2m=[0m0xa40f3e1f1eb814eb93451169a447f54b302a04aeb2c1f20386a73adf4d82db26
[2m2026-09-23T16:28:55.411186Z[0m [32m INFO[0m [2mengine::tree::payload_validator[0m[2m:[0m State root job finished [3mstrategy[0m[2m=[0m"sparse-trie" [3mstate_root[0m[2m=[0m0xf312ce5bf3056e9e6da270b8840ea86b05f19fdd2bede030177b7a8e34053e43 [3melapsed[0m[2m=[0m280.134µs
[2m2026-09-23T16:28:55.467490Z[0m [32m INFO[0m [2mreth_node_events::node[0m[2m:[0m Block added to canonical chain [3mnumber[0m[2m=[0m10 [3mhash[0m[2m=[0m0xa40f3e1f1eb814eb93451169a447f54b302a04aeb2c1f20386a73adf4d82db26 [3mpeers[0m[2m=[0m0 [3mtxs[0m[2m=[0m0 [3mgas_used[0m[2m=[0m110.48Kgas [3mgas_throughput[0m[2m=[0m1.93Mgas/second [3mgas_limit[0m[2m=[0m30.00Mgas [3mfull[0m[2m=[0m0.4% [3mbase_fee[0m[2m=[0m0.26Gwei [3mblobs[0m[2m=[0m0 [3mexcess_blobs[0m[2m=[0m0 [3melapsed[0m[2m=[0m57.359717ms
[2m2026-09-23T16:28:57.602904Z[0m [32m INFO[0m [2mreth_node_events::node[0m[2m:[0m Canonical chain committed [3mnumber[0m[2m=[0m10 [3mhash[0m[2m=[0m0xa40f3e1f1eb814eb93451169a447f54b302a04aeb2c1f20386a73adf4d82db26 [3melapsed[0m[2m=[0m32.518µs
[2m2026-09-23T16:28:57.660118Z[0m [32m INFO[0m [2mreth_node_events::node[0m[2m:[0m Forkchoice updated [3mhead_block_hash[0m[2m=[0m0xa40f3e1f1eb814eb93451169a447f54b302a04aeb2c1f20386a73adf4d82db26 [3msafe_block_hash[0m[2m=[0m0xa40f3e1f1eb814eb93451169a447f54b302a04aeb2c1f20386a73adf4d82db26 [3mfinalized_block_hash[0m[2m=[0m0xa40f3e1f1eb814eb93451169a447f54b302a04aeb2c1f20386a73adf4d82db26
[2m2026-09-23T16:28:57.960947Z[0m [32m INFO[0m [2mreth_node_events::node[0m[2m:[0m Received new payload from consensus engine [3mnumber[0m[2m=[0m11 [3mhash[0m[2m=[0m0x1c91981c37e417326fc6055c227915cb8aecd1fe65e359d6749f670cd41cc37a
[2m2026-09-23T16:28:57.962091Z[0m [32m INFO[0m [2mengine::tree::payload_validator[0m[2m:[0m State root job finished [3mstrategy[0m[2m=[0m"sparse-trie" [3mstate_root[0m[2m=[0m0xe90a19eacd6b84bd83013689462333d4ffe327b026093ea7394267805b6259f4 [3melapsed[0m[2m=[0m436.101µs
[2m2026-09-23T16:28:58.020447Z[0m [32m INFO[0m [2mreth_node_events::node[0m[2m:[0m Block added to canonical chain [3mnumber[0m[2m=[0m11 [3mhash[0m[2m=[0m0x1c91981c37e417326fc6055c227915cb8aecd1fe65e359d6749f670cd41cc37a [3mpeers[0m[2m=[0m0 [3mtxs[0m[2m=[0m0 [3mgas_used[0m[2m=[0m110.48Kgas [3mgas_throughput[0m[2m=[0m1.86Mgas/second [3mgas_limit[0m[2m=[0m30.00Mgas [3mfull[0m[2m=[0m0.4% [3mbase_fee[0m[2m=[0m0.23Gwei [3mblobs[0m[2m=[0m0 [3mexcess_blobs[0m[2m=[0m0 [3melapsed[0m[2m=[0m59.415801ms
[2m2026-09-23T16:28:59.799245Z[0m [32m INFO[0m [2mreth_node_events::node[0m[2m:[0m Canonical chain committed [3mnumber[0m[2m=[0m11 [3mhash[0m[2m=[0m0x1c91981c37e417326fc6055c227915cb8aecd1fe65e359d6749f670cd41cc37a [3melapsed[0m[2m=[0m20.189µs
[2m2026-09-23T16:28:59.851954Z[0m [32m INFO[0m [2mreth_node_events::node[0m[2m:[0m Forkchoice updated [3mhead_block_hash[0m[2m=[0m0x1c91981c37e417326fc6055c227915cb8aecd1fe65e359d6749f670cd41cc37a [3msafe_block_hash[0m[2m=[0m0x1c91981c37e417326fc6055c227915cb8aecd1fe65e359d6749f670cd41cc37a [3mfinalized_block_hash[0m[2m=[0m0x1c91981c37e417326fc6055c227915cb8aecd1fe65e359d6749f670cd41cc37a
[2m2026-09-23T16:29:00.048271Z[0m [32m INFO[0m [2mreth_node_events::node[0m[2m:[0m Received new payload from consensus engine [3mnumber[0m[2m=[0m12 [3mhash[0m[2m=[0m0x3b02592dfdbfdf10f40eac7ea217dffd7f96e8c36a62a66690e74281ed92d16d
[2m2026-09-23T16:29:00.049159Z[0m [32m INFO[0m [2mengine::tree::payload_validator[0m[2m:[0m State root job finished [3mstrategy[0m[2m=[0m"sparse-trie" [3mstate_root[0m[2m=[0m0x5d3052c9119f8ba63aee04c4d76b603d7d69e020a5cfdae81cbc192a3b12d96f [3melapsed[0m[2m=[0m253.877µs
[2m2026-09-23T16:29:00.072537Z[0m [32m INFO[0m [2mreth_node_events::node[0m[2m:[0m Block added to canonical chain [3mnumber[0m[2m=[0m12 [3mhash[0m[2m=[0m0x3b02592dfdbfdf10f40eac7ea217dffd7f96e8c36a62a66690e74281ed92d16d [3mpeers[0m[2m=[0m0 [3mtxs[0m[2m=[0m0 [3mgas_used[0m[2m=[0m110.48Kgas [3mgas_throughput[0m[2m=[0m4.61Mgas/second [3mgas_limit[0m[2m=[0m30.00Mgas [3mfull[0m[2m=[0m0.4% [3mbase_fee[0m[2m=[0m0.20Gwei [3mblobs[0m[2m=[0m0 [3mexcess_blobs[0m[2m=[0m0 [3melapsed[0m[2m=[0m23.960639ms
[2m2026-09-23T16:29:01.990734Z[0m [32m INFO[0m [2mreth_node_events::node[0m[2m:[0m Canonical chain committed [3mnumber[0m[2m=[0m12 [3mhash[0m[2m=[0m0x3b02592dfdbfdf10f40eac7ea217dffd7f96e8c36a62a66690e74281ed92d16d [3melapsed[0m[2m=[0m26.21µs
[2m2026-09-23T16:29:02.013490Z[0m [32m INFO[0m [2mreth_node_events::node[0m[2m:[0m Forkchoice updated [3mhead_block_hash[0m[2m=[0m0x3b02592dfdbfdf10f40eac7ea217dffd7f96e8c36a62a66690e74281ed92d16d [3msafe_block_hash[0m[2m=[0m0x3b02592dfdbfdf10f40eac7ea217dffd7f96e8c36a62a66690e74281ed92d16d [3mfinalized_block_hash[0m[2m=[0m0x3b02592dfdbfdf10f40eac7ea217dffd7f96e8c36a62a66690e74281ed92d16d
--- evm4 at stall ---
time=2026-09-23T19:28:43.1185+0300 level=INFO source=/Users/risto/uni/agre/bft-core-d2h/shardnode/round.go:894 msg="submitting block certification request" round=8 quiet=false leader=false go_id=246
time=2026-09-23T19:28:45.0746+0300 level=INFO source=/Users/risto/uni/agre/bft-core-d2h/shardnode/bftclient.go:750 msg="accepted certificate" class=valid retryOfFailedApply=false partitionRound=8 rootRound=56 blockHash=49eb2f18a3783ff788995fffb08b554962c45b9de6516354089b6eec0935a93c nextRound=9 nextLeader=16Uiu2HAm6mJpxKAEWRakGNteUU3p8EqqPFbJJ9XpLR3oPpLnXnrX go_id=246
time=2026-09-23T19:28:45.2141+0300 level=INFO source=/Users/risto/uni/agre/bft-core-d2h/engineapi/adapter.go:349 msg="acquired certified parent registry witness" round=9 parentNumber=5 parentHash=49eb2f18a3783ff788995fffb08b554962c45b9de6516354089b6eec0935a93c go_id=246
time=2026-09-23T19:28:45.4218+0300 level=INFO source=/Users/risto/uni/agre/bft-core-d2h/engineapi/adapter.go:601 msg="verified execution payload" round=9 blockHash=6e9894625da48bc91e6643fa03696c4c45975e8047068ef65cbf0a1f365a267e status=VALID rootInput=8b0203084180090000582049eb2f18a3783ff788995fffb08b554962c45b9de6516354089b6eec0935a93c88031838011a6ab3fe3b582063ca443e3c5d34f209363e5e37141e9aaa2e74aa4455823da9ec6faf83f68196860800582096a8ea944311f0117476dc795bb122fab08ecf91fbe61d734a77f5b759e0cfed58206b453061b7bf3e1df02ddf0604e16c509a1855584331f9e555f08eca809f1ca21a6ab3fe39582049eb2f18a3783ff788995fffb08b554962c45b9de6516354089b6eec0935a93c5820dc4236ccb2105a8156d51379ad7cb4c1d07e7b7f4d3451f7724ea781010a44a25820cce8377234186922f444e20d8bdc7bb525b46893da3ff05af67f0e9fb9cce634850900783531365569753248416d366d4a70784b41455752616b474e746555553370384571715046624a4a3958704c52336f50704c6e586e72585820fd51768dcd18e831f34fe87e3b8dfbfbcf6c1ee3d87c89f490053dc95657d3e25820dfc238a4eea3921380a53cec508be2a5491055e9bc5e7c824846aa33d23005c980 commitment=63d78514af7baf11acc33d19b321e78a29ce8507ee5dfe11dfd49e5600ac7483 go_id=246
time=2026-09-23T19:28:45.4435+0300 level=INFO source=/Users/risto/uni/agre/bft-core-d2h/shardnode/round.go:894 msg="submitting block certification request" round=9 quiet=false leader=false go_id=246
time=2026-09-23T19:28:47.2731+0300 level=INFO source=/Users/risto/uni/agre/bft-core-d2h/shardnode/bftclient.go:750 msg="accepted certificate" class=valid retryOfFailedApply=false partitionRound=9 rootRound=59 blockHash=6e9894625da48bc91e6643fa03696c4c45975e8047068ef65cbf0a1f365a267e nextRound=10 nextLeader=16Uiu2HAm7KnLUzsEnSCRoP63XcdBip8V6XRztA1E8JcN6w3avr91 go_id=246
time=2026-09-23T19:28:47.3532+0300 level=INFO source=/Users/risto/uni/agre/bft-core-d2h/engineapi/adapter.go:349 msg="acquired certified parent registry witness" round=10 parentNumber=6 parentHash=6e9894625da48bc91e6643fa03696c4c45975e8047068ef65cbf0a1f365a267e go_id=246
time=2026-09-23T19:28:47.5242+0300 level=INFO source=/Users/risto/uni/agre/bft-core-d2h/engineapi/adapter.go:461 msg="sealed execution payload" blockHash=e7566b4abcd10d56baaec9373c429e003405f1d0b76c2248baa1424da073e852 parentHash=6e9894625da48bc91e6643fa03696c4c45975e8047068ef65cbf0a1f365a267e userTransactions=0 rootInput=8b02030841800a000058206e9894625da48bc91e6643fa03696c4c45975e8047068ef65cbf0a1f365a267e8803183b011a6ab3fe3d582052761cc42dc0a7b24715f5edc60184068e2f905fd588e4bfdf47ab50931e4b2086090058206b453061b7bf3e1df02ddf0604e16c509a1855584331f9e555f08eca809f1ca2582027e32221c3610faaaa722cf3044ca93c8026d475376d7abe302ec6413c3edeea1a6ab3fe3b58206e9894625da48bc91e6643fa03696c4c45975e8047068ef65cbf0a1f365a267e58204ffe27d534fa95fe672b52ca9e72891f7e45c9504f46149f2359645b6070dbc85820cce8377234186922f444e20d8bdc7bb525b46893da3ff05af67f0e9fb9cce634850a00783531365569753248416d374b6e4c557a73456e5343526f50363358636442697038563658527a74413145384a634e367733617672393158202b2d11f26a66416659951633d1a6add2b49851b53477805f77f35d1910f134595820dfc238a4eea3921380a53cec508be2a5491055e9bc5e7c824846aa33d23005c980 commitment=4daaa91266a3e9fa84d2e312d7c63db2e1e86b0b35b8da5f13617f310bb97cfd go_id=246
time=2026-09-23T19:28:47.5462+0300 level=INFO source=/Users/risto/uni/agre/bft-core-d2h/engineapi/adapter.go:349 msg="acquired certified parent registry witness" round=10 parentNumber=6 parentHash=6e9894625da48bc91e6643fa03696c4c45975e8047068ef65cbf0a1f365a267e go_id=246
time=2026-09-23T19:28:47.5476+0300 level=WARN source=/Users/risto/uni/agre/bft-core-d2h/network/network.go:180 msg="sending /unicity/shard-payload/1.0.0 to 16Uiu2HAmEswNh1EbcLoGo7xodBxj5Fnicbdo6Cp7cWmL9waiWoL4" err="open p2p stream: failed to dial: failed to dial 16Uiu2HAmEswNh1EbcLoGo7xodBxj5Fnicbdo6Cp7cWmL9waiWoL4: all dials failed\n  * [/ip4/127.0.0.1/tcp/28111] dial tcp4 127.0.0.1:28111: connect: connection refused" go_id=489
time=2026-09-23T19:28:47.6626+0300 level=INFO source=/Users/risto/uni/agre/bft-core-d2h/engineapi/adapter.go:601 msg="verified execution payload" round=10 blockHash=e7566b4abcd10d56baaec9373c429e003405f1d0b76c2248baa1424da073e852 status=VALID rootInput=8b02030841800a000058206e9894625da48bc91e6643fa03696c4c45975e8047068ef65cbf0a1f365a267e8803183b011a6ab3fe3d582052761cc42dc0a7b24715f5edc60184068e2f905fd588e4bfdf47ab50931e4b2086090058206b453061b7bf3e1df02ddf0604e16c509a1855584331f9e555f08eca809f1ca2582027e32221c3610faaaa722cf3044ca93c8026d475376d7abe302ec6413c3edeea1a6ab3fe3b58206e9894625da48bc91e6643fa03696c4c45975e8047068ef65cbf0a1f365a267e58204ffe27d534fa95fe672b52ca9e72891f7e45c9504f46149f2359645b6070dbc85820cce8377234186922f444e20d8bdc7bb525b46893da3ff05af67f0e9fb9cce634850a00783531365569753248416d374b6e4c557a73456e5343526f50363358636442697038563658527a74413145384a634e367733617672393158202b2d11f26a66416659951633d1a6add2b49851b53477805f77f35d1910f134595820dfc238a4eea3921380a53cec508be2a5491055e9bc5e7c824846aa33d23005c980 commitment=4daaa91266a3e9fa84d2e312d7c63db2e1e86b0b35b8da5f13617f310bb97cfd go_id=246
time=2026-09-23T19:28:47.6854+0300 level=INFO source=/Users/risto/uni/agre/bft-core-d2h/shardnode/round.go:894 msg="submitting block certification request" round=10 quiet=false leader=true go_id=246
time=2026-09-23T19:28:49.6419+0300 level=INFO source=/Users/risto/uni/agre/bft-core-d2h/shardnode/bftclient.go:750 msg="accepted certificate" class=valid retryOfFailedApply=false partitionRound=10 rootRound=62 blockHash=e7566b4abcd10d56baaec9373c429e003405f1d0b76c2248baa1424da073e852 nextRound=11 nextLeader=16Uiu2HAm7KnLUzsEnSCRoP63XcdBip8V6XRztA1E8JcN6w3avr91 go_id=246
time=2026-09-23T19:28:49.6840+0300 level=INFO source=/Users/risto/uni/agre/bft-core-d2h/engineapi/adapter.go:349 msg="acquired certified parent registry witness" round=11 parentNumber=7 parentHash=e7566b4abcd10d56baaec9373c429e003405f1d0b76c2248baa1424da073e852 go_id=246
time=2026-09-23T19:28:49.8153+0300 level=INFO source=/Users/risto/uni/agre/bft-core-d2h/engineapi/adapter.go:461 msg="sealed execution payload" blockHash=09143c9749ba9b8c48d1453532397c882f8bc9cf9ec9bc8c32a4f65991882787 parentHash=e7566b4abcd10d56baaec9373c429e003405f1d0b76c2248baa1424da073e852 userTransactions=0 rootInput=8b02030841800b00005820e7566b4abcd10d56baaec9373c429e003405f1d0b76c2248baa1424da073e8528803183e011a6ab3fe4058208e13736b3a4c04bb48c46f1d32b73973fc6090fd2e08dceb7e83fdd2d646395b860a00582027e32221c3610faaaa722cf3044ca93c8026d475376d7abe302ec6413c3edeea582016c21a7c5f7636018636335dfcd1fba75c65108c82329c07e0922cfb94f035301a6ab3fe3d5820e7566b4abcd10d56baaec9373c429e003405f1d0b76c2248baa1424da073e8525820b12696bca5eca2b4cd60d54144e31fa96bb3f1afaf13feec19ea7009af9a500a5820cce8377234186922f444e20d8bdc7bb525b46893da3ff05af67f0e9fb9cce634850b00783531365569753248416d374b6e4c557a73456e5343526f50363358636442697038563658527a74413145384a634e36773361767239315820101043b065d61ef49e7a42cf883e67042ea56a0a4c7b8b2b9437b62de325a2065820dfc238a4eea3921380a53cec508be2a5491055e9bc5e7c824846aa33d23005c980 commitment=779733d122eafb916f2020511e388ee9dfcbe78a948479ae60359c519aca7f85 go_id=246
time=2026-09-23T19:28:49.8584+0300 level=INFO source=/Users/risto/uni/agre/bft-core-d2h/engineapi/adapter.go:349 msg="acquired certified parent registry witness" round=11 parentNumber=7 parentHash=e7566b4abcd10d56baaec9373c429e003405f1d0b76c2248baa1424da073e852 go_id=246
time=2026-09-23T19:28:49.8594+0300 level=WARN source=/Users/risto/uni/agre/bft-core-d2h/network/network.go:180 msg="sending /unicity/shard-payload/1.0.0 to 16Uiu2HAmEswNh1EbcLoGo7xodBxj5Fnicbdo6Cp7cWmL9waiWoL4" err="open p2p stream: failed to dial: failed to dial 16Uiu2HAmEswNh1EbcLoGo7xodBxj5Fnicbdo6Cp7cWmL9waiWoL4: all dials failed\n  * [/ip4/127.0.0.1/tcp/28111] dial backoff" go_id=430
time=2026-09-23T19:28:50.0305+0300 level=INFO source=/Users/risto/uni/agre/bft-core-d2h/engineapi/adapter.go:601 msg="verified execution payload" round=11 blockHash=09143c9749ba9b8c48d1453532397c882f8bc9cf9ec9bc8c32a4f65991882787 status=VALID rootInput=8b02030841800b00005820e7566b4abcd10d56baaec9373c429e003405f1d0b76c2248baa1424da073e8528803183e011a6ab3fe4058208e13736b3a4c04bb48c46f1d32b73973fc6090fd2e08dceb7e83fdd2d646395b860a00582027e32221c3610faaaa722cf3044ca93c8026d475376d7abe302ec6413c3edeea582016c21a7c5f7636018636335dfcd1fba75c65108c82329c07e0922cfb94f035301a6ab3fe3d5820e7566b4abcd10d56baaec9373c429e003405f1d0b76c2248baa1424da073e8525820b12696bca5eca2b4cd60d54144e31fa96bb3f1afaf13feec19ea7009af9a500a5820cce8377234186922f444e20d8bdc7bb525b46893da3ff05af67f0e9fb9cce634850b00783531365569753248416d374b6e4c557a73456e5343526f50363358636442697038563658527a74413145384a634e36773361767239315820101043b065d61ef49e7a42cf883e67042ea56a0a4c7b8b2b9437b62de325a2065820dfc238a4eea3921380a53cec508be2a5491055e9bc5e7c824846aa33d23005c980 commitment=779733d122eafb916f2020511e388ee9dfcbe78a948479ae60359c519aca7f85 go_id=246
time=2026-09-23T19:28:50.0691+0300 level=INFO source=/Users/risto/uni/agre/bft-core-d2h/shardnode/round.go:894 msg="submitting block certification request" round=11 quiet=false leader=true go_id=246
time=2026-09-23T19:28:52.8002+0300 level=INFO source=/Users/risto/uni/agre/bft-core-d2h/shardnode/bftclient.go:750 msg="accepted certificate" class=valid retryOfFailedApply=false partitionRound=11 rootRound=66 blockHash=09143c9749ba9b8c48d1453532397c882f8bc9cf9ec9bc8c32a4f65991882787 nextRound=12 nextLeader=16Uiu2HAmHCC6qYEfQ58f1VLrdtNWhAf31S15DQyBvNU4ZKJiWUej go_id=246
time=2026-09-23T19:28:52.9565+0300 level=INFO source=/Users/risto/uni/agre/bft-core-d2h/engineapi/adapter.go:349 msg="acquired certified parent registry witness" round=12 parentNumber=8 parentHash=09143c9749ba9b8c48d1453532397c882f8bc9cf9ec9bc8c32a4f65991882787 go_id=246
time=2026-09-23T19:28:53.1268+0300 level=INFO source=/Users/risto/uni/agre/bft-core-d2h/engineapi/adapter.go:601 msg="verified execution payload" round=12 blockHash=761864c8405fb42807b63a8062aaf7f9bdbeb18fd96a9d001dfa301392a902d2 status=VALID rootInput=8b02030841800c0000582009143c9749ba9b8c48d1453532397c882f8bc9cf9ec9bc8c32a4f6599188278788031842011a6ab3fe4358208b2a0af1ee3b8c93791221d1aad3bcca179b1dbe7ffa9241f0aab50ee87607ab860b00582016c21a7c5f7636018636335dfcd1fba75c65108c82329c07e0922cfb94f0353058208f9ae1e0fcfd83af058b91124fbc1e8de354dce71398905f190d5928a29e25db1a6ab3fe40582009143c9749ba9b8c48d1453532397c882f8bc9cf9ec9bc8c32a4f659918827875820175dc72fd53b62e20b9935a1cd8c5478001b23e3cbb4e96215b62b9b47b7515c5820cce8377234186922f444e20d8bdc7bb525b46893da3ff05af67f0e9fb9cce634850c00783531365569753248416d48434336715945665135386631564c7264744e57684166333153313544517942764e55345a4b4a695755656a58200ba7bf1d77cbe2c5cc90a2490e347fd23862f1ba440eedd88ddb759d5a5d18be5820dfc238a4eea3921380a53cec508be2a5491055e9bc5e7c824846aa33d23005c980 commitment=98d00da20329382abec8bfdd3a33c3b4bbde46663ed6db66a5f9d3e1cbeb2ae8 go_id=246
time=2026-09-23T19:28:53.1905+0300 level=INFO source=/Users/risto/uni/agre/bft-core-d2h/shardnode/round.go:894 msg="submitting block certification request" round=12 quiet=false leader=false go_id=246
time=2026-09-23T19:28:55.2324+0300 level=INFO source=/Users/risto/uni/agre/bft-core-d2h/shardnode/bftclient.go:750 msg="accepted certificate" class=valid retryOfFailedApply=false partitionRound=12 rootRound=69 blockHash=761864c8405fb42807b63a8062aaf7f9bdbeb18fd96a9d001dfa301392a902d2 nextRound=13 nextLeader=16Uiu2HAm6mJpxKAEWRakGNteUU3p8EqqPFbJJ9XpLR3oPpLnXnrX go_id=246
time=2026-09-23T19:28:55.3556+0300 level=INFO source=/Users/risto/uni/agre/bft-core-d2h/engineapi/adapter.go:349 msg="acquired certified parent registry witness" round=13 parentNumber=9 parentHash=761864c8405fb42807b63a8062aaf7f9bdbeb18fd96a9d001dfa301392a902d2 go_id=246
time=2026-09-23T19:28:55.5053+0300 level=INFO source=/Users/risto/uni/agre/bft-core-d2h/engineapi/adapter.go:601 msg="verified execution payload" round=13 blockHash=a40f3e1f1eb814eb93451169a447f54b302a04aeb2c1f20386a73adf4d82db26 status=VALID rootInput=8b02030841800d00005820761864c8405fb42807b63a8062aaf7f9bdbeb18fd96a9d001dfa301392a902d288031845011a6ab3fe455820cb6825ee06c6ba32f3ef441673999791f9000d699ab6d6c5b45fa61150b144ec860c0058208f9ae1e0fcfd83af058b91124fbc1e8de354dce71398905f190d5928a29e25db58205f98d5b16d32acba62b49175337d82b0d5ebdb3cd7fa13a4531b535cbd62f4bc1a6ab3fe435820761864c8405fb42807b63a8062aaf7f9bdbeb18fd96a9d001dfa301392a902d25820a2bfa63e50ae4e5b74e9cadb660c4b922141325ae2e3c80144719e8f82d2b6025820cce8377234186922f444e20d8bdc7bb525b46893da3ff05af67f0e9fb9cce634850d00783531365569753248416d366d4a70784b41455752616b474e746555553370384571715046624a4a3958704c52336f50704c6e586e7258582013fcddf6bc98698b1c4e61cbf32fcb83a39af2c49c4e7916f5fb5cdb3826d2b35820dfc238a4eea3921380a53cec508be2a5491055e9bc5e7c824846aa33d23005c980 commitment=3d0828a1d8ae3122bfa9e2fd7ca11465370a34f53cdf017421af9e2a4fc31db3 go_id=246
time=2026-09-23T19:28:55.5460+0300 level=INFO source=/Users/risto/uni/agre/bft-core-d2h/shardnode/round.go:894 msg="submitting block certification request" round=13 quiet=false leader=false go_id=246
time=2026-09-23T19:28:57.6021+0300 level=INFO source=/Users/risto/uni/agre/bft-core-d2h/shardnode/bftclient.go:750 msg="accepted certificate" class=valid retryOfFailedApply=false partitionRound=13 rootRound=72 blockHash=a40f3e1f1eb814eb93451169a447f54b302a04aeb2c1f20386a73adf4d82db26 nextRound=14 nextLeader=16Uiu2HAm7KnLUzsEnSCRoP63XcdBip8V6XRztA1E8JcN6w3avr91 go_id=246
time=2026-09-23T19:28:57.6066+0300 level=INFO source=/Users/risto/uni/agre/bft-core-d2h/engineapi/adapter.go:349 msg="acquired certified parent registry witness" round=14 parentNumber=10 parentHash=a40f3e1f1eb814eb93451169a447f54b302a04aeb2c1f20386a73adf4d82db26 go_id=246
time=2026-09-23T19:28:57.8422+0300 level=INFO source=/Users/risto/uni/agre/bft-core-d2h/engineapi/adapter.go:461 msg="sealed execution payload" blockHash=1c91981c37e417326fc6055c227915cb8aecd1fe65e359d6749f670cd41cc37a parentHash=a40f3e1f1eb814eb93451169a447f54b302a04aeb2c1f20386a73adf4d82db26 userTransactions=0 rootInput=8b02030841800e00005820a40f3e1f1eb814eb93451169a447f54b302a04aeb2c1f20386a73adf4d82db2688031848011a6ab3fe485820c8694acd6dbea6f5aa0a483ea5f5f69867796e68050372c7521928842ed29a0f860d0058205f98d5b16d32acba62b49175337d82b0d5ebdb3cd7fa13a4531b535cbd62f4bc5820f312ce5bf3056e9e6da270b8840ea86b05f19fdd2bede030177b7a8e34053e431a6ab3fe455820a40f3e1f1eb814eb93451169a447f54b302a04aeb2c1f20386a73adf4d82db265820072ade2a01b42901d0d263024469828f3f5cad38f0c98662a351ca73b82b9e6e5820cce8377234186922f444e20d8bdc7bb525b46893da3ff05af67f0e9fb9cce634850e00783531365569753248416d374b6e4c557a73456e5343526f50363358636442697038563658527a74413145384a634e367733617672393158208f5f495f6aeefdb8457f3739c96ffb095cd47d1bd3432964fdada721dbbb5c715820dfc238a4eea3921380a53cec508be2a5491055e9bc5e7c824846aa33d23005c980 commitment=71933b25cf0a0ccb031c2af4d6fd1a6f1eda39fc020f4f191747fbf26afecfba go_id=246
time=2026-09-23T19:28:57.8865+0300 level=INFO source=/Users/risto/uni/agre/bft-core-d2h/engineapi/adapter.go:349 msg="acquired certified parent registry witness" round=14 parentNumber=10 parentHash=a40f3e1f1eb814eb93451169a447f54b302a04aeb2c1f20386a73adf4d82db26 go_id=246
time=2026-09-23T19:28:57.8878+0300 level=WARN source=/Users/risto/uni/agre/bft-core-d2h/network/network.go:180 msg="sending /unicity/shard-payload/1.0.0 to 16Uiu2HAmEswNh1EbcLoGo7xodBxj5Fnicbdo6Cp7cWmL9waiWoL4" err="open p2p stream: failed to dial: failed to dial 16Uiu2HAmEswNh1EbcLoGo7xodBxj5Fnicbdo6Cp7cWmL9waiWoL4: all dials failed\n  * [/ip4/127.0.0.1/tcp/28111] dial tcp4 127.0.0.1:28111: connect: connection refused" go_id=570
time=2026-09-23T19:28:58.0800+0300 level=INFO source=/Users/risto/uni/agre/bft-core-d2h/engineapi/adapter.go:601 msg="verified execution payload" round=14 blockHash=1c91981c37e417326fc6055c227915cb8aecd1fe65e359d6749f670cd41cc37a status=VALID rootInput=8b02030841800e00005820a40f3e1f1eb814eb93451169a447f54b302a04aeb2c1f20386a73adf4d82db2688031848011a6ab3fe485820c8694acd6dbea6f5aa0a483ea5f5f69867796e68050372c7521928842ed29a0f860d0058205f98d5b16d32acba62b49175337d82b0d5ebdb3cd7fa13a4531b535cbd62f4bc5820f312ce5bf3056e9e6da270b8840ea86b05f19fdd2bede030177b7a8e34053e431a6ab3fe455820a40f3e1f1eb814eb93451169a447f54b302a04aeb2c1f20386a73adf4d82db265820072ade2a01b42901d0d263024469828f3f5cad38f0c98662a351ca73b82b9e6e5820cce8377234186922f444e20d8bdc7bb525b46893da3ff05af67f0e9fb9cce634850e00783531365569753248416d374b6e4c557a73456e5343526f50363358636442697038563658527a74413145384a634e367733617672393158208f5f495f6aeefdb8457f3739c96ffb095cd47d1bd3432964fdada721dbbb5c715820dfc238a4eea3921380a53cec508be2a5491055e9bc5e7c824846aa33d23005c980 commitment=71933b25cf0a0ccb031c2af4d6fd1a6f1eda39fc020f4f191747fbf26afecfba go_id=246
time=2026-09-23T19:28:58.1243+0300 level=INFO source=/Users/risto/uni/agre/bft-core-d2h/shardnode/round.go:894 msg="submitting block certification request" round=14 quiet=false leader=true go_id=246
time=2026-09-23T19:28:59.7607+0300 level=INFO source=/Users/risto/uni/agre/bft-core-d2h/shardnode/bftclient.go:750 msg="accepted certificate" class=valid retryOfFailedApply=false partitionRound=14 rootRound=75 blockHash=1c91981c37e417326fc6055c227915cb8aecd1fe65e359d6749f670cd41cc37a nextRound=15 nextLeader=16Uiu2HAm6mJpxKAEWRakGNteUU3p8EqqPFbJJ9XpLR3oPpLnXnrX go_id=246
time=2026-09-23T19:28:59.9765+0300 level=INFO source=/Users/risto/uni/agre/bft-core-d2h/engineapi/adapter.go:349 msg="acquired certified parent registry witness" round=15 parentNumber=11 parentHash=1c91981c37e417326fc6055c227915cb8aecd1fe65e359d6749f670cd41cc37a go_id=246
time=2026-09-23T19:29:00.0991+0300 level=INFO source=/Users/risto/uni/agre/bft-core-d2h/engineapi/adapter.go:601 msg="verified execution payload" round=15 blockHash=3b02592dfdbfdf10f40eac7ea217dffd7f96e8c36a62a66690e74281ed92d16d status=VALID rootInput=8b02030841800f000058201c91981c37e417326fc6055c227915cb8aecd1fe65e359d6749f670cd41cc37a8803184b011a6ab3fe4a58207d193994e81923c0e0542e2ebb150e8ab7f9a935da3d81da89c5e822a6951d63860e005820f312ce5bf3056e9e6da270b8840ea86b05f19fdd2bede030177b7a8e34053e435820e90a19eacd6b84bd83013689462333d4ffe327b026093ea7394267805b6259f41a6ab3fe4858201c91981c37e417326fc6055c227915cb8aecd1fe65e359d6749f670cd41cc37a582082bbb430f0b1ec516e33fcc6799be6acd03e71dae4f49892c9e12f42e997ee945820cce8377234186922f444e20d8bdc7bb525b46893da3ff05af67f0e9fb9cce634850f00783531365569753248416d366d4a70784b41455752616b474e746555553370384571715046624a4a3958704c52336f50704c6e586e725858204ff7640d92b02499b1564c933e47866fcd0efc6e4aa2af28ffa429d837f2599b5820dfc238a4eea3921380a53cec508be2a5491055e9bc5e7c824846aa33d23005c980 commitment=49e7a66db14bd5da32302f32226593321b440fe2ce09d75ceb5c92d058e8dbde go_id=246
time=2026-09-23T19:29:00.1377+0300 level=INFO source=/Users/risto/uni/agre/bft-core-d2h/shardnode/round.go:894 msg="submitting block certification request" round=15 quiet=false leader=false go_id=246
time=2026-09-23T19:29:01.9885+0300 level=INFO source=/Users/risto/uni/agre/bft-core-d2h/shardnode/bftclient.go:750 msg="accepted certificate" class=valid retryOfFailedApply=false partitionRound=15 rootRound=78 blockHash=3b02592dfdbfdf10f40eac7ea217dffd7f96e8c36a62a66690e74281ed92d16d nextRound=16 nextLeader=16Uiu2HAm7KnLUzsEnSCRoP63XcdBip8V6XRztA1E8JcN6w3avr91 go_id=246
time=2026-09-23T19:29:01.9936+0300 level=INFO source=/Users/risto/uni/agre/bft-core-d2h/engineapi/adapter.go:349 msg="acquired certified parent registry witness" round=16 parentNumber=12 parentHash=3b02592dfdbfdf10f40eac7ea217dffd7f96e8c36a62a66690e74281ed92d16d go_id=246
--- reth4 at stall ---
[2m2026-09-23T16:28:45.311602Z[0m [32m INFO[0m [2mreth_node_events::node[0m[2m:[0m Received new payload from consensus engine [3mnumber[0m[2m=[0m6 [3mhash[0m[2m=[0m0x6e9894625da48bc91e6643fa03696c4c45975e8047068ef65cbf0a1f365a267e
[2m2026-09-23T16:28:45.313196Z[0m [32m INFO[0m [2mengine::tree::payload_validator[0m[2m:[0m State root job finished [3mstrategy[0m[2m=[0m"sparse-trie" [3mstate_root[0m[2m=[0m0x27e32221c3610faaaa722cf3044ca93c8026d475376d7abe302ec6413c3edeea [3melapsed[0m[2m=[0m861.552µs
[2m2026-09-23T16:28:45.347445Z[0m [32m INFO[0m [2mreth_node_events::node[0m[2m:[0m Block added to canonical chain [3mnumber[0m[2m=[0m6 [3mhash[0m[2m=[0m0x6e9894625da48bc91e6643fa03696c4c45975e8047068ef65cbf0a1f365a267e [3mpeers[0m[2m=[0m0 [3mtxs[0m[2m=[0m0 [3mgas_used[0m[2m=[0m110.48Kgas [3mgas_throughput[0m[2m=[0m3.07Mgas/second [3mgas_limit[0m[2m=[0m30.00Mgas [3mfull[0m[2m=[0m0.4% [3mbase_fee[0m[2m=[0m0.45Gwei [3mblobs[0m[2m=[0m0 [3mexcess_blobs[0m[2m=[0m0 [3melapsed[0m[2m=[0m35.987893ms
[2m2026-09-23T16:28:47.350905Z[0m [32m INFO[0m [2mreth_node_events::node[0m[2m:[0m Canonical chain committed [3mnumber[0m[2m=[0m6 [3mhash[0m[2m=[0m0x6e9894625da48bc91e6643fa03696c4c45975e8047068ef65cbf0a1f365a267e [3melapsed[0m[2m=[0m24.288µs
[2m2026-09-23T16:28:47.408592Z[0m [32m INFO[0m [2mreth_node_events::node[0m[2m:[0m Forkchoice updated [3mhead_block_hash[0m[2m=[0m0x6e9894625da48bc91e6643fa03696c4c45975e8047068ef65cbf0a1f365a267e [3msafe_block_hash[0m[2m=[0m0x6e9894625da48bc91e6643fa03696c4c45975e8047068ef65cbf0a1f365a267e [3mfinalized_block_hash[0m[2m=[0m0x6e9894625da48bc91e6643fa03696c4c45975e8047068ef65cbf0a1f365a267e
[2m2026-09-23T16:28:47.409610Z[0m [32m INFO[0m [2mpayload_builder[0m[2m:[0m New payload job created [3mid[0m[2m=[0m0x285c31f7ad60c508 [3mparent[0m[2m=[0m0x6e9894625da48bc91e6643fa03696c4c45975e8047068ef65cbf0a1f365a267e
[2m2026-09-23T16:28:47.566813Z[0m [32m INFO[0m [2mreth_node_events::node[0m[2m:[0m Received new payload from consensus engine [3mnumber[0m[2m=[0m7 [3mhash[0m[2m=[0m0xe7566b4abcd10d56baaec9373c429e003405f1d0b76c2248baa1424da073e852
[2m2026-09-23T16:28:47.567290Z[0m [32m INFO[0m [2mengine::tree::payload_validator[0m[2m:[0m State root job finished [3mstrategy[0m[2m=[0m"sparse-trie" [3mstate_root[0m[2m=[0m0x16c21a7c5f7636018636335dfcd1fba75c65108c82329c07e0922cfb94f03530 [3melapsed[0m[2m=[0m65.532µs
[2m2026-09-23T16:28:47.624794Z[0m [32m INFO[0m [2mreth_node_events::node[0m[2m:[0m Block added to canonical chain [3mnumber[0m[2m=[0m7 [3mhash[0m[2m=[0m0xe7566b4abcd10d56baaec9373c429e003405f1d0b76c2248baa1424da073e852 [3mpeers[0m[2m=[0m0 [3mtxs[0m[2m=[0m0 [3mgas_used[0m[2m=[0m110.48Kgas [3mgas_throughput[0m[2m=[0m1.91Mgas/second [3mgas_limit[0m[2m=[0m30.00Mgas [3mfull[0m[2m=[0m0.4% [3mbase_fee[0m[2m=[0m0.39Gwei [3mblobs[0m[2m=[0m0 [3mexcess_blobs[0m[2m=[0m0 [3melapsed[0m[2m=[0m57.909292ms
[2m2026-09-23T16:28:49.680172Z[0m [32m INFO[0m [2mreth_node_events::node[0m[2m:[0m Canonical chain committed [3mnumber[0m[2m=[0m7 [3mhash[0m[2m=[0m0xe7566b4abcd10d56baaec9373c429e003405f1d0b76c2248baa1424da073e852 [3melapsed[0m[2m=[0m41.845µs
[2m2026-09-23T16:28:49.716275Z[0m [32m INFO[0m [2mreth_node_events::node[0m[2m:[0m Forkchoice updated [3mhead_block_hash[0m[2m=[0m0xe7566b4abcd10d56baaec9373c429e003405f1d0b76c2248baa1424da073e852 [3msafe_block_hash[0m[2m=[0m0xe7566b4abcd10d56baaec9373c429e003405f1d0b76c2248baa1424da073e852 [3mfinalized_block_hash[0m[2m=[0m0xe7566b4abcd10d56baaec9373c429e003405f1d0b76c2248baa1424da073e852
[2m2026-09-23T16:28:49.718343Z[0m [32m INFO[0m [2mpayload_builder[0m[2m:[0m New payload job created [3mid[0m[2m=[0m0x1f96b65f7f31f2d9 [3mparent[0m[2m=[0m0xe7566b4abcd10d56baaec9373c429e003405f1d0b76c2248baa1424da073e852
[2m2026-09-23T16:28:49.919774Z[0m [32m INFO[0m [2mreth_node_events::node[0m[2m:[0m Received new payload from consensus engine [3mnumber[0m[2m=[0m8 [3mhash[0m[2m=[0m0x09143c9749ba9b8c48d1453532397c882f8bc9cf9ec9bc8c32a4f65991882787
[2m2026-09-23T16:28:49.920522Z[0m [32m INFO[0m [2mengine::tree::payload_validator[0m[2m:[0m State root job finished [3mstrategy[0m[2m=[0m"sparse-trie" [3mstate_root[0m[2m=[0m0x8f9ae1e0fcfd83af058b91124fbc1e8de354dce71398905f190d5928a29e25db [3melapsed[0m[2m=[0m132.186µs
[2m2026-09-23T16:28:49.955169Z[0m [32m INFO[0m [2mreth_node_events::node[0m[2m:[0m Block added to canonical chain [3mnumber[0m[2m=[0m8 [3mhash[0m[2m=[0m0x09143c9749ba9b8c48d1453532397c882f8bc9cf9ec9bc8c32a4f65991882787 [3mpeers[0m[2m=[0m0 [3mtxs[0m[2m=[0m0 [3mgas_used[0m[2m=[0m110.48Kgas [3mgas_throughput[0m[2m=[0m3.13Mgas/second [3mgas_limit[0m[2m=[0m30.00Mgas [3mfull[0m[2m=[0m0.4% [3mbase_fee[0m[2m=[0m0.34Gwei [3mblobs[0m[2m=[0m0 [3mexcess_blobs[0m[2m=[0m0 [3melapsed[0m[2m=[0m35.266188ms
[2m2026-09-23T16:28:52.800804Z[0m [32m INFO[0m [2mreth_node_events::node[0m[2m:[0m Canonical chain committed [3mnumber[0m[2m=[0m8 [3mhash[0m[2m=[0m0x09143c9749ba9b8c48d1453532397c882f8bc9cf9ec9bc8c32a4f65991882787 [3melapsed[0m[2m=[0m29.94µs
[2m2026-09-23T16:28:52.837327Z[0m [32m INFO[0m [2mreth_node_events::node[0m[2m:[0m Forkchoice updated [3mhead_block_hash[0m[2m=[0m0x09143c9749ba9b8c48d1453532397c882f8bc9cf9ec9bc8c32a4f65991882787 [3msafe_block_hash[0m[2m=[0m0x09143c9749ba9b8c48d1453532397c882f8bc9cf9ec9bc8c32a4f65991882787 [3mfinalized_block_hash[0m[2m=[0m0x09143c9749ba9b8c48d1453532397c882f8bc9cf9ec9bc8c32a4f65991882787
[2m2026-09-23T16:28:53.048476Z[0m [32m INFO[0m [2mreth_node_events::node[0m[2m:[0m Received new payload from consensus engine [3mnumber[0m[2m=[0m9 [3mhash[0m[2m=[0m0x761864c8405fb42807b63a8062aaf7f9bdbeb18fd96a9d001dfa301392a902d2
[2m2026-09-23T16:28:53.049143Z[0m [32m INFO[0m [2mengine::tree::payload_validator[0m[2m:[0m State root job finished [3mstrategy[0m[2m=[0m"sparse-trie" [3mstate_root[0m[2m=[0m0x5f98d5b16d32acba62b49175337d82b0d5ebdb3cd7fa13a4531b535cbd62f4bc [3melapsed[0m[2m=[0m210.833µs
[2m2026-09-23T16:28:53.089589Z[0m [32m INFO[0m [2mreth_node_events::node[0m[2m:[0m Block added to canonical chain [3mnumber[0m[2m=[0m9 [3mhash[0m[2m=[0m0x761864c8405fb42807b63a8062aaf7f9bdbeb18fd96a9d001dfa301392a902d2 [3mpeers[0m[2m=[0m0 [3mtxs[0m[2m=[0m0 [3mgas_used[0m[2m=[0m110.48Kgas [3mgas_throughput[0m[2m=[0m2.69Mgas/second [3mgas_limit[0m[2m=[0m30.00Mgas [3mfull[0m[2m=[0m0.4% [3mbase_fee[0m[2m=[0m0.30Gwei [3mblobs[0m[2m=[0m0 [3mexcess_blobs[0m[2m=[0m0 [3melapsed[0m[2m=[0m41.055231ms
[2m2026-09-23T16:28:55.270254Z[0m [32m INFO[0m [2mreth_node_events::node[0m[2m:[0m Canonical chain committed [3mnumber[0m[2m=[0m9 [3mhash[0m[2m=[0m0x761864c8405fb42807b63a8062aaf7f9bdbeb18fd96a9d001dfa301392a902d2 [3melapsed[0m[2m=[0m35.303µs
[2m2026-09-23T16:28:55.307297Z[0m [32m INFO[0m [2mreth_node_events::node[0m[2m:[0m Forkchoice updated [3mhead_block_hash[0m[2m=[0m0x761864c8405fb42807b63a8062aaf7f9bdbeb18fd96a9d001dfa301392a902d2 [3msafe_block_hash[0m[2m=[0m0x761864c8405fb42807b63a8062aaf7f9bdbeb18fd96a9d001dfa301392a902d2 [3mfinalized_block_hash[0m[2m=[0m0x761864c8405fb42807b63a8062aaf7f9bdbeb18fd96a9d001dfa301392a902d2
[2m2026-09-23T16:28:55.410094Z[0m [32m INFO[0m [2mreth_node_events::node[0m[2m:[0m Received new payload from consensus engine [3mnumber[0m[2m=[0m10 [3mhash[0m[2m=[0m0xa40f3e1f1eb814eb93451169a447f54b302a04aeb2c1f20386a73adf4d82db26
[2m2026-09-23T16:28:55.411077Z[0m [32m INFO[0m [2mengine::tree::payload_validator[0m[2m:[0m State root job finished [3mstrategy[0m[2m=[0m"sparse-trie" [3mstate_root[0m[2m=[0m0xf312ce5bf3056e9e6da270b8840ea86b05f19fdd2bede030177b7a8e34053e43 [3melapsed[0m[2m=[0m211.188µs
[2m2026-09-23T16:28:55.467449Z[0m [32m INFO[0m [2mreth_node_events::node[0m[2m:[0m Block added to canonical chain [3mnumber[0m[2m=[0m10 [3mhash[0m[2m=[0m0xa40f3e1f1eb814eb93451169a447f54b302a04aeb2c1f20386a73adf4d82db26 [3mpeers[0m[2m=[0m0 [3mtxs[0m[2m=[0m0 [3mgas_used[0m[2m=[0m110.48Kgas [3mgas_throughput[0m[2m=[0m1.93Mgas/second [3mgas_limit[0m[2m=[0m30.00Mgas [3mfull[0m[2m=[0m0.4% [3mbase_fee[0m[2m=[0m0.26Gwei [3mblobs[0m[2m=[0m0 [3mexcess_blobs[0m[2m=[0m0 [3melapsed[0m[2m=[0m57.309183ms
[2m2026-09-23T16:28:57.603334Z[0m [32m INFO[0m [2mreth_node_events::node[0m[2m:[0m Canonical chain committed [3mnumber[0m[2m=[0m10 [3mhash[0m[2m=[0m0xa40f3e1f1eb814eb93451169a447f54b302a04aeb2c1f20386a73adf4d82db26 [3melapsed[0m[2m=[0m41.38µs
[2m2026-09-23T16:28:57.660105Z[0m [32m INFO[0m [2mreth_node_events::node[0m[2m:[0m Forkchoice updated [3mhead_block_hash[0m[2m=[0m0xa40f3e1f1eb814eb93451169a447f54b302a04aeb2c1f20386a73adf4d82db26 [3msafe_block_hash[0m[2m=[0m0xa40f3e1f1eb814eb93451169a447f54b302a04aeb2c1f20386a73adf4d82db26 [3mfinalized_block_hash[0m[2m=[0m0xa40f3e1f1eb814eb93451169a447f54b302a04aeb2c1f20386a73adf4d82db26
[2m2026-09-23T16:28:57.661271Z[0m [32m INFO[0m [2mpayload_builder[0m[2m:[0m New payload job created [3mid[0m[2m=[0m0x3932cd10b68a2975 [3mparent[0m[2m=[0m0xa40f3e1f1eb814eb93451169a447f54b302a04aeb2c1f20386a73adf4d82db26
[2m2026-09-23T16:28:57.703442Z[0m [33m WARN[0m [2mlibmdbx[0m[2m:[0m Process stalled, awaiting read-write transaction lock.
[2m2026-09-23T16:28:57.926123Z[0m [32m INFO[0m [2mreth_node_events::node[0m[2m:[0m Received new payload from consensus engine [3mnumber[0m[2m=[0m11 [3mhash[0m[2m=[0m0x1c91981c37e417326fc6055c227915cb8aecd1fe65e359d6749f670cd41cc37a
[2m2026-09-23T16:28:57.926754Z[0m [32m INFO[0m [2mengine::tree::payload_validator[0m[2m:[0m State root job finished [3mstrategy[0m[2m=[0m"sparse-trie" [3mstate_root[0m[2m=[0m0xe90a19eacd6b84bd83013689462333d4ffe327b026093ea7394267805b6259f4 [3melapsed[0m[2m=[0m124.117µs
[2m2026-09-23T16:28:57.981708Z[0m [32m INFO[0m [2mreth_node_events::node[0m[2m:[0m Block added to canonical chain [3mnumber[0m[2m=[0m11 [3mhash[0m[2m=[0m0x1c91981c37e417326fc6055c227915cb8aecd1fe65e359d6749f670cd41cc37a [3mpeers[0m[2m=[0m0 [3mtxs[0m[2m=[0m0 [3mgas_used[0m[2m=[0m110.48Kgas [3mgas_throughput[0m[2m=[0m1.99Mgas/second [3mgas_limit[0m[2m=[0m30.00Mgas [3mfull[0m[2m=[0m0.4% [3mbase_fee[0m[2m=[0m0.23Gwei [3mblobs[0m[2m=[0m0 [3mexcess_blobs[0m[2m=[0m0 [3melapsed[0m[2m=[0m55.500738ms
[2m2026-09-23T16:28:59.799272Z[0m [32m INFO[0m [2mreth_node_events::node[0m[2m:[0m Canonical chain committed [3mnumber[0m[2m=[0m11 [3mhash[0m[2m=[0m0x1c91981c37e417326fc6055c227915cb8aecd1fe65e359d6749f670cd41cc37a [3melapsed[0m[2m=[0m17.717µs
[2m2026-09-23T16:28:59.851913Z[0m [32m INFO[0m [2mreth_node_events::node[0m[2m:[0m Forkchoice updated [3mhead_block_hash[0m[2m=[0m0x1c91981c37e417326fc6055c227915cb8aecd1fe65e359d6749f670cd41cc37a [3msafe_block_hash[0m[2m=[0m0x1c91981c37e417326fc6055c227915cb8aecd1fe65e359d6749f670cd41cc37a [3mfinalized_block_hash[0m[2m=[0m0x1c91981c37e417326fc6055c227915cb8aecd1fe65e359d6749f670cd41cc37a
[2m2026-09-23T16:29:00.048305Z[0m [32m INFO[0m [2mreth_node_events::node[0m[2m:[0m Received new payload from consensus engine [3mnumber[0m[2m=[0m12 [3mhash[0m[2m=[0m0x3b02592dfdbfdf10f40eac7ea217dffd7f96e8c36a62a66690e74281ed92d16d
[2m2026-09-23T16:29:00.049160Z[0m [32m INFO[0m [2mengine::tree::payload_validator[0m[2m:[0m State root job finished [3mstrategy[0m[2m=[0m"sparse-trie" [3mstate_root[0m[2m=[0m0x5d3052c9119f8ba63aee04c4d76b603d7d69e020a5cfdae81cbc192a3b12d96f [3melapsed[0m[2m=[0m259.589µs
[2m2026-09-23T16:29:00.072894Z[0m [32m INFO[0m [2mreth_node_events::node[0m[2m:[0m Block added to canonical chain [3mnumber[0m[2m=[0m12 [3mhash[0m[2m=[0m0x3b02592dfdbfdf10f40eac7ea217dffd7f96e8c36a62a66690e74281ed92d16d [3mpeers[0m[2m=[0m0 [3mtxs[0m[2m=[0m0 [3mgas_used[0m[2m=[0m110.48Kgas [3mgas_throughput[0m[2m=[0m4.61Mgas/second [3mgas_limit[0m[2m=[0m30.00Mgas [3mfull[0m[2m=[0m0.4% [3mbase_fee[0m[2m=[0m0.20Gwei [3mblobs[0m[2m=[0m0 [3mexcess_blobs[0m[2m=[0m0 [3melapsed[0m[2m=[0m23.985206ms
[2m2026-09-23T16:29:01.990708Z[0m [32m INFO[0m [2mreth_node_events::node[0m[2m:[0m Canonical chain committed [3mnumber[0m[2m=[0m12 [3mhash[0m[2m=[0m0x3b02592dfdbfdf10f40eac7ea217dffd7f96e8c36a62a66690e74281ed92d16d [3melapsed[0m[2m=[0m30.315µs
[2m2026-09-23T16:29:02.013482Z[0m [32m INFO[0m [2mreth_node_events::node[0m[2m:[0m Forkchoice updated [3mhead_block_hash[0m[2m=[0m0x3b02592dfdbfdf10f40eac7ea217dffd7f96e8c36a62a66690e74281ed92d16d [3msafe_block_hash[0m[2m=[0m0x3b02592dfdbfdf10f40eac7ea217dffd7f96e8c36a62a66690e74281ed92d16d [3mfinalized_block_hash[0m[2m=[0m0x3b02592dfdbfdf10f40eac7ea217dffd7f96e8c36a62a66690e74281ed92d16d
[2m2026-09-23T16:29:02.014189Z[0m [32m INFO[0m [2mpayload_builder[0m[2m:[0m New payload job created [3mid[0m[2m=[0m0xbbea178048c15c82 [3mparent[0m[2m=[0m0x3b02592dfdbfdf10f40eac7ea217dffd7f96e8c36a62a66690e74281ed92d16d
  PASS: no validator logged divergence or equivocation
3f status: see section 3f (known issue #232; FAIL until fixed)
D1 FAIL (1 lane check(s) failed)
D2C[pair-term] FAIL(lane exited 1; see diagnostics above)
